Module,SubModule,Controller,Action,HttpMethod,Route,RequiredPermission(s),AuthClass,Notes
RBAC & Access,Account-Employee Linking,AccountEmployeeLinksController,GetUser,GET,/api/account-employee-links/users/{userId:guid},AccountEmployeeLink.View,PERMISSION,
RBAC & Access,Account-Employee Linking,AccountEmployeeLinksController,GetEmployee,GET,/api/account-employee-links/employees/{employeeId:guid},AccountEmployeeLink.View,PERMISSION,
RBAC & Access,Account-Employee Linking,AccountEmployeeLinksController,UserCandidates,GET,/api/account-employee-links/candidates/users,"AccountEmployeeLink.View,AccountEmployeeLink.Manage",PERMISSION,
RBAC & Access,Account-Employee Linking,AccountEmployeeLinksController,EmployeeCandidates,GET,/api/account-employee-links/candidates/employees,"AccountEmployeeLink.View,AccountEmployeeLink.Manage",PERMISSION,
RBAC & Access,Account-Employee Linking,AccountEmployeeLinksController,History,GET,/api/account-employee-links/users/{userId:guid}/history,AccountEmployeeLink.ViewHistory,PERMISSION,
RBAC & Access,Account-Employee Linking,AccountEmployeeLinksController,Link,POST,/api/account-employee-links/users/{userId:guid}/link,"AccountEmployeeLink.View,AccountEmployeeLink.Manage",PERMISSION,
RBAC & Access,Account-Employee Linking,AccountEmployeeLinksController,Unlink,POST,/api/account-employee-links/users/{userId:guid}/unlink,"AccountEmployeeLink.View,AccountEmployeeLink.Manage",PERMISSION,
RBAC & Access,Account-Employee Linking,AccountEmployeeLinksController,Replace,POST,/api/account-employee-links/users/{userId:guid}/replace,"AccountEmployeeLink.View,AccountEmployeeLink.Manage",PERMISSION,
Attendance,Admin corrections,AttendanceAdminCorrectionsController,Create,POST,/api/attendance/admin-corrections,Attendance.AdminCorrectionManage,PERMISSION,
Attendance,Admin corrections,AttendanceAdminCorrectionsController,List,GET,/api/attendance/admin-corrections,Attendance.AdminCorrectionManage,PERMISSION,
Attendance,Admin corrections,AttendanceAdminCorrectionsController,Get,GET,/api/attendance/admin-corrections/{id:guid},Attendance.AdminCorrectionManage,PERMISSION,
Attendance,Devices/mappings/sync,AttendanceDevicesController,List,GET,/api/attendance/devices,Attendance.DeviceView,PERMISSION,
Attendance,Devices/mappings/sync,AttendanceDevicesController,Get,GET,/api/attendance/devices/{id:guid},Attendance.DeviceView,PERMISSION,
Attendance,Devices/mappings/sync,AttendanceDevicesController,Create,POST,/api/attendance/devices,Attendance.DeviceManage,PERMISSION,
Attendance,Devices/mappings/sync,AttendanceDevicesController,Update,PUT,/api/attendance/devices/{id:guid},Attendance.DeviceManage,PERMISSION,
Attendance,Devices/mappings/sync,AttendanceDevicesController,Activate,POST,/api/attendance/devices/{id:guid}/activate,Attendance.DeviceManage,PERMISSION,
Attendance,Devices/mappings/sync,AttendanceDevicesController,Deactivate,POST,/api/attendance/devices/{id:guid}/deactivate,Attendance.DeviceManage,PERMISSION,
Attendance,Devices/mappings/sync,AttendanceDevicesController,Disable,POST,/api/attendance/devices/{id:guid}/disable,Attendance.DeviceManage,PERMISSION,
Attendance,Devices/mappings/sync,AttendanceDevicesController,Mappings,GET,/api/attendance/devices/mappings,Attendance.DeviceView,PERMISSION,
Attendance,Devices/mappings/sync,AttendanceDevicesController,CreateMapping,POST,/api/attendance/devices/mappings,Attendance.DeviceMapping,PERMISSION,
Attendance,Devices/mappings/sync,AttendanceDevicesController,UpdateMapping,PUT,/api/attendance/devices/mappings/{id:guid},Attendance.DeviceMapping,PERMISSION,
Attendance,Devices/mappings/sync,AttendanceDevicesController,DeactivateMapping,POST,/api/attendance/devices/mappings/{id:guid}/deactivate,Attendance.DeviceMapping,PERMISSION,
Attendance,Devices/mappings/sync,AttendanceDevicesController,Sync,POST,/api/attendance/devices/{id:guid}/sync,Attendance.DeviceSync,PERMISSION,
Attendance,Devices/mappings/sync,AttendanceDevicesController,Import,POST,/api/attendance/devices/{id:guid}/import,Attendance.DeviceImport,PERMISSION,
Attendance,Devices/mappings/sync,AttendanceDevicesController,SyncRuns,GET,/api/attendance/devices/sync-runs,Attendance.DeviceViewHistory,PERMISSION,
Attendance,Devices/mappings/sync,AttendanceDevicesController,History,GET,/api/attendance/devices/history,Attendance.DeviceViewHistory,PERMISSION,
Attendance,Devices/mappings/sync,AttendanceDevicesController,Health,GET,/api/attendance/devices/health,Attendance.DeviceViewHistory,PERMISSION,
Attendance,Devices/mappings/sync,AttendanceDevicesController,Issues,GET,/api/attendance/devices/issues,Attendance.DeviceView,PERMISSION,
Attendance,Devices/mappings/sync,AttendanceDevicesController,Reprocess,POST,/api/attendance/devices/issues/{id:guid}/reprocess,Attendance.DeviceSync,PERMISSION,
Attendance,Shifts/Patterns/Applicability/Roster,AttendanceFoundationController,Shifts,GET,/api/attendance/shifts,Attendance.View,PERMISSION,
Attendance,Shifts/Patterns/Applicability/Roster,AttendanceFoundationController,CreateShift,POST,/api/attendance/shifts,Attendance.ShiftManage,PERMISSION,
Attendance,Shifts/Patterns/Applicability/Roster,AttendanceFoundationController,UpdateShift,PUT,/api/attendance/shifts/{id:guid},Attendance.ShiftManage,PERMISSION,
Attendance,Shifts/Patterns/Applicability/Roster,AttendanceFoundationController,Patterns,GET,/api/attendance/patterns,Attendance.View,PERMISSION,
Attendance,Shifts/Patterns/Applicability/Roster,AttendanceFoundationController,CreatePattern,POST,/api/attendance/patterns,Attendance.PatternManage,PERMISSION,
Attendance,Shifts/Patterns/Applicability/Roster,AttendanceFoundationController,AddApplicability,POST,/api/attendance/applicability,Attendance.PatternManage,PERMISSION,
Attendance,Shifts/Patterns/Applicability/Roster,AttendanceFoundationController,Applicability,GET,/api/attendance/shift-applicability,Attendance.View,PERMISSION,
Attendance,Shifts/Patterns/Applicability/Roster,AttendanceFoundationController,ApplicabilityById,GET,/api/attendance/shift-applicability/{id:guid},Attendance.View,PERMISSION,
Attendance,Shifts/Patterns/Applicability/Roster,AttendanceFoundationController,UpdateApplicability,PUT,/api/attendance/shift-applicability/{id:guid},Attendance.PatternManage,PERMISSION,
Attendance,Shifts/Patterns/Applicability/Roster,AttendanceFoundationController,DeleteApplicability,DELETE,/api/attendance/shift-applicability/{id:guid},Attendance.PatternManage,PERMISSION,
Attendance,Shifts/Patterns/Applicability/Roster,AttendanceFoundationController,Resolve,GET,/api/attendance/employees/{employeeId:guid}/roster/{date},Attendance.View,PERMISSION,
Attendance,Shifts/Patterns/Applicability/Roster,AttendanceFoundationController,Assign,POST,/api/attendance/roster/assign,Attendance.RosterManage,PERMISSION,
Attendance,Shifts/Patterns/Applicability/Roster,AttendanceFoundationController,RemoveRoster,DELETE,/api/attendance/roster/{employeeId:guid}/{date},Attendance.RosterManage,PERMISSION,
Attendance,Shifts/Patterns/Applicability/Roster,AttendanceFoundationController,Roster,GET,/api/attendance/roster,Attendance.View,PERMISSION,
Attendance,Shifts/Patterns/Applicability/Roster,AttendanceFoundationController,Template,GET,/api/attendance/roster/template,Attendance.RosterUpload,PERMISSION,
Attendance,Shifts/Patterns/Applicability/Roster,AttendanceFoundationController,ValidateUpload,POST,/api/attendance/roster/upload/validate,Attendance.RosterUpload,PERMISSION,
Attendance,Shifts/Patterns/Applicability/Roster,AttendanceFoundationController,CommitUpload,POST,/api/attendance/roster/upload/{batchId:guid}/commit,Attendance.RosterUpload,PERMISSION,
Attendance,Monthly period processing/close,AttendanceMonthlyController,Periods,GET,/api/attendance/periods,Attendance.MonthlyViewAll,PERMISSION,
Attendance,Monthly period processing/close,AttendanceMonthlyController,CreatePeriod,POST,/api/attendance/periods,Attendance.MonthlyProcess,PERMISSION,
Attendance,Monthly period processing/close,AttendanceMonthlyController,GetPeriod,GET,/api/attendance/periods/{periodId:guid},Attendance.MonthlyViewAll,PERMISSION,
Attendance,Monthly period processing/close,AttendanceMonthlyController,Process,POST,/api/attendance/periods/{periodId:guid}/process,Attendance.MonthlyProcess,PERMISSION,
Attendance,Monthly period processing/close,AttendanceMonthlyController,ClosePreview,GET,/api/attendance/periods/{periodId:guid}/close-preview,Attendance.MonthlyViewAll,PERMISSION,
Attendance,Monthly period processing/close,AttendanceMonthlyController,Close,POST,/api/attendance/periods/{periodId:guid}/close,Attendance.MonthlyClose,PERMISSION,
Attendance,Monthly period processing/close,AttendanceMonthlyController,Reopen,POST,/api/attendance/periods/{periodId:guid}/reopen,Attendance.MonthlyReopen,PERMISSION,
Attendance,Monthly period processing/close,AttendanceMonthlyController,Events,GET,/api/attendance/periods/{periodId:guid}/events,Attendance.MonthlyViewAll,PERMISSION,
Attendance,Monthly period processing/close,AttendanceMonthlyController,Summary,GET,/api/attendance/periods/{periodId:guid}/summary,Attendance.MonthlyViewAll,PERMISSION,
Attendance,Monthly period processing/close,AttendanceMonthlyController,Summaries,GET,/api/attendance/periods/{periodId:guid}/summaries,Attendance.MonthlyViewAll,PERMISSION,
Attendance,Monthly period processing/close,AttendanceMonthlyController,MySummaries,GET,/api/attendance/my/monthly-summary,Attendance.MonthlyViewSelf,PERMISSION,
Attendance,Monthly period processing/close,AttendanceMonthlyController,Exceptions,GET,/api/attendance/periods/{periodId:guid}/exceptions,Attendance.ExceptionView,PERMISSION,
Attendance,Exceptions/bulk ops/dashboard,AttendanceOperationsController,Exceptions,GET,/api/attendance/operations/exceptions,Attendance.ExceptionView,PERMISSION,
Attendance,Exceptions/bulk ops/dashboard,AttendanceOperationsController,Dashboard,GET,/api/attendance/operations/dashboard,Attendance.ExceptionView,PERMISSION,
Attendance,Exceptions/bulk ops/dashboard,AttendanceOperationsController,Bulk,POST,/api/attendance/operations/bulk,Attendance.RegularizationApprove,PERMISSION,
Attendance,Exceptions/bulk ops/dashboard,AttendanceOperationsController,Export,GET,/api/attendance/operations/exceptions/export,"Attendance.ExceptionView,Attendance.ReportExport",PERMISSION,
Attendance,Exceptions/bulk ops/dashboard,AttendanceOperationsController,Manual,POST,/api/attendance/operations/manual,Attendance.AdminCorrectionManage,PERMISSION,
Attendance,Exceptions/bulk ops/dashboard,AttendanceOperationsController,BulkCorrections,POST,/api/attendance/operations/bulk-corrections,Attendance.AdminCorrectionManage,PERMISSION,
Attendance,Exceptions/bulk ops/dashboard,AttendanceOperationsController,ResolveException,POST,/api/attendance/operations/exceptions/resolve,Attendance.ExceptionView,PERMISSION,
Attendance,Exceptions/bulk ops/dashboard,AttendanceOperationsController,History,GET,/api/attendance/operations/employees/{employeeId:guid}/history,Attendance.ExceptionView,PERMISSION,
Attendance,Exceptions/bulk ops/dashboard,AttendanceOperationsController,Exceptions,GET,/api/attendance/me/exceptions,Attendance.View,PERMISSION,
Attendance,Employee/Manager attendance views,AttendanceReadController,MyCalendar,GET,/api/attendance/me/calendar,Attendance.View,PERMISSION,
Attendance,Employee/Manager attendance views,AttendanceReadController,MyDay,GET,/api/attendance/me/days/{date},Attendance.View,PERMISSION,
Attendance,Employee/Manager attendance views,AttendanceReadController,ManagerTeam,GET,/api/attendance/manager/team,Attendance.View,PERMISSION,
Attendance,Employee/Manager attendance views,AttendanceReadController,ManagerDay,GET,/api/attendance/manager/team/{employeeId:guid}/{date},Attendance.View,PERMISSION,
Attendance,Attendance Reports,AttendanceReportController,Daily,GET,/api/attendance/reports/daily,Attendance.ReportView,PERMISSION,
Attendance,Attendance Reports,AttendanceReportController,Monthly,GET,/api/attendance/reports/monthly,Attendance.ReportView,PERMISSION,
Attendance,Attendance Reports,AttendanceReportController,Exceptions,GET,/api/attendance/reports/exceptions,"Attendance.ReportView,Attendance.ExceptionView",PERMISSION,
Attendance,Attendance Reports,AttendanceReportController,DailyExport,GET,/api/attendance/reports/daily/export,"Attendance.ReportView,Attendance.ReportExport",PERMISSION,
Attendance,Attendance Reports,AttendanceReportController,MonthlyExport,GET,/api/attendance/reports/monthly/export,"Attendance.ReportView,Attendance.ReportExport",PERMISSION,
Attendance,Attendance Reports,AttendanceReportController,ExceptionsExport,GET,/api/attendance/reports/exceptions/export,"Attendance.ReportView,Attendance.ReportExport,Attendance.ExceptionView",PERMISSION,
Attendance,Regularization & On-Duty,AttendanceWorkflowController,SubmitRegularization,POST,/api/attendance/me/regularizations,Attendance.RegularizationRequest,PERMISSION,
Attendance,Regularization & On-Duty,AttendanceWorkflowController,MyRegularizations,GET,/api/attendance/me/regularizations,Attendance.View,PERMISSION,
Attendance,Regularization & On-Duty,AttendanceWorkflowController,MyRegularization,GET,/api/attendance/me/regularizations/{id:guid},Attendance.View,PERMISSION,
Attendance,Regularization & On-Duty,AttendanceWorkflowController,CancelRegularization,POST,/api/attendance/me/regularizations/{id:guid}/cancel,Attendance.RegularizationRequest,PERMISSION,
Attendance,Regularization & On-Duty,AttendanceWorkflowController,ManagerRegularizations,GET,/api/attendance/manager/regularizations,Attendance.RegularizationApprove,PERMISSION,
Attendance,Regularization & On-Duty,AttendanceWorkflowController,ApproveRegularization,POST,/api/attendance/manager/regularizations/{id:guid}/approve,Attendance.RegularizationApprove,PERMISSION,
Attendance,Regularization & On-Duty,AttendanceWorkflowController,RejectRegularization,POST,/api/attendance/manager/regularizations/{id:guid}/reject,Attendance.RegularizationApprove,PERMISSION,
Attendance,Regularization & On-Duty,AttendanceWorkflowController,SubmitOnDuty,POST,/api/attendance/me/on-duty,Attendance.OnDutyRequest,PERMISSION,
Attendance,Regularization & On-Duty,AttendanceWorkflowController,MyOnDuty,GET,/api/attendance/me/on-duty,Attendance.View,PERMISSION,
Attendance,Regularization & On-Duty,AttendanceWorkflowController,MyOnDutyById,GET,/api/attendance/me/on-duty/{id:guid},Attendance.View,PERMISSION,
Attendance,Regularization & On-Duty,AttendanceWorkflowController,CancelOnDuty,POST,/api/attendance/me/on-duty/{id:guid}/cancel,Attendance.OnDutyRequest,PERMISSION,
Attendance,Regularization & On-Duty,AttendanceWorkflowController,ManagerOnDuty,GET,/api/attendance/manager/on-duty,Attendance.OnDutyApprove,PERMISSION,
Attendance,Regularization & On-Duty,AttendanceWorkflowController,ApproveOnDuty,POST,/api/attendance/manager/on-duty/{id:guid}/approve,Attendance.OnDutyApprove,PERMISSION,
Attendance,Regularization & On-Duty,AttendanceWorkflowController,RejectOnDuty,POST,/api/attendance/manager/on-duty/{id:guid}/reject,Attendance.OnDutyApprove,PERMISSION,
Authentication & Security,Tenant Auth (login/refresh/logout/set-password/forgot-password),AuthController,SetPassword,POST,/api/auth/set-password,,ANONYMOUS,rate-limited
Authentication & Security,Tenant Auth (login/refresh/logout/set-password/forgot-password),AuthController,Login,POST,/api/auth/login,,ANONYMOUS,rate-limited
Authentication & Security,Tenant Auth (login/refresh/logout/set-password/forgot-password),AuthController,ForgotPassword,POST,/api/auth/forgot-password,,ANONYMOUS,rate-limited
Authentication & Security,Tenant Auth (login/refresh/logout/set-password/forgot-password),AuthController,SendOtp,POST,/api/auth/forgot-password/send-otp,,ANONYMOUS,rate-limited
Authentication & Security,Tenant Auth (login/refresh/logout/set-password/forgot-password),AuthController,ResendOtp,POST,/api/auth/forgot-password/resend-otp,,ANONYMOUS,rate-limited
Authentication & Security,Tenant Auth (login/refresh/logout/set-password/forgot-password),AuthController,VerifyOtp,POST,/api/auth/forgot-password/verify-otp,,ANONYMOUS,rate-limited
Authentication & Security,Tenant Auth (login/refresh/logout/set-password/forgot-password),AuthController,ResetPassword,POST,/api/auth/forgot-password/reset,,ANONYMOUS,rate-limited
Authentication & Security,Tenant Auth (login/refresh/logout/set-password/forgot-password),AuthController,Refresh,POST,/api/auth/refresh,,ANONYMOUS,rate-limited
Authentication & Security,Tenant Auth (login/refresh/logout/set-password/forgot-password),AuthController,Logout,POST,/api/auth/logout,,AUTHENTICATED-ONLY (no declared permission),
Authentication & Security,Tenant Auth (login/refresh/logout/set-password/forgot-password),AuthController,Me,GET,/api/auth/me,,AUTHENTICATED-ONLY (no declared permission),
Masters,Geography (City),CitiesController,GetAll,GET,/api/cities,Geography.View,PERMISSION,
Masters,Geography (City),CitiesController,GetById,GET,/api/cities/{id:guid},Geography.View,PERMISSION,
Masters,Geography (City),CitiesController,Create,POST,/api/cities,Geography.Manage,PERMISSION,
Masters,Geography (City),CitiesController,Update,PUT,/api/cities/{id:guid},Geography.Manage,PERMISSION,
Masters,Geography (City),CitiesController,Delete,DELETE,/api/cities/{id:guid},Geography.Manage,PERMISSION,
Attendance,Comp-Off,CompOffController,Balance,GET,/api/attendance/comp-off/balance,Attendance.CompOffViewSelf,PERMISSION,
Attendance,Comp-Off,CompOffController,Earnings,GET,/api/attendance/comp-off/earnings,Attendance.CompOffViewSelf,PERMISSION,
Attendance,Comp-Off,CompOffController,Ledger,GET,/api/attendance/comp-off/ledger,Attendance.CompOffViewSelf,PERMISSION,
Attendance,Comp-Off,CompOffController,Operations,GET,/api/attendance/comp-off/operations,,AUTHENTICATED-ONLY (no declared permission),
Attendance,Comp-Off,CompOffController,CreatePolicy,POST,/api/attendance/comp-off/policies,Attendance.CompOffManage,PERMISSION,
Attendance,Comp-Off,CompOffController,Earn,POST,/api/attendance/comp-off/earnings,Attendance.CompOffManage,PERMISSION,
Attendance,Comp-Off,CompOffController,Approve,POST,/api/attendance/comp-off/earnings/{earningId:guid}/approve,Attendance.CompOffApprove,PERMISSION,
Attendance,Comp-Off,CompOffController,Reject,POST,/api/attendance/comp-off/earnings/{earningId:guid}/reject,Attendance.CompOffApprove,PERMISSION,
Attendance,Comp-Off,CompOffController,Reserve,POST,/api/attendance/comp-off/leave/{leaveRequestId:guid}/reserve,Attendance.CompOffManage,PERMISSION,
Attendance,Comp-Off,CompOffController,Consume,POST,/api/attendance/comp-off/leave/{leaveRequestId:guid}/consume,Attendance.CompOffManage,PERMISSION,
Attendance,Comp-Off,CompOffController,Release,POST,/api/attendance/comp-off/leave/{leaveRequestId:guid}/release,Attendance.CompOffManage,PERMISSION,
Attendance,Comp-Off,CompOffController,Restore,POST,/api/attendance/comp-off/leave/{leaveRequestId:guid}/restore,Attendance.CompOffManage,PERMISSION,
Attendance,Comp-Off,CompOffController,Expire,POST,/api/attendance/comp-off/expiry,Attendance.CompOffManage,PERMISSION,
Masters,Geography (Country),CountriesController,GetAll,GET,/api/countries,Geography.View,PERMISSION,
Masters,Geography (Country),CountriesController,GetById,GET,/api/countries/{id:guid},Geography.View,PERMISSION,
Masters,Geography (Country),CountriesController,Create,POST,/api/countries,Geography.Manage,PERMISSION,
Masters,Geography (Country),CountriesController,Update,PUT,/api/countries/{id:guid},Geography.Manage,PERMISSION,
Masters,Geography (Country),CountriesController,Delete,DELETE,/api/countries/{id:guid},Geography.Manage,PERMISSION,
Masters,Department,DepartmentsController,GetAll,GET,/api/departments,Department.View,PERMISSION,
Masters,Department,DepartmentsController,GetById,GET,/api/departments/{id:guid},Department.View,PERMISSION,
Masters,Department,DepartmentsController,Create,POST,/api/departments,Department.Create,PERMISSION,
Masters,Department,DepartmentsController,Update,PUT,/api/departments/{id:guid},Department.Edit,PERMISSION,
Masters,Department,DepartmentsController,Delete,DELETE,/api/departments/{id:guid},Department.Delete,PERMISSION,
Masters,Designation,DesignationsController,GetAll,GET,/api/designations,Designation.View,PERMISSION,
Masters,Designation,DesignationsController,GetById,GET,/api/designations/{id:guid},Designation.View,PERMISSION,
Masters,Designation,DesignationsController,Create,POST,/api/designations,Designation.Create,PERMISSION,
Masters,Designation,DesignationsController,Update,PUT,/api/designations/{id:guid},Designation.Edit,PERMISSION,
Masters,Designation,DesignationsController,Delete,DELETE,/api/designations/{id:guid},Designation.Delete,PERMISSION,
Employee Management,Employee Code Configuration,EmployeeCodeConfigurationController,Get,GET,/api/employee-code-configuration,EmployeeCodeConfiguration.View,PERMISSION,
Employee Management,Employee Code Configuration,EmployeeCodeConfigurationController,Save,PUT,/api/employee-code-configuration,EmployeeCodeConfiguration.Manage,PERMISSION,
Employee Management,Employee Code Configuration,EmployeeCodeConfigurationController,GetRules,GET,/api/employee-code-configuration/rules,EmployeeCodeConfiguration.View,PERMISSION,
Employee Management,Employee Code Configuration,EmployeeCodeConfigurationController,GetRule,GET,/api/employee-code-configuration/rules/{id:guid},EmployeeCodeConfiguration.View,PERMISSION,
Employee Management,Employee Code Configuration,EmployeeCodeConfigurationController,SaveRule,PUT,/api/employee-code-configuration/rules/{id:guid?},EmployeeCodeConfiguration.Manage,PERMISSION,
Employee Management,Employee Code Configuration,EmployeeCodeConfigurationController,CreateRule,POST,/api/employee-code-configuration/rules,EmployeeCodeConfiguration.Manage,PERMISSION,
Employee Management,Employee Code Configuration,EmployeeCodeConfigurationController,DeleteRule,DELETE,/api/employee-code-configuration/rules/{id:guid},EmployeeCodeConfiguration.Manage,PERMISSION,
Employee Management,Employee Code Configuration,EmployeeCodeConfigurationController,Preview,POST,/api/employee-code-configuration/preview,EmployeeCodeConfiguration.View,PERMISSION,
Payroll,Employee Salary Assignment,EmployeeSalaryAssignmentsController,GetAll,GET,/api/payroll/employee-salary-assignments,Payroll.EmployeeSalaryView,PERMISSION,
Payroll,Employee Salary Assignment,EmployeeSalaryAssignmentsController,GetById,GET,/api/payroll/employee-salary-assignments/{id:guid},Payroll.EmployeeSalaryView,PERMISSION,
Payroll,Employee Salary Assignment,EmployeeSalaryAssignmentsController,ByEmployee,GET,/api/payroll/employee-salary-assignments/by-employee/{employeeId:guid},Payroll.EmployeeSalaryView,PERMISSION,
Payroll,Employee Salary Assignment,EmployeeSalaryAssignmentsController,Effective,GET,/api/payroll/employee-salary-assignments/by-employee/{employeeId:guid}/effective,Payroll.EmployeeSalaryView,PERMISSION,
Payroll,Employee Salary Assignment,EmployeeSalaryAssignmentsController,Create,POST,/api/payroll/employee-salary-assignments,Payroll.EmployeeSalaryManage,PERMISSION,
Payroll,Employee Salary Assignment,EmployeeSalaryAssignmentsController,Update,PUT,/api/payroll/employee-salary-assignments/{id:guid},Payroll.EmployeeSalaryManage,PERMISSION,
Payroll,Employee Salary Assignment,EmployeeSalaryAssignmentsController,SetActive,POST,/api/payroll/employee-salary-assignments/{id:guid}/{actionName},Payroll.EmployeeSalaryManage,PERMISSION,
Payroll,Employee Salary Assignment,EmployeeSalaryAssignmentsController,History,GET,/api/payroll/employee-salary-assignments/{id:guid}/history,Payroll.EmployeeSalaryViewHistory,PERMISSION,
Payroll,Employee Salary Assignment,EmployeeSalaryAssignmentsController,AddComponent,POST,/api/payroll/employee-salary-assignments/{id:guid}/components,Payroll.EmployeeSalaryManage,PERMISSION,
Payroll,Employee Salary Assignment,EmployeeSalaryAssignmentsController,UpdateComponent,PUT,/api/payroll/employee-salary-assignments/{id:guid}/components/{componentId:guid},Payroll.EmployeeSalaryManage,PERMISSION,
Payroll,Employee Salary Assignment,EmployeeSalaryAssignmentsController,RemoveComponent,DELETE,/api/payroll/employee-salary-assignments/{id:guid}/components/{componentId:guid},Payroll.EmployeeSalaryManage,PERMISSION,
Employee Management,Employee sub-resources (contact/address/family/education/prev-emp/bank/supervisor/employment/docs/audit),EmployeeSubResourcesController,GetContact,GET,/api/employees/{id:guid}/contact,Employee.View,PERMISSION,
Employee Management,Employee sub-resources (contact/address/family/education/prev-emp/bank/supervisor/employment/docs/audit),EmployeeSubResourcesController,UpsertContact,PUT,/api/employees/{id:guid}/contact,Employee.Edit,PERMISSION,
Employee Management,Employee sub-resources (contact/address/family/education/prev-emp/bank/supervisor/employment/docs/audit),EmployeeSubResourcesController,GetAddresses,GET,/api/employees/{id:guid}/addresses,Employee.View,PERMISSION,
Employee Management,Employee sub-resources (contact/address/family/education/prev-emp/bank/supervisor/employment/docs/audit),EmployeeSubResourcesController,UpsertAddress,POST,/api/employees/{id:guid}/addresses,Employee.Edit,PERMISSION,
Employee Management,Employee sub-resources (contact/address/family/education/prev-emp/bank/supervisor/employment/docs/audit),EmployeeSubResourcesController,DeleteAddress,DELETE,/api/employees/{id:guid}/addresses/{addressId:guid},Employee.Edit,PERMISSION,
Employee Management,Employee sub-resources (contact/address/family/education/prev-emp/bank/supervisor/employment/docs/audit),EmployeeSubResourcesController,GetFamily,GET,/api/employees/{id:guid}/family,Employee.View,PERMISSION,
Employee Management,Employee sub-resources (contact/address/family/education/prev-emp/bank/supervisor/employment/docs/audit),EmployeeSubResourcesController,CreateFamily,POST,/api/employees/{id:guid}/family,Employee.Edit,PERMISSION,
Employee Management,Employee sub-resources (contact/address/family/education/prev-emp/bank/supervisor/employment/docs/audit),EmployeeSubResourcesController,UpdateFamily,PUT,/api/employees/{id:guid}/family/{familyId:guid},Employee.Edit,PERMISSION,
Employee Management,Employee sub-resources (contact/address/family/education/prev-emp/bank/supervisor/employment/docs/audit),EmployeeSubResourcesController,DeleteFamily,DELETE,/api/employees/{id:guid}/family/{familyId:guid},Employee.Edit,PERMISSION,
Employee Management,Employee sub-resources (contact/address/family/education/prev-emp/bank/supervisor/employment/docs/audit),EmployeeSubResourcesController,GetEducation,GET,/api/employees/{id:guid}/education,Employee.View,PERMISSION,
Employee Management,Employee sub-resources (contact/address/family/education/prev-emp/bank/supervisor/employment/docs/audit),EmployeeSubResourcesController,CreateEducation,POST,/api/employees/{id:guid}/education,Employee.Edit,PERMISSION,
Employee Management,Employee sub-resources (contact/address/family/education/prev-emp/bank/supervisor/employment/docs/audit),EmployeeSubResourcesController,UpdateEducation,PUT,/api/employees/{id:guid}/education/{educationId:guid},Employee.Edit,PERMISSION,
Employee Management,Employee sub-resources (contact/address/family/education/prev-emp/bank/supervisor/employment/docs/audit),EmployeeSubResourcesController,DeleteEducation,DELETE,/api/employees/{id:guid}/education/{educationId:guid},Employee.Edit,PERMISSION,
Employee Management,Employee sub-resources (contact/address/family/education/prev-emp/bank/supervisor/employment/docs/audit),EmployeeSubResourcesController,GetPreviousEmployment,GET,/api/employees/{id:guid}/previous-employment,Employee.View,PERMISSION,
Employee Management,Employee sub-resources (contact/address/family/education/prev-emp/bank/supervisor/employment/docs/audit),EmployeeSubResourcesController,CreatePreviousEmployment,POST,/api/employees/{id:guid}/previous-employment,Employee.Edit,PERMISSION,
Employee Management,Employee sub-resources (contact/address/family/education/prev-emp/bank/supervisor/employment/docs/audit),EmployeeSubResourcesController,UpdatePreviousEmployment,PUT,/api/employees/{id:guid}/previous-employment/{previousEmploymentId:guid},Employee.Edit,PERMISSION,
Employee Management,Employee sub-resources (contact/address/family/education/prev-emp/bank/supervisor/employment/docs/audit),EmployeeSubResourcesController,DeletePreviousEmployment,DELETE,/api/employees/{id:guid}/previous-employment/{previousEmploymentId:guid},Employee.Edit,PERMISSION,
Employee Management,Employee sub-resources (contact/address/family/education/prev-emp/bank/supervisor/employment/docs/audit),EmployeeSubResourcesController,GetBankDetails,GET,/api/employees/{id:guid}/bank-details,Employee.View,PERMISSION,
Employee Management,Employee sub-resources (contact/address/family/education/prev-emp/bank/supervisor/employment/docs/audit),EmployeeSubResourcesController,GetBankDetailForEdit,GET,/api/employees/{id:guid}/bank-details/{bankDetailId:guid}/sensitive-details,"Employee.View,EmployeeSensitive.View",PERMISSION,
Employee Management,Employee sub-resources (contact/address/family/education/prev-emp/bank/supervisor/employment/docs/audit),EmployeeSubResourcesController,CreateBankDetail,POST,/api/employees/{id:guid}/bank-details,"Employee.Edit,EmployeeSensitive.Edit",PERMISSION,
Employee Management,Employee sub-resources (contact/address/family/education/prev-emp/bank/supervisor/employment/docs/audit),EmployeeSubResourcesController,UpdateBankDetail,PUT,/api/employees/{id:guid}/bank-details/{bankDetailId:guid},"Employee.Edit,EmployeeSensitive.Edit",PERMISSION,
Employee Management,Employee sub-resources (contact/address/family/education/prev-emp/bank/supervisor/employment/docs/audit),EmployeeSubResourcesController,DeleteBankDetail,DELETE,/api/employees/{id:guid}/bank-details/{bankDetailId:guid},"Employee.Edit,EmployeeSensitive.Edit",PERMISSION,
Employee Management,Employee sub-resources (contact/address/family/education/prev-emp/bank/supervisor/employment/docs/audit),EmployeeSubResourcesController,GetSupervisor,GET,/api/employees/{id:guid}/supervisor,Employee.View,PERMISSION,
Employee Management,Employee sub-resources (contact/address/family/education/prev-emp/bank/supervisor/employment/docs/audit),EmployeeSubResourcesController,UpsertSupervisor,PUT,/api/employees/{id:guid}/supervisor,Employee.Edit,PERMISSION,
Employee Management,Employee sub-resources (contact/address/family/education/prev-emp/bank/supervisor/employment/docs/audit),EmployeeSubResourcesController,GetSupervisorOptions,GET,/api/employees/{id:guid}/supervisor-options,Employee.View,PERMISSION,
Employee Management,Employee sub-resources (contact/address/family/education/prev-emp/bank/supervisor/employment/docs/audit),EmployeeSubResourcesController,GetAdditionalInfo,GET,/api/employees/{id:guid}/additional-info,Employee.View,PERMISSION,
Employee Management,Employee sub-resources (contact/address/family/education/prev-emp/bank/supervisor/employment/docs/audit),EmployeeSubResourcesController,UpsertAdditionalInfo,PUT,/api/employees/{id:guid}/additional-info,Employee.Edit,PERMISSION,
Employee Management,Employee sub-resources (contact/address/family/education/prev-emp/bank/supervisor/employment/docs/audit),EmployeeSubResourcesController,GetEmployment,GET,/api/employees/{id:guid}/employment,EmploymentHistory.View,PERMISSION,
Employee Management,Employee sub-resources (contact/address/family/education/prev-emp/bank/supervisor/employment/docs/audit),EmployeeSubResourcesController,UpsertEmployment,PUT,/api/employees/{id:guid}/employment,EmploymentHistory.Change,PERMISSION,
Employee Management,Employee sub-resources (contact/address/family/education/prev-emp/bank/supervisor/employment/docs/audit),EmployeeSubResourcesController,GetEmploymentHistory,GET,/api/employees/{id:guid}/employment-history,EmploymentHistory.View,PERMISSION,
Employee Management,Employee sub-resources (contact/address/family/education/prev-emp/bank/supervisor/employment/docs/audit),EmployeeSubResourcesController,GetCurrentEmployment,GET,/api/employees/{id:guid}/employment-history/current,EmploymentHistory.View,PERMISSION,
Employee Management,Employee sub-resources (contact/address/family/education/prev-emp/bank/supervisor/employment/docs/audit),EmployeeSubResourcesController,CreateEmploymentChange,POST,/api/employees/{id:guid}/employment-history,EmploymentHistory.Change,PERMISSION,
Employee Management,Employee sub-resources (contact/address/family/education/prev-emp/bank/supervisor/employment/docs/audit),EmployeeSubResourcesController,GetDocuments,GET,/api/employees/{id:guid}/documents,Employee.View,PERMISSION,
Employee Management,Employee sub-resources (contact/address/family/education/prev-emp/bank/supervisor/employment/docs/audit),EmployeeSubResourcesController,UploadDocument,POST,/api/employees/{id:guid}/documents,Employee.Edit,PERMISSION,
Employee Management,Employee sub-resources (contact/address/family/education/prev-emp/bank/supervisor/employment/docs/audit),EmployeeSubResourcesController,DeleteDocument,DELETE,/api/employees/{id:guid}/documents/{documentId:guid},Employee.Edit,PERMISSION,
Employee Management,Employee sub-resources (contact/address/family/education/prev-emp/bank/supervisor/employment/docs/audit),EmployeeSubResourcesController,GetAuditLog,GET,/api/employees/{id:guid}/audit-log,Employee.View,PERMISSION,
Employee Management,Employee core + portal account + export,EmployeesController,GetPortalAccount,GET,/api/employees/{id:guid}/portal-account,User.View,PERMISSION,
Employee Management,Employee core + portal account + export,EmployeesController,CreatePortalAccount,POST,/api/employees/{id:guid}/portal-account,User.Create,PERMISSION,
Employee Management,Employee core + portal account + export,EmployeesController,ResendPortalInvite,POST,/api/employees/{id:guid}/portal-account/resend-invite,User.Create,PERMISSION,
Employee Management,Employee core + portal account + export,EmployeesController,RevokePortalInvite,POST,/api/employees/{id:guid}/portal-account/revoke-invite,User.Create,PERMISSION,
Employee Management,Employee core + portal account + export,EmployeesController,GetAll,GET,/api/employees,Employee.View,PERMISSION,
Employee Management,Employee core + portal account + export,EmployeesController,GetById,GET,/api/employees/{id:guid},Employee.View,PERMISSION,
Employee Management,Employee core + portal account + export,EmployeesController,GetSensitiveDetails,GET,/api/employees/{id:guid}/sensitive-details,"Employee.View,EmployeeSensitive.View",PERMISSION,
Employee Management,Employee core + portal account + export,EmployeesController,Create,POST,/api/employees,"Employee.Create,EmployeeSensitive.Edit",PERMISSION,
Employee Management,Employee core + portal account + export,EmployeesController,Update,PUT,/api/employees/{id:guid},"Employee.Edit,EmployeeSensitive.Edit",PERMISSION,
Employee Management,Employee core + portal account + export,EmployeesController,CreatePersonalDetails,POST,/api/employees/personal-details,Employee.Create,PERMISSION,
Employee Management,Employee core + portal account + export,EmployeesController,UpdatePersonalDetails,PUT,/api/employees/{id:guid}/personal-details,Employee.Edit,PERMISSION,
Employee Management,Employee core + portal account + export,EmployeesController,Delete,DELETE,/api/employees/{id:guid},Employee.Delete,PERMISSION,
Employee Management,Employee core + portal account + export,EmployeesController,Export,GET,/api/employees/export,Employee.Export,PERMISSION,
Leave,HR Leave Dashboard,HrLeaveDashboardController,GetSummary,GET,/api/leave-dashboard/hr-summary,Leave.DashboardViewAll,PERMISSION,
Employee Management,Employee Import Batches,ImportBatchController,GetBatches,GET,/api/import,Employee.Import,PERMISSION,
Employee Management,Employee Import Batches,ImportBatchController,GetBatch,GET,/api/import/{batchId:guid},Employee.Import,PERMISSION,
Employee Management,Employee Import Batches,ImportBatchController,CreateBatch,POST,/api/import,Employee.Import,PERMISSION,
Employee Management,Employee Import Batches,ImportBatchController,DeleteBatch,DELETE,/api/import/{batchId:guid},Employee.Import,PERMISSION,
Leave,Approval Inbox,LeaveApprovalsController,GetInbox,GET,/api/leave-approvals,Leave.Approve,PERMISSION,
Leave,Approval Inbox,LeaveApprovalsController,GetById,GET,/api/leave-approvals/{requestId:guid},Leave.Approve,PERMISSION,
Leave,Balance Import,LeaveBalanceImportsController,Template,GET,/api/leave-balances/import/template,Leave.BalanceImport,PERMISSION,
Leave,Balance Import,LeaveBalanceImportsController,Validate,POST,/api/leave-balances/import/validate,Leave.BalanceImport,PERMISSION,
Leave,Balance Import,LeaveBalanceImportsController,Commit,POST,/api/leave-balances/import/{batchId:guid}/commit,Leave.BalanceImport,PERMISSION,
Leave,Balance Import,LeaveBalanceImportsController,Get,GET,/api/leave-balances/import/{batchId:guid},Leave.BalanceImport,PERMISSION,
Leave,Balance Import,LeaveBalanceImportsController,Errors,GET,/api/leave-balances/import/{batchId:guid}/errors,Leave.BalanceImport,PERMISSION,
Leave,Balance Import,LeaveBalanceImportsController,History,GET,/api/leave-balances/import/history,Leave.BalanceViewImportHistory,PERMISSION,
Leave,Balances,LeaveBalanceSummaryController,GetMine,GET,/api/leave-balances/mine,Leave.BalanceViewOwn,PERMISSION,
Leave,Leave Calendar,LeaveCalendarController,Get,GET,/api/leave-calendar,Leave.RequestViewOwn,PERMISSION,
Leave,Leave Periods,LeavePeriodsController,GetAll,GET,/api/leave-periods,Leave.PolicyView,PERMISSION,
Leave,Leave Periods,LeavePeriodsController,Get,GET,/api/leave-periods/{id:guid},Leave.PolicyView,PERMISSION,
Leave,Leave Periods,LeavePeriodsController,Create,POST,/api/leave-periods,Leave.PeriodManage,PERMISSION,
Leave,Leave Periods,LeavePeriodsController,Update,PUT,/api/leave-periods/{id:guid},Leave.PeriodManage,PERMISSION,
Leave,Leave Policies (versions & rules),LeavePoliciesController,GetAll,GET,/api/leave-policies,Leave.PolicyView,PERMISSION,
Leave,Leave Policies (versions & rules),LeavePoliciesController,Get,GET,/api/leave-policies/{policyId:guid},Leave.PolicyView,PERMISSION,
Leave,Leave Policies (versions & rules),LeavePoliciesController,Create,POST,/api/leave-policies,Leave.PolicyManage,PERMISSION,
Leave,Leave Policies (versions & rules),LeavePoliciesController,Update,PUT,/api/leave-policies/{policyId:guid},Leave.PolicyManage,PERMISSION,
Leave,Leave Policies (versions & rules),LeavePoliciesController,Editor,GET,/api/leave-policies/{policyId:guid}/editor,Leave.PolicyView,PERMISSION,
Leave,Leave Policies (versions & rules),LeavePoliciesController,BeginEdit,POST,/api/leave-policies/{policyId:guid}/edit,Leave.PolicyManage,PERMISSION,
Leave,Leave Policies (versions & rules),LeavePoliciesController,Test,POST,/api/leave-policies/test,Leave.PolicyView,PERMISSION,
Leave,Leave Policies (versions & rules),LeavePoliciesController,Versions,GET,/api/leave-policies/{policyId:guid}/versions,Leave.PolicyView,PERMISSION,
Leave,Leave Policies (versions & rules),LeavePoliciesController,Version,GET,/api/leave-policies/{policyId:guid}/versions/{versionId:guid},Leave.PolicyView,PERMISSION,
Leave,Leave Policies (versions & rules),LeavePoliciesController,CreateVersion,POST,/api/leave-policies/{policyId:guid}/versions,Leave.PolicyManage,PERMISSION,
Leave,Leave Policies (versions & rules),LeavePoliciesController,UpdateVersion,PUT,/api/leave-policies/{policyId:guid}/versions/{versionId:guid},Leave.PolicyManage,PERMISSION,
Leave,Leave Policies (versions & rules),LeavePoliciesController,LeaveTypes,GET,/api/leave-policies/{policyId:guid}/versions/{versionId:guid}/leave-types,Leave.PolicyView,PERMISSION,
Leave,Leave Policies (versions & rules),LeavePoliciesController,SetLeaveTypes,PUT,/api/leave-policies/{policyId:guid}/versions/{versionId:guid}/leave-types,Leave.PolicyManage,PERMISSION,
Leave,Leave Policies (versions & rules),LeavePoliciesController,Applicability,GET,/api/leave-policies/{policyId:guid}/versions/{versionId:guid}/applicability,Leave.PolicyView,PERMISSION,
Leave,Leave Policies (versions & rules),LeavePoliciesController,SetApplicability,PUT,/api/leave-policies/{policyId:guid}/versions/{versionId:guid}/applicability,Leave.PolicyManage,PERMISSION,
Leave,Leave Policies (versions & rules),LeavePoliciesController,Eligibility,GET,/api/leave-policies/{policyId:guid}/versions/{versionId:guid}/leave-types/{leaveTypeId:guid}/eligibility,Leave.PolicyView,PERMISSION,
Leave,Leave Policies (versions & rules),LeavePoliciesController,SetEligibility,PUT,/api/leave-policies/{policyId:guid}/versions/{versionId:guid}/leave-types/{leaveTypeId:guid}/eligibility,Leave.PolicyManage,PERMISSION,
Leave,Leave Policies (versions & rules),LeavePoliciesController,Entitlement,GET,/api/leave-policies/{policyId:guid}/versions/{versionId:guid}/leave-types/{leaveTypeId:guid}/entitlement,Leave.PolicyView,PERMISSION,
Leave,Leave Policies (versions & rules),LeavePoliciesController,SetEntitlement,PUT,/api/leave-policies/{policyId:guid}/versions/{versionId:guid}/leave-types/{leaveTypeId:guid}/entitlement,Leave.PolicyManage,PERMISSION,
Leave,Leave Policies (versions & rules),LeavePoliciesController,RequestRules,GET,/api/leave-policies/{policyId:guid}/versions/{versionId:guid}/leave-types/{leaveTypeId:guid}/request-rules,Leave.PolicyView,PERMISSION,
Leave,Leave Policies (versions & rules),LeavePoliciesController,SetRequestRules,PUT,/api/leave-policies/{policyId:guid}/versions/{versionId:guid}/leave-types/{leaveTypeId:guid}/request-rules,Leave.PolicyManage,PERMISSION,
Leave,Leave Policies (versions & rules),LeavePoliciesController,Calendar,GET,/api/leave-policies/{policyId:guid}/versions/{versionId:guid}/leave-types/{leaveTypeId:guid}/calendar,Leave.PolicyView,PERMISSION,
Leave,Leave Policies (versions & rules),LeavePoliciesController,SetCalendar,PUT,/api/leave-policies/{policyId:guid}/versions/{versionId:guid}/leave-types/{leaveTypeId:guid}/calendar,Leave.PolicyManage,PERMISSION,
Leave,Leave Policies (versions & rules),LeavePoliciesController,Attachments,GET,/api/leave-policies/{policyId:guid}/versions/{versionId:guid}/leave-types/{leaveTypeId:guid}/attachments,Leave.PolicyView,PERMISSION,
Leave,Leave Policies (versions & rules),LeavePoliciesController,SetAttachments,PUT,/api/leave-policies/{policyId:guid}/versions/{versionId:guid}/leave-types/{leaveTypeId:guid}/attachments,Leave.PolicyManage,PERMISSION,
Leave,Leave Policies (versions & rules),LeavePoliciesController,Clubbing,GET,/api/leave-policies/{policyId:guid}/versions/{versionId:guid}/clubbing,Leave.PolicyView,PERMISSION,
Leave,Leave Policies (versions & rules),LeavePoliciesController,SetClubbing,PUT,/api/leave-policies/{policyId:guid}/versions/{versionId:guid}/clubbing,Leave.PolicyManage,PERMISSION,
Leave,Leave Policies (versions & rules),LeavePoliciesController,Cancellation,GET,/api/leave-policies/{policyId:guid}/versions/{versionId:guid}/leave-types/{leaveTypeId:guid}/cancellation,Leave.PolicyView,PERMISSION,
Leave,Leave Policies (versions & rules),LeavePoliciesController,SetCancellation,PUT,/api/leave-policies/{policyId:guid}/versions/{versionId:guid}/leave-types/{leaveTypeId:guid}/cancellation,Leave.PolicyManage,PERMISSION,
Leave,Leave Policies (versions & rules),LeavePoliciesController,Validate,POST,/api/leave-policies/{policyId:guid}/versions/{versionId:guid}/validate,Leave.PolicyManage,PERMISSION,
Leave,Leave Policies (versions & rules),LeavePoliciesController,Publish,POST,/api/leave-policies/{policyId:guid}/versions/{versionId:guid}/publish,Leave.PolicyPublish,PERMISSION,
Leave,Leave Policies (versions & rules),LeavePoliciesController,Retire,POST,/api/leave-policies/{policyId:guid}/versions/{versionId:guid}/retire,Leave.PolicyPublish,PERMISSION,
Leave,Leave Reports,LeaveReportsController,Requests,GET,/api/leave-reports/requests,Leave.ReportsView,PERMISSION,
Leave,Leave Reports,LeaveReportsController,EmployeeHistory,GET,/api/leave-reports/employees/{employeeId:guid}/history,Leave.ReportsView,PERMISSION,
Leave,Leave Reports,LeaveReportsController,Balances,GET,/api/leave-reports/balances,Leave.ReportsView,PERMISSION,
Leave,Leave Reports,LeaveReportsController,Usage,GET,/api/leave-reports/usage,Leave.ReportsView,PERMISSION,
Leave,Leave Reports,LeaveReportsController,Accounting,GET,/api/leave-reports/accounting,Leave.ReportsView,PERMISSION,
Leave,Leave Reports,LeaveReportsController,Pending,GET,/api/leave-reports/pending,Leave.ReportsView,PERMISSION,
Leave,Leave Reports,LeaveReportsController,Organization,GET,/api/leave-reports/organization,Leave.ReportsView,PERMISSION,
Leave,Leave Reports,LeaveReportsController,Calendar,GET,/api/leave-reports/calendar,Leave.ReportsView,PERMISSION,
Leave,Leave Reports,LeaveReportsController,Export,GET,/api/leave-reports/{report}/export.csv,Leave.ReportsExport,PERMISSION,
Leave,Request Options,LeaveRequestOptionsController,GetLeaveTypes,GET,/api/leave-types/available,Leave.TypeViewAvailable,PERMISSION,
Leave,Leave Requests (submit/approve/withdraw/cancel),LeaveRequestsController,GetMine,GET,/api/leave-requests,Leave.RequestViewOwn,PERMISSION,
Leave,Leave Requests (submit/approve/withdraw/cancel),LeaveRequestsController,GetMineById,GET,/api/leave-requests/{requestId:guid},Leave.RequestViewOwn,PERMISSION,
Leave,Leave Requests (submit/approve/withdraw/cancel),LeaveRequestsController,Preview,POST,/api/leave-requests/preview,Leave.RequestCreate,PERMISSION,
Leave,Leave Requests (submit/approve/withdraw/cancel),LeaveRequestsController,Submit,POST,/api/leave-requests,Leave.RequestCreate,PERMISSION,
Leave,Leave Requests (submit/approve/withdraw/cancel),LeaveRequestsController,Approve,POST,/api/leave-requests/{requestId:guid}/approve,Leave.Approve,PERMISSION,
Leave,Leave Requests (submit/approve/withdraw/cancel),LeaveRequestsController,Reject,POST,/api/leave-requests/{requestId:guid}/reject,Leave.Approve,PERMISSION,
Leave,Leave Requests (submit/approve/withdraw/cancel),LeaveRequestsController,Withdraw,POST,/api/leave-requests/{requestId:guid}/withdraw,Leave.RequestWithdrawOwn,PERMISSION,
Leave,Leave Requests (submit/approve/withdraw/cancel),LeaveRequestsController,Cancel,POST,/api/leave-requests/{requestId:guid}/cancel,Leave.RequestCancelOwn,PERMISSION,
Leave,Leave Types,LeaveTypesController,GetAll,GET,/api/leave-types,Leave.PolicyView,PERMISSION,
Leave,Leave Types,LeaveTypesController,Get,GET,/api/leave-types/{id:guid},Leave.PolicyView,PERMISSION,
Leave,Leave Types,LeaveTypesController,Create,POST,/api/leave-types,Leave.TypeManage,PERMISSION,
Leave,Leave Types,LeaveTypesController,Update,PUT,/api/leave-types/{id:guid},Leave.TypeManage,PERMISSION,
Leave,Holidays & Weekly-off,LeaveWorkingDayConfigurationController,GetHolidays,GET,/api/holidays,Leave.PolicyView,PERMISSION,
Leave,Holidays & Weekly-off,LeaveWorkingDayConfigurationController,CreateHoliday,POST,/api/holidays,Leave.PolicyManage,PERMISSION,
Leave,Holidays & Weekly-off,LeaveWorkingDayConfigurationController,UpdateHoliday,PUT,/api/holidays/{id:guid},Leave.PolicyManage,PERMISSION,
Leave,Holidays & Weekly-off,LeaveWorkingDayConfigurationController,DeactivateHoliday,DELETE,/api/holidays/{id:guid},Leave.PolicyManage,PERMISSION,
Leave,Holidays & Weekly-off,LeaveWorkingDayConfigurationController,GetWeeklyOffs,GET,/api/weekly-off-configurations,Leave.PolicyView,PERMISSION,
Leave,Holidays & Weekly-off,LeaveWorkingDayConfigurationController,CreateWeeklyOff,POST,/api/weekly-off-configurations,Leave.PolicyManage,PERMISSION,
Leave,Holidays & Weekly-off,LeaveWorkingDayConfigurationController,UpdateWeeklyOff,PUT,/api/weekly-off-configurations/{id:guid},Leave.PolicyManage,PERMISSION,
Masters,Master Import,MasterImportController,Template,GET,/api/master-import/{kind}/template,Geography.Manage,PERMISSION,
Masters,Master Import,MasterImportController,Validate,POST,/api/master-import/{kind}/validate,Geography.Manage,PERMISSION,
Masters,Master Import,MasterImportController,Confirm,POST,/api/master-import/{kind}/confirm,Geography.Manage,PERMISSION,
Masters,Master Lookups (dropdown data),MasterLookupController,GetHoldingCompanies,GET,/api/master-data/holding-companies,Department.View,PERMISSION,
Masters,Master Lookups (dropdown data),MasterLookupController,GetLinesOfBusiness,GET,/api/master-data/lines-of-business,Department.View,PERMISSION,
Masters,Master Lookups (dropdown data),MasterLookupController,GetOrganisations,GET,/api/master-data/organisations,Department.View,PERMISSION,
Masters,Master Lookups (dropdown data),MasterLookupController,GetDepartments,GET,/api/master-data/departments,Department.View,PERMISSION,
Masters,Master Lookups (dropdown data),MasterLookupController,GetBanks,GET,/api/master-data/banks,Department.View,PERMISSION,
Masters,Master Lookups (dropdown data),MasterLookupController,GetSubDepartments,GET,/api/master-data/sub-departments,Department.View,PERMISSION,
Masters,Master Lookups (dropdown data),MasterLookupController,GetSections,GET,/api/master-data/sections,Department.View,PERMISSION,
Masters,Master Lookups (dropdown data),MasterLookupController,GetSubSections,GET,/api/master-data/sub-sections,Department.View,PERMISSION,
Masters,Master Lookups (dropdown data),MasterLookupController,GetFunctions,GET,/api/master-data/functions,Department.View,PERMISSION,
Masters,Master Lookups (dropdown data),MasterLookupController,GetSubFunctions,GET,/api/master-data/sub-functions,Department.View,PERMISSION,
Masters,Master Lookups (dropdown data),MasterLookupController,GetGrades,GET,/api/master-data/grades,Department.View,PERMISSION,
Masters,Master Lookups (dropdown data),MasterLookupController,GetDesignations,GET,/api/master-data/designations,Designation.View,PERMISSION,
Masters,Master Lookups (dropdown data),MasterLookupController,GetEmployeeTypes,GET,/api/master-data/employee-types,Department.View,PERMISSION,
Masters,Master Lookups (dropdown data),MasterLookupController,GetWorkLocations,GET,/api/master-data/work-locations,Department.View,PERMISSION,
Masters,Master Lookups (dropdown data),MasterLookupController,GetCostCenters,GET,/api/master-data/cost-centers,Department.View,PERMISSION,
Masters,Master Lookups (dropdown data),MasterLookupController,GetPositionChangeReasons,GET,/api/master-data/position-change-reasons,EmploymentHistory.View,PERMISSION,
Masters,Generic Master CRUD (kind-based),MasterManagementController,Get,GET,/api/masters/{kind},Geography.View,PERMISSION,
Masters,Generic Master CRUD (kind-based),MasterManagementController,GetById,GET,/api/masters/{kind}/{id:guid},Geography.View,PERMISSION,
Masters,Generic Master CRUD (kind-based),MasterManagementController,Create,POST,/api/masters/{kind},Geography.Manage,PERMISSION,
Masters,Generic Master CRUD (kind-based),MasterManagementController,Update,PUT,/api/masters/{kind}/{id:guid},Geography.Manage,PERMISSION,
Masters,Generic Master CRUD (kind-based),MasterManagementController,Delete,DELETE,/api/masters/{kind}/{id:guid},Geography.Manage,PERMISSION,
Authentication & Security,Self profile / change password,MeController,GetProfile,GET,/api/me/profile,,AUTHENTICATED-ONLY (no declared permission),
Authentication & Security,Self profile / change password,MeController,ChangePassword,POST,/api/me/change-password,,AUTHENTICATED-ONLY (no declared permission),
Attendance,Overtime,OvertimeController,CreatePolicy,POST,/api/attendance/overtime/policies,Attendance.OvertimeFinalize,PERMISSION,
Attendance,Overtime,OvertimeController,CreateRequest,POST,/api/attendance/overtime/requests,Attendance.OvertimeRequest,PERMISSION,
Attendance,Overtime,OvertimeController,Submit,POST,/api/attendance/overtime/requests/{id:guid}/submit,Attendance.OvertimeRequest,PERMISSION,
Attendance,Overtime,OvertimeController,Approve,POST,/api/attendance/overtime/requests/{id:guid}/approve,Attendance.OvertimeApprove,PERMISSION,
Attendance,Overtime,OvertimeController,Reject,POST,/api/attendance/overtime/requests/{id:guid}/reject,Attendance.OvertimeApprove,PERMISSION,
Attendance,Overtime,OvertimeController,Correct,POST,/api/attendance/overtime/requests/{id:guid}/correct,Attendance.OvertimeApprove,PERMISSION,
Attendance,Overtime,OvertimeController,Finalize,POST,/api/attendance/overtime/periods/{attendancePeriodId:guid}/finalize,Attendance.OvertimeFinalize,PERMISSION,
Attendance,Overtime,OvertimeController,Reopen,POST,/api/attendance/overtime/periods/{attendancePeriodId:guid}/reopen,Attendance.OvertimeReopen,PERMISSION,
Attendance,Overtime,OvertimeController,Snapshot,GET,/api/attendance/overtime/snapshot,Attendance.OvertimeViewAll,PERMISSION,
RBAC & Access,Page Access Management + Navigation,PageAccessController,Roles,GET,/api/page-access/roles,PageAccess.View,PERMISSION,
RBAC & Access,Page Access Management + Navigation,PageAccessController,Matrix,GET,/api/page-access/roles/{roleId:int},PageAccess.View,PERMISSION,
RBAC & Access,Page Access Management + Navigation,PageAccessController,Update,PUT,/api/page-access/roles/{roleId:int},PageAccess.Manage,PERMISSION,
RBAC & Access,Page Access Management + Navigation,PageAccessController,UserPreview,GET,/api/page-access/users/{userId:guid}/preview,PageAccess.View,PERMISSION,
RBAC & Access,Page Access Management + Navigation,PageAccessController,Users,GET,/api/page-access/users,PageAccess.View,PERMISSION,
RBAC & Access,Page Access Management + Navigation,PageAccessController,History,GET,/api/page-access/history,PageAccess.View,PERMISSION,
RBAC & Access,Page Access Management + Navigation,PageAccessController,Get,GET,/api/auth/navigation,,AUTHENTICATED-ONLY (no declared permission),
Payroll,Adjustments,PayrollAdjustmentsController,Get,GET,/api/payroll/adjustments,Payroll.AdjustmentsView,PERMISSION,
Payroll,Adjustments,PayrollAdjustmentsController,GetById,GET,/api/payroll/adjustments/{id:guid},Payroll.AdjustmentsView,PERMISSION,
Payroll,Adjustments,PayrollAdjustmentsController,Create,POST,/api/payroll/adjustments,Payroll.AdjustmentsCreate,PERMISSION,
Payroll,Adjustments,PayrollAdjustmentsController,Submit,POST,/api/payroll/adjustments/{id:guid}/submit,Payroll.AdjustmentsSubmit,PERMISSION,
Payroll,Adjustments,PayrollAdjustmentsController,Approve,POST,/api/payroll/adjustments/{id:guid}/approve,Payroll.AdjustmentsApprove,PERMISSION,
Payroll,Adjustments,PayrollAdjustmentsController,Reject,POST,/api/payroll/adjustments/{id:guid}/reject,Payroll.AdjustmentsApprove,PERMISSION,
Payroll,Adjustments,PayrollAdjustmentsController,Cancel,POST,/api/payroll/adjustments/{id:guid}/cancel,Payroll.AdjustmentsCancel,PERMISSION,
Payroll,Adjustments,PayrollAdjustmentsController,History,GET,/api/payroll/adjustments/{id:guid}/history,Payroll.AdjustmentsViewHistory,PERMISSION,
Payroll,Adjustments,PayrollAdjustmentsController,Reasons,GET,/api/payroll/adjustments/reasons,Payroll.AdjustmentsView,PERMISSION,
Payroll,Adjustments,PayrollAdjustmentsController,CreateReason,POST,/api/payroll/adjustments/reasons,Payroll.AdjustmentsCreate,PERMISSION,
Payroll,Adjustments,PayrollAdjustmentsController,My,GET,/api/me/payroll-adjustments,Payroll.AdjustmentsView,PERMISSION,
Payroll,Adjustments,PayrollAdjustmentsController,MyDetail,GET,/api/me/payroll-adjustments/{id:guid},Payroll.AdjustmentsView,PERMISSION,
Payroll,Adjustments,PayrollAdjustmentsController,MyHistory,GET,/api/me/payroll-adjustments/{id:guid}/history,Payroll.AdjustmentsViewHistory,PERMISSION,
Payroll,Analytics & Reconciliation,PayrollAnalyticsController,Overview,GET,/api/payroll/analytics/runs/{runId:guid}/overview,Payroll.AnalyticsView,PERMISSION,
Payroll,Analytics & Reconciliation,PayrollAnalyticsController,Summary,GET,/api/payroll/analytics/runs/{runId:guid}/summary,Payroll.AnalyticsView,PERMISSION,
Payroll,Analytics & Reconciliation,PayrollAnalyticsController,ControlTotals,GET,/api/payroll/analytics/runs/{runId:guid}/control-totals,Payroll.AnalyticsView,PERMISSION,
Payroll,Analytics & Reconciliation,PayrollAnalyticsController,Departments,GET,/api/payroll/analytics/runs/{runId:guid}/departments,Payroll.AnalyticsView,PERMISSION,
Payroll,Analytics & Reconciliation,PayrollAnalyticsController,CostCenters,GET,/api/payroll/analytics/runs/{runId:guid}/cost-centers,Payroll.AnalyticsView,PERMISSION,
Payroll,Analytics & Reconciliation,PayrollAnalyticsController,Variance,GET,/api/payroll/analytics/runs/{runId:guid}/variance,Payroll.AnalyticsView,PERMISSION,
Payroll,Analytics & Reconciliation,PayrollAnalyticsController,Components,GET,/api/payroll/analytics/runs/{runId:guid}/components,Payroll.AnalyticsView,PERMISSION,
Payroll,Analytics & Reconciliation,PayrollAnalyticsController,Findings,GET,/api/payroll/analytics/runs/{runId:guid}/findings,Payroll.AnalyticsView,PERMISSION,
Payroll,Analytics & Reconciliation,PayrollAnalyticsController,VarianceCsv,GET,/api/payroll/analytics/runs/{runId:guid}/variance.csv,Payroll.AnalyticsView,PERMISSION,
Payroll,Analytics & Reconciliation,PayrollAnalyticsController,FindingsCsv,GET,/api/payroll/analytics/runs/{runId:guid}/findings.csv,Payroll.AnalyticsView,PERMISSION,
Payroll,Analytics & Reconciliation,PayrollAnalyticsController,SummaryCsv,GET,/api/payroll/analytics/runs/{runId:guid}/summary.csv,Payroll.AnalyticsView,PERMISSION,
Payroll,Analytics & Reconciliation,PayrollAnalyticsController,ControlTotalsCsv,GET,/api/payroll/analytics/runs/{runId:guid}/control-totals.csv,Payroll.AnalyticsView,PERMISSION,
Payroll,Analytics & Reconciliation,PayrollAnalyticsController,List,GET,/api/payroll/exceptions,Payroll.ExceptionsView,PERMISSION,
Payroll,Analytics & Reconciliation,PayrollAnalyticsController,Export,GET,/api/payroll/exceptions/export.csv,Payroll.ExceptionsView,PERMISSION,
Payroll,Analytics & Reconciliation,PayrollAnalyticsController,Pre,POST,/api/payroll/reconciliation/runs/{runId:guid}/pre,Payroll.ReconciliationGenerate,PERMISSION,
Payroll,Analytics & Reconciliation,PayrollAnalyticsController,Post,POST,/api/payroll/reconciliation/runs/{runId:guid}/post,Payroll.ReconciliationGenerate,PERMISSION,
Payroll,Analytics & Reconciliation,PayrollAnalyticsController,Get,GET,/api/payroll/reconciliation/{id:guid},Payroll.ReconciliationView,PERMISSION,
Payroll,Analytics & Reconciliation,PayrollAnalyticsController,Acknowledge,POST,/api/payroll/reconciliation/findings/{id:guid}/acknowledge,Payroll.ReconciliationAcknowledge,PERMISSION,
Payroll,Analytics & Reconciliation,PayrollAnalyticsController,Resolve,POST,/api/payroll/reconciliation/findings/{id:guid}/resolve,Payroll.ReconciliationResolve,PERMISSION,
Payroll,Analytics & Reconciliation,PayrollAnalyticsController,Accept,POST,/api/payroll/reconciliation/findings/{id:guid}/accept-exception,Payroll.ReconciliationResolve,PERMISSION,
Payroll,Analytics & Reconciliation,PayrollAnalyticsController,List,GET,/api/payroll/analytics-controls,Payroll.AnalyticsView,PERMISSION,
Payroll,Analytics & Reconciliation,PayrollAnalyticsController,Create,POST,/api/payroll/analytics-controls,Payroll.AnalyticsConfigure,PERMISSION,
Payroll,Analytics & Reconciliation,PayrollAnalyticsController,Update,PUT,/api/payroll/analytics-controls/{id:guid},Payroll.AnalyticsConfigure,PERMISSION,
Payroll,Payroll Controls,PayrollControlsController,Get,GET,/api/payroll/controls,Payroll.ControlsView,PERMISSION,
Payroll,Payroll Controls,PayrollControlsController,Update,PUT,/api/payroll/controls,Payroll.ControlsManage,PERMISSION,
Payroll,Inputs & Bulk Import,PayrollInputsController,Get,GET,/api/payroll/input-batches,Payroll.InputView,PERMISSION,
Payroll,Inputs & Bulk Import,PayrollInputsController,Create,POST,/api/payroll/input-batches,Payroll.InputCreate,PERMISSION,
Payroll,Inputs & Bulk Import,PayrollInputsController,Upload,POST,/api/payroll/input-batches/{id:guid}/upload,Payroll.InputImport,PERMISSION,
Payroll,Inputs & Bulk Import,PayrollInputsController,Validate,POST,/api/payroll/input-batches/{id:guid}/validate,Payroll.InputValidate,PERMISSION,
Payroll,Inputs & Bulk Import,PayrollInputsController,Preview,GET,/api/payroll/input-batches/{id:guid}/preview,Payroll.InputView,PERMISSION,
Payroll,Inputs & Bulk Import,PayrollInputsController,PreviewExport,GET,/api/payroll/input-batches/{id:guid}/preview/export,Payroll.InputView,PERMISSION,
Payroll,Inputs & Bulk Import,PayrollInputsController,Lines,GET,/api/payroll/input-batches/{id:guid}/lines,Payroll.InputView,PERMISSION,
Payroll,Inputs & Bulk Import,PayrollInputsController,UpdateLine,PUT,/api/payroll/input-batches/{id:guid}/lines/{lineId:guid},Payroll.InputCreate,PERMISSION,
Payroll,Inputs & Bulk Import,PayrollInputsController,DeleteLine,DELETE,/api/payroll/input-batches/{id:guid}/lines/{lineId:guid},Payroll.InputCreate,PERMISSION,
Payroll,Inputs & Bulk Import,PayrollInputsController,Issues,GET,/api/payroll/input-batches/{id:guid}/issues,Payroll.InputView,PERMISSION,
Payroll,Inputs & Bulk Import,PayrollInputsController,IssuesExport,GET,/api/payroll/input-batches/{id:guid}/issues/export,Payroll.InputView,PERMISSION,
Payroll,Inputs & Bulk Import,PayrollInputsController,Submit,POST,/api/payroll/input-batches/{id:guid}/submit,Payroll.InputSubmit,PERMISSION,
Payroll,Inputs & Bulk Import,PayrollInputsController,Approve,POST,/api/payroll/input-batches/{id:guid}/approve,Payroll.InputApprove,PERMISSION,
Payroll,Inputs & Bulk Import,PayrollInputsController,Reject,POST,/api/payroll/input-batches/{id:guid}/reject,Payroll.InputApprove,PERMISSION,
Payroll,Inputs & Bulk Import,PayrollInputsController,Post,POST,/api/payroll/input-batches/{id:guid}/post,Payroll.InputPost,PERMISSION,
Payroll,Inputs & Bulk Import,PayrollInputsController,ResultExport,GET,/api/payroll/input-batches/{id:guid}/result/export,Payroll.InputView,PERMISSION,
Payroll,Inputs & Bulk Import,PayrollInputsController,Cancel,POST,/api/payroll/input-batches/{id:guid}/cancel,Payroll.InputCancel,PERMISSION,
Payroll,Inputs & Bulk Import,PayrollInputsController,History,GET,/api/payroll/input-batches/{id:guid}/history,Payroll.InputViewAudit,PERMISSION,
Payroll,Inputs & Bulk Import,PayrollInputsController,Get,GET,/api/payroll/input-templates,Payroll.InputView,PERMISSION,
Payroll,Inputs & Bulk Import,PayrollInputsController,Create,POST,/api/payroll/input-templates,Payroll.InputConfigureTemplate,PERMISSION,
Payroll,Inputs & Bulk Import,PayrollInputsController,Update,PUT,/api/payroll/input-templates/{id:guid},Payroll.InputConfigureTemplate,PERMISSION,
Payroll,Loans & Advances,PayrollLoansController,Products,GET,/api/payroll/loan-products,Payroll.LoansView,PERMISSION,
Payroll,Loans & Advances,PayrollLoansController,CreateProduct,POST,/api/payroll/loan-products,Payroll.LoansManageProducts,PERMISSION,
Payroll,Loans & Advances,PayrollLoansController,UpdateProduct,PUT,/api/payroll/loan-products/{id:guid},Payroll.LoansManageProducts,PERMISSION,
Payroll,Loans & Advances,PayrollLoansController,CreateProductVersion,POST,/api/payroll/loan-products/{id:guid}/versions,Payroll.LoansManageProducts,PERMISSION,
Payroll,Loans & Advances,PayrollLoansController,Loans,GET,/api/payroll/loans,Payroll.LoansView,PERMISSION,
Payroll,Loans & Advances,PayrollLoansController,Register,GET,/api/payroll/loans/register,Payroll.LoansView,PERMISSION,
Payroll,Loans & Advances,PayrollLoansController,CreateLoan,POST,/api/payroll/loans,Payroll.LoansRequest,PERMISSION,
Payroll,Loans & Advances,PayrollLoansController,Submit,POST,/api/payroll/loans/{id:guid}/submit,Payroll.LoansRequest,PERMISSION,
Payroll,Loans & Advances,PayrollLoansController,Approve,POST,/api/payroll/loans/{id:guid}/approve,Payroll.LoansApprove,PERMISSION,
Payroll,Loans & Advances,PayrollLoansController,Reject,POST,/api/payroll/loans/{id:guid}/reject,Payroll.LoansApprove,PERMISSION,
Payroll,Loans & Advances,PayrollLoansController,Disburse,POST,/api/payroll/loans/{id:guid}/record-disbursement,Payroll.LoansDisburse,PERMISSION,
Payroll,Loans & Advances,PayrollLoansController,Cancel,POST,/api/payroll/loans/{id:guid}/cancel,Payroll.LoansCancel,PERMISSION,
Payroll,Loans & Advances,PayrollLoansController,Schedule,GET,/api/payroll/loans/{id:guid}/schedule,Payroll.LoansView,PERMISSION,
Payroll,Loans & Advances,PayrollLoansController,Repayment,POST,/api/payroll/loans/{id:guid}/repayments,Payroll.LoansRecover,PERMISSION,
Payroll,Loans & Advances,PayrollLoansController,Prepay,POST,/api/payroll/loans/{id:guid}/prepay,Payroll.LoansRecover,PERMISSION,
Payroll,Loans & Advances,PayrollLoansController,Close,POST,/api/payroll/loans/{id:guid}/close,Payroll.LoansClose,PERMISSION,
Payroll,Loans & Advances,PayrollLoansController,MyProducts,GET,/api/me/loan-products,Payroll.LoansRequest,PERMISSION,
Payroll,Loans & Advances,PayrollLoansController,MyLoans,GET,/api/me/loans,Payroll.LoansRequest,PERMISSION,
Payroll,Loans & Advances,PayrollLoansController,MyLoan,GET,/api/me/loans/{id:guid},Payroll.LoansRequest,PERMISSION,
Payroll,Loans & Advances,PayrollLoansController,MyCreate,POST,/api/me/loans,Payroll.LoansRequest,PERMISSION,
Payroll,Loans & Advances,PayrollLoansController,MySubmit,POST,/api/me/loans/{id:guid}/submit,Payroll.LoansRequest,PERMISSION,
Payroll,Off-cycle,PayrollOffCycleController,Get,GET,/api/payroll/off-cycle-runs,Payroll.OffCycleView,PERMISSION,
Payroll,Off-cycle,PayrollOffCycleController,Create,POST,/api/payroll/off-cycle-runs,Payroll.OffCycleCreate,PERMISSION,
Payroll,Off-cycle,PayrollOffCycleController,Preview,POST,/api/payroll/off-cycle-runs/{id:guid}/preview,Payroll.OffCycleView,PERMISSION,
Payroll,Off-cycle,PayrollOffCycleController,Prepare,POST,/api/payroll/off-cycle-runs/{id:guid}/prepare,Payroll.OffCycleCreate,PERMISSION,
Payroll,Off-cycle,PayrollOffCycleController,Approve,POST,/api/payroll/off-cycle-runs/{id:guid}/approve,Payroll.OffCycleApprove,PERMISSION,
Payroll,Off-cycle,PayrollOffCycleController,Process,POST,/api/payroll/off-cycle-runs/{id:guid}/process,Payroll.OffCycleProcess,PERMISSION,
Payroll,Off-cycle,PayrollOffCycleController,Cancel,POST,/api/payroll/off-cycle-runs/{id:guid}/cancel,Payroll.OffCycleCancel,PERMISSION,
Payroll,Operations/health dashboards,PayrollOperationsController,ConfigurationHealth,GET,/api/payroll/configuration-health,Payroll.ControlsView,PERMISSION,
Payroll,Operations/health dashboards,PayrollOperationsController,OperationsDashboard,GET,/api/payroll/dashboard/operations,Payroll.RunView,PERMISSION,
Payroll,Operations/health dashboards,PayrollOperationsController,ProductionHealth,GET,/api/payroll/production-health,Payroll.ControlsView,PERMISSION,
Payroll,Operations/health dashboards,PayrollOperationsController,Integrity,GET,/api/payroll/integrity,Payroll.ControlsView,PERMISSION,
Payroll,Payslips/Register/Bank Advice/Accounting/Retro/Final Settlement/Statutory Returns,PayrollOutputsController,Generate,POST,/api/payroll/runs/{runId:guid}/payslips/generate,Payroll.PayslipGenerate,PERMISSION,
Payroll,Payslips/Register/Bank Advice/Accounting/Retro/Final Settlement/Statutory Returns,PayrollOutputsController,Publish,POST,/api/payroll/runs/{runId:guid}/payslips/publish,Payroll.PayslipPublish,PERMISSION,
Payroll,Payslips/Register/Bank Advice/Accounting/Retro/Final Settlement/Statutory Returns,PayrollOutputsController,GetRunPayslips,GET,/api/payroll/runs/{runId:guid}/payslips,Payroll.PayslipViewAll,PERMISSION,
Payroll,Payslips/Register/Bank Advice/Accounting/Retro/Final Settlement/Statutory Returns,PayrollOutputsController,Get,GET,/api/payroll/payslips/{id:guid},Payroll.PayslipViewAll,PERMISSION,
Payroll,Payslips/Register/Bank Advice/Accounting/Retro/Final Settlement/Statutory Returns,PayrollOutputsController,Document,GET,/api/payroll/payslips/{id:guid}/document,Payroll.PayslipViewAll,PERMISSION,
Payroll,Payslips/Register/Bank Advice/Accounting/Retro/Final Settlement/Statutory Returns,PayrollOutputsController,Register,GET,/api/payroll/runs/{runId:guid}/register,Payroll.RegisterView,PERMISSION,
Payroll,Payslips/Register/Bank Advice/Accounting/Retro/Final Settlement/Statutory Returns,PayrollOutputsController,Export,GET,/api/payroll/runs/{runId:guid}/register/export,Payroll.RegisterExport,PERMISSION,
Payroll,Payslips/Register/Bank Advice/Accounting/Retro/Final Settlement/Statutory Returns,PayrollOutputsController,Get,GET,/api/me/payslips,Payroll.PayslipViewOwn,PERMISSION,
Payroll,Payslips/Register/Bank Advice/Accounting/Retro/Final Settlement/Statutory Returns,PayrollOutputsController,GetById,GET,/api/me/payslips/{id:guid},Payroll.PayslipViewOwn,PERMISSION,
Payroll,Payslips/Register/Bank Advice/Accounting/Retro/Final Settlement/Statutory Returns,PayrollOutputsController,Document,GET,/api/me/payslips/{id:guid}/document,Payroll.PayslipViewOwn,PERMISSION,
Payroll,Payslips/Register/Bank Advice/Accounting/Retro/Final Settlement/Statutory Returns,PayrollOutputsController,Accounts,GET,/api/payroll/accounting/accounts,Payroll.AccountingView,PERMISSION,
Payroll,Payslips/Register/Bank Advice/Accounting/Retro/Final Settlement/Statutory Returns,PayrollOutputsController,CreateAccount,POST,/api/payroll/accounting/accounts,Payroll.AccountingManageConfiguration,PERMISSION,
Payroll,Payslips/Register/Bank Advice/Accounting/Retro/Final Settlement/Statutory Returns,PayrollOutputsController,UpdateAccount,PUT,/api/payroll/accounting/accounts/{id:guid},Payroll.AccountingManageConfiguration,PERMISSION,
Payroll,Payslips/Register/Bank Advice/Accounting/Retro/Final Settlement/Statutory Returns,PayrollOutputsController,Configurations,GET,/api/payroll/accounting/configurations,Payroll.AccountingView,PERMISSION,
Payroll,Payslips/Register/Bank Advice/Accounting/Retro/Final Settlement/Statutory Returns,PayrollOutputsController,CreateConfiguration,POST,/api/payroll/accounting/configurations,Payroll.AccountingManageConfiguration,PERMISSION,
Payroll,Payslips/Register/Bank Advice/Accounting/Retro/Final Settlement/Statutory Returns,PayrollOutputsController,CreateVersion,POST,/api/payroll/accounting/configurations/{id:guid}/versions,Payroll.AccountingManageConfiguration,PERMISSION,
Payroll,Payslips/Register/Bank Advice/Accounting/Retro/Final Settlement/Statutory Returns,PayrollOutputsController,CreateMapping,POST,/api/payroll/accounting/versions/{id:guid}/mappings,Payroll.AccountingManageConfiguration,PERMISSION,
Payroll,Payslips/Register/Bank Advice/Accounting/Retro/Final Settlement/Statutory Returns,PayrollOutputsController,UpdateMapping,PUT,/api/payroll/accounting/mappings/{id:guid},Payroll.AccountingManageConfiguration,PERMISSION,
Payroll,Payslips/Register/Bank Advice/Accounting/Retro/Final Settlement/Statutory Returns,PayrollOutputsController,DeactivateMapping,DELETE,/api/payroll/accounting/mappings/{id:guid},Payroll.AccountingManageConfiguration,PERMISSION,
Payroll,Payslips/Register/Bank Advice/Accounting/Retro/Final Settlement/Statutory Returns,PayrollOutputsController,Generate,POST,/api/payroll/runs/{runId:guid}/accounting/generate,Payroll.AccountingGenerate,PERMISSION,
Payroll,Payslips/Register/Bank Advice/Accounting/Retro/Final Settlement/Statutory Returns,PayrollOutputsController,GenerateFinalSettlement,POST,/api/payroll/final-settlements/{id:guid}/accounting/generate,Payroll.AccountingGenerate,PERMISSION,
Payroll,Payslips/Register/Bank Advice/Accounting/Retro/Final Settlement/Statutory Returns,PayrollOutputsController,List,GET,/api/payroll/accounting,Payroll.AccountingView,PERMISSION,
Payroll,Payslips/Register/Bank Advice/Accounting/Retro/Final Settlement/Statutory Returns,PayrollOutputsController,Get,GET,/api/payroll/accounting/{id:guid},Payroll.AccountingView,PERMISSION,
Payroll,Payslips/Register/Bank Advice/Accounting/Retro/Final Settlement/Statutory Returns,PayrollOutputsController,Validate,POST,/api/payroll/accounting/{id:guid}/validate,Payroll.AccountingValidate,PERMISSION,
Payroll,Payslips/Register/Bank Advice/Accounting/Retro/Final Settlement/Statutory Returns,PayrollOutputsController,Approve,POST,/api/payroll/accounting/{id:guid}/approve,Payroll.AccountingApprove,PERMISSION,
Payroll,Payslips/Register/Bank Advice/Accounting/Retro/Final Settlement/Statutory Returns,PayrollOutputsController,Post,POST,/api/payroll/accounting/{id:guid}/post,Payroll.AccountingPost,PERMISSION,
Payroll,Payslips/Register/Bank Advice/Accounting/Retro/Final Settlement/Statutory Returns,PayrollOutputsController,Export,GET,/api/payroll/accounting/{id:guid}/export,Payroll.AccountingExport,PERMISSION,
Payroll,Payslips/Register/Bank Advice/Accounting/Retro/Final Settlement/Statutory Returns,PayrollOutputsController,CreateRetro,POST,/api/payroll/retro/cases,Payroll.RetroEvaluate,PERMISSION,
Payroll,Payslips/Register/Bank Advice/Accounting/Retro/Final Settlement/Statutory Returns,PayrollOutputsController,Evaluate,POST,/api/payroll/retro/cases/{id:guid}/evaluate,Payroll.RetroEvaluate,PERMISSION,
Payroll,Payslips/Register/Bank Advice/Accounting/Retro/Final Settlement/Statutory Returns,PayrollOutputsController,ApproveRetro,POST,/api/payroll/retro/cases/{id:guid}/approve,Payroll.RetroApprove,PERMISSION,
Payroll,Payslips/Register/Bank Advice/Accounting/Retro/Final Settlement/Statutory Returns,PayrollOutputsController,Apply,POST,/api/payroll/retro/cases/{id:guid}/apply/{targetPayrollRunId:guid},Payroll.RetroApply,PERMISSION,
Payroll,Payslips/Register/Bank Advice/Accounting/Retro/Final Settlement/Statutory Returns,PayrollOutputsController,CreateSettlement,POST,/api/payroll/final-settlements,Payroll.FinalSettlementManage,PERMISSION,
Payroll,Payslips/Register/Bank Advice/Accounting/Retro/Final Settlement/Statutory Returns,PayrollOutputsController,AddLine,POST,/api/payroll/final-settlements/{id:guid}/lines,Payroll.FinalSettlementManage,PERMISSION,
Payroll,Payslips/Register/Bank Advice/Accounting/Retro/Final Settlement/Statutory Returns,PayrollOutputsController,CalculateSettlement,POST,/api/payroll/final-settlements/{id:guid}/calculate,Payroll.FinalSettlementCalculate,PERMISSION,
Payroll,Payslips/Register/Bank Advice/Accounting/Retro/Final Settlement/Statutory Returns,PayrollOutputsController,ApproveSettlement,POST,/api/payroll/final-settlements/{id:guid}/approve,Payroll.FinalSettlementApprove,PERMISSION,
Payroll,Payslips/Register/Bank Advice/Accounting/Retro/Final Settlement/Statutory Returns,PayrollOutputsController,FinalizeSettlement,POST,/api/payroll/final-settlements/{id:guid}/finalize,Payroll.FinalSettlementFinalize,PERMISSION,
Payroll,Payslips/Register/Bank Advice/Accounting/Retro/Final Settlement/Statutory Returns,PayrollOutputsController,Generate,POST,/api/payroll/runs/{runId:guid}/bank-advice,Payroll.BankAdviceGenerate,PERMISSION,
Payroll,Payslips/Register/Bank Advice/Accounting/Retro/Final Settlement/Statutory Returns,PayrollOutputsController,List,GET,/api/payroll/bank-advice,Payroll.BankAdviceView,PERMISSION,
Payroll,Payslips/Register/Bank Advice/Accounting/Retro/Final Settlement/Statutory Returns,PayrollOutputsController,Get,GET,/api/payroll/bank-advice/{id:guid},Payroll.BankAdviceView,PERMISSION,
Payroll,Payslips/Register/Bank Advice/Accounting/Retro/Final Settlement/Statutory Returns,PayrollOutputsController,Validate,POST,/api/payroll/bank-advice/{id:guid}/validate,Payroll.BankAdviceValidate,PERMISSION,
Payroll,Payslips/Register/Bank Advice/Accounting/Retro/Final Settlement/Statutory Returns,PayrollOutputsController,Prepare,POST,/api/payroll/bank-advice/{id:guid}/prepare,Payroll.BankAdviceValidate,PERMISSION,
Payroll,Payslips/Register/Bank Advice/Accounting/Retro/Final Settlement/Statutory Returns,PayrollOutputsController,Approve,POST,/api/payroll/bank-advice/{id:guid}/approve,Payroll.BankAdviceApprove,PERMISSION,
Payroll,Payslips/Register/Bank Advice/Accounting/Retro/Final Settlement/Statutory Returns,PayrollOutputsController,Export,GET,/api/payroll/bank-advice/{id:guid}/export,Payroll.BankAdviceExport,PERMISSION,
Payroll,Payslips/Register/Bank Advice/Accounting/Retro/Final Settlement/Statutory Returns,PayrollOutputsController,Cancel,POST,/api/payroll/bank-advice/{id:guid}/cancel,Payroll.BankAdviceCancel,PERMISSION,
Payroll,Payslips/Register/Bank Advice/Accounting/Retro/Final Settlement/Statutory Returns,PayrollOutputsController,CreatePeriod,POST,/api/payroll/statutory-compliance/periods,Payroll.StatutoryComplianceManagePeriods,PERMISSION,
Payroll,Payslips/Register/Bank Advice/Accounting/Retro/Final Settlement/Statutory Returns,PayrollOutputsController,Generate,POST,/api/payroll/statutory-compliance/periods/{id:guid}/returns,Payroll.StatutoryComplianceGenerate,PERMISSION,
Payroll,Payslips/Register/Bank Advice/Accounting/Retro/Final Settlement/Statutory Returns,PayrollOutputsController,Get,GET,/api/payroll/statutory-compliance/returns/{id:guid},Payroll.StatutoryComplianceView,PERMISSION,
Payroll,Payslips/Register/Bank Advice/Accounting/Retro/Final Settlement/Statutory Returns,PayrollOutputsController,Validate,POST,/api/payroll/statutory-compliance/returns/{id:guid}/validate,Payroll.StatutoryComplianceValidate,PERMISSION,
Payroll,Payslips/Register/Bank Advice/Accounting/Retro/Final Settlement/Statutory Returns,PayrollOutputsController,Approve,POST,/api/payroll/statutory-compliance/returns/{id:guid}/approve,Payroll.StatutoryComplianceApprove,PERMISSION,
Payroll,Payslips/Register/Bank Advice/Accounting/Retro/Final Settlement/Statutory Returns,PayrollOutputsController,MarkFiled,POST,/api/payroll/statutory-compliance/returns/{id:guid}/mark-filed,Payroll.StatutoryComplianceMarkFiled,PERMISSION,
Payroll,Payslips/Register/Bank Advice/Accounting/Retro/Final Settlement/Statutory Returns,PayrollOutputsController,Export,GET,/api/payroll/statutory-compliance/returns/{id:guid}/export,Payroll.StatutoryComplianceExport,PERMISSION,
Payroll,Payroll Periods,PayrollPeriodsController,Get,GET,/api/payroll/periods,Payroll.PeriodView,PERMISSION,
Payroll,Payroll Periods,PayrollPeriodsController,GetById,GET,/api/payroll/periods/{id:guid},Payroll.PeriodView,PERMISSION,
Payroll,Payroll Periods,PayrollPeriodsController,Create,POST,/api/payroll/periods,Payroll.PeriodManage,PERMISSION,
Payroll,Payroll Periods,PayrollPeriodsController,Update,PUT,/api/payroll/periods/{id:guid},Payroll.PeriodManage,PERMISSION,
Payroll,Payroll Periods,PayrollPeriodsController,Transition,POST,/api/payroll/periods/{id:guid}/{actionName},Payroll.PeriodManage,PERMISSION,
Payroll,Payroll Periods,PayrollPeriodsController,Unlock,POST,/api/payroll/periods/{id:guid}/unlock,Payroll.PeriodUnlock,PERMISSION,
Payroll,Payroll Periods,PayrollPeriodsController,History,GET,/api/payroll/periods/{id:guid}/history,Payroll.PeriodManage,PERMISSION,
Payroll,Payroll Reports,PayrollReportsController,Register,GET,/api/payroll/reports/payroll-register,Payroll.AnalyticsView,PERMISSION,
Payroll,Payroll Reports,PayrollReportsController,Earnings,GET,/api/payroll/reports/earnings,Payroll.AnalyticsView,PERMISSION,
Payroll,Payroll Reports,PayrollReportsController,Deductions,GET,/api/payroll/reports/deductions,Payroll.AnalyticsView,PERMISSION,
Payroll,Payroll Reports,PayrollReportsController,EmployerContributions,GET,/api/payroll/reports/employer-contributions,Payroll.AnalyticsView,PERMISSION,
Payroll,Payroll Reports,PayrollReportsController,Departments,GET,/api/payroll/reports/departments,Payroll.AnalyticsView,PERMISSION,
Payroll,Payroll Reports,PayrollReportsController,CostCenters,GET,/api/payroll/reports/cost-centers,Payroll.AnalyticsView,PERMISSION,
Payroll,Payroll Reports,PayrollReportsController,Components,GET,/api/payroll/reports/components,Payroll.AnalyticsView,PERMISSION,
Payroll,Payroll Reports,PayrollReportsController,Statutory,GET,/api/payroll/reports/statutory-summary,Payroll.AnalyticsView,PERMISSION,
Payroll,Payroll Reports,PayrollReportsController,BankPayments,GET,/api/payroll/reports/bank-payments,Payroll.AnalyticsView,PERMISSION,
Payroll,Payroll Reports,PayrollReportsController,Accounting,GET,/api/payroll/reports/accounting-summary,Payroll.AnalyticsView,PERMISSION,
Payroll,Payroll Reports,PayrollReportsController,Loans,GET,/api/payroll/reports/loan-recoveries,Payroll.AnalyticsView,PERMISSION,
Payroll,Payroll Reports,PayrollReportsController,Reimbursements,GET,/api/payroll/reports/reimbursements,Payroll.AnalyticsView,PERMISSION,
Payroll,Payroll Reports,PayrollReportsController,VariablePay,GET,/api/payroll/reports/variable-pay,Payroll.AnalyticsView,PERMISSION,
Payroll,Payroll Reports,PayrollReportsController,Adjustments,GET,/api/payroll/reports/adjustments,Payroll.AnalyticsView,PERMISSION,
Payroll,Payroll Reports,PayrollReportsController,FinalSettlements,GET,/api/payroll/reports/final-settlements,Payroll.AnalyticsView,PERMISSION,
Payroll,Payroll Reports,PayrollReportsController,OffCycle,GET,/api/payroll/reports/off-cycle,Payroll.AnalyticsView,PERMISSION,
Payroll,Payroll Reports,PayrollReportsController,Dashboard,GET,/api/payroll/reports/dashboard,Payroll.AnalyticsView,PERMISSION,
Payroll,Payroll Reports,PayrollReportsController,Trends,GET,/api/payroll/reports/trends,Payroll.AnalyticsView,PERMISSION,
Payroll,Payroll Reports,PayrollReportsController,RegisterCsv,GET,/api/payroll/reports/payroll-register.csv,Payroll.AnalyticsView,PERMISSION,
Payroll,Payroll Reports,PayrollReportsController,Csv,GET,/api/payroll/reports/{report}.csv,Payroll.AnalyticsView,PERMISSION,
Payroll,Reversals,PayrollReversalsController,RequestReversal,POST,/api/payroll/reversals,Payroll.AdjustmentsReverse,PERMISSION,
Payroll,Reversals,PayrollReversalsController,Approve,POST,/api/payroll/reversals/{id:guid}/approve,Payroll.AdjustmentsReverse,PERMISSION,
Payroll,Reversals,PayrollReversalsController,Process,POST,/api/payroll/reversals/{id:guid}/process,Payroll.AdjustmentsReverse,PERMISSION,
Payroll,Payroll Runs & Calculation,PayrollRunsController,Get,GET,/api/payroll/runs,Payroll.RunView,PERMISSION,
Payroll,Payroll Runs & Calculation,PayrollRunsController,GetById,GET,/api/payroll/runs/{id:guid},Payroll.RunView,PERMISSION,
Payroll,Payroll Runs & Calculation,PayrollRunsController,Create,POST,/api/payroll/runs,Payroll.RunManage,PERMISSION,
Payroll,Payroll Runs & Calculation,PayrollRunsController,Prepare,POST,/api/payroll/runs/{id:guid}/prepare,Payroll.RunPrepare,PERMISSION,
Payroll,Payroll Runs & Calculation,PayrollRunsController,Employees,GET,/api/payroll/runs/{id:guid}/employees,Payroll.RunView,PERMISSION,
Payroll,Payroll Runs & Calculation,PayrollRunsController,Transition,POST,/api/payroll/runs/{id:guid}/transition,Payroll.RunManage,PERMISSION,
Payroll,Payroll Runs & Calculation,PayrollRunsController,History,GET,/api/payroll/runs/{id:guid}/history,Payroll.RunViewHistory,PERMISSION,
Payroll,Payroll Runs & Calculation,PayrollRunsController,Calculate,POST,/api/payroll/runs/{id:guid}/calculate,Payroll.RunCalculate,PERMISSION,
Payroll,Payroll Runs & Calculation,PayrollRunsController,Recalculate,POST,/api/payroll/runs/{id:guid}/recalculate,Payroll.RunRecalculate,PERMISSION,
Payroll,Payroll Runs & Calculation,PayrollRunsController,Results,GET,/api/payroll/runs/{id:guid}/results,Payroll.RunViewResults,PERMISSION,
Payroll,Payroll Runs & Calculation,PayrollRunsController,Result,GET,/api/payroll/runs/{id:guid}/results/{employeeId:guid},Payroll.RunViewResults,PERMISSION,
Payroll,Payroll Runs & Calculation,PayrollRunsController,Errors,GET,/api/payroll/runs/{id:guid}/calculation-errors,Payroll.RunViewResults,PERMISSION,
Payroll,Payroll Runs & Calculation,PayrollRunsController,Readiness,GET,/api/payroll/runs/{id:guid}/readiness,Payroll.RunView,PERMISSION,
Platform Administration,Platform Login/Session,PlatformAuthController,Login,POST,/api/platform/auth/login,,ANONYMOUS,
Platform Administration,Platform Login/Session,PlatformAuthController,Refresh,POST,/api/platform/auth/refresh,,ANONYMOUS,
Platform Administration,Platform Login/Session,PlatformAuthController,Logout,POST,/api/platform/auth/logout,,PLATFORM,
Platform Administration,Platform Login/Session,PlatformAuthController,Me,GET,/api/platform/auth/me,,PLATFORM,
Platform Administration,Tenant Onboarding & Lifecycle,PlatformTenantsController,List,GET,/api/platform/tenants,,PLATFORM,
Platform Administration,Tenant Onboarding & Lifecycle,PlatformTenantsController,Get,GET,/api/platform/tenants/{id:guid},,PLATFORM,
Platform Administration,Tenant Onboarding & Lifecycle,PlatformTenantsController,Create,POST,/api/platform/tenants,,PLATFORM,
Platform Administration,Tenant Onboarding & Lifecycle,PlatformTenantsController,UpdateInactive,PUT,/api/platform/tenants/{id:guid},,PLATFORM,
Platform Administration,Tenant Onboarding & Lifecycle,PlatformTenantsController,Activate,POST,/api/platform/tenants/{id:guid}/activate,,PLATFORM,
Platform Administration,Tenant Onboarding & Lifecycle,PlatformTenantsController,Deactivate,POST,/api/platform/tenants/{id:guid}/deactivate,,PLATFORM,
Platform Administration,Tenant Onboarding & Lifecycle,PlatformTenantsController,RetryProvisioning,POST,/api/platform/tenants/{id:guid}/retry-provisioning,,PLATFORM,
Platform Administration,Tenant Onboarding & Lifecycle,PlatformTenantsController,ResetAdminPassword,POST,/api/platform/tenants/{id:guid}/reset-admin-password,,PLATFORM,
Payroll,Reimbursements & Claims,ReimbursementsController,Categories,GET,/api/payroll/reimbursement-categories,Payroll.ReimbursementsView,PERMISSION,
Payroll,Reimbursements & Claims,ReimbursementsController,CreateCategory,POST,/api/payroll/reimbursement-categories,Payroll.ReimbursementsManageCategories,PERMISSION,
Payroll,Reimbursements & Claims,ReimbursementsController,UpdateCategory,PUT,/api/payroll/reimbursement-categories/{id:guid},Payroll.ReimbursementsManageCategories,PERMISSION,
Payroll,Reimbursements & Claims,ReimbursementsController,CreatePolicy,POST,/api/payroll/reimbursement-categories/{id:guid}/versions,Payroll.ReimbursementsManageCategories,PERMISSION,
Payroll,Reimbursements & Claims,ReimbursementsController,Claims,GET,/api/payroll/reimbursements,Payroll.ReimbursementsView,PERMISSION,
Payroll,Reimbursements & Claims,ReimbursementsController,Claim,GET,/api/payroll/reimbursements/{id:guid},Payroll.ReimbursementsView,PERMISSION,
Payroll,Reimbursements & Claims,ReimbursementsController,History,GET,/api/payroll/reimbursements/{id:guid}/history,Payroll.ReimbursementsViewHistory,PERMISSION,
Payroll,Reimbursements & Claims,ReimbursementsController,Create,POST,/api/payroll/reimbursements,Payroll.ReimbursementsRequest,PERMISSION,
Payroll,Reimbursements & Claims,ReimbursementsController,Update,PUT,/api/payroll/reimbursements/{id:guid},Payroll.ReimbursementsRequest,PERMISSION,
Payroll,Reimbursements & Claims,ReimbursementsController,Submit,POST,/api/payroll/reimbursements/{id:guid}/submit,Payroll.ReimbursementsRequest,PERMISSION,
Payroll,Reimbursements & Claims,ReimbursementsController,Approve,POST,/api/payroll/reimbursements/{id:guid}/approve,Payroll.ReimbursementsApprove,PERMISSION,
Payroll,Reimbursements & Claims,ReimbursementsController,Reject,POST,/api/payroll/reimbursements/{id:guid}/reject,Payroll.ReimbursementsApprove,PERMISSION,
Payroll,Reimbursements & Claims,ReimbursementsController,Settle,POST,/api/payroll/reimbursements/{id:guid}/settle-manually,Payroll.ReimbursementsSettle,PERMISSION,
Payroll,Reimbursements & Claims,ReimbursementsController,Cancel,POST,/api/payroll/reimbursements/{id:guid}/cancel,Payroll.ReimbursementsCancel,PERMISSION,
Payroll,Reimbursements & Claims,ReimbursementsController,Attachment,POST,/api/payroll/reimbursements/{id:guid}/attachments,Payroll.ReimbursementsRequest,PERMISSION,
Payroll,Reimbursements & Claims,ReimbursementsController,Register,GET,/api/payroll/reimbursements/register,Payroll.ReimbursementsView,PERMISSION,
Payroll,Reimbursements & Claims,ReimbursementsController,RegisterExport,GET,/api/payroll/reimbursements/register/export.csv,Payroll.ReimbursementsView,PERMISSION,
Payroll,Reimbursements & Claims,ReimbursementsController,MyCategories,GET,/api/me/reimbursement-categories,Payroll.ReimbursementsRequest,PERMISSION,
Payroll,Reimbursements & Claims,ReimbursementsController,MyClaims,GET,/api/me/reimbursements,Payroll.ReimbursementsRequest,PERMISSION,
Payroll,Reimbursements & Claims,ReimbursementsController,MyClaim,GET,/api/me/reimbursements/{id:guid},Payroll.ReimbursementsRequest,PERMISSION,
Payroll,Reimbursements & Claims,ReimbursementsController,MyCreate,POST,/api/me/reimbursements,Payroll.ReimbursementsRequest,PERMISSION,
Payroll,Reimbursements & Claims,ReimbursementsController,MyUpdate,PUT,/api/me/reimbursements/{id:guid},Payroll.ReimbursementsRequest,PERMISSION,
Payroll,Reimbursements & Claims,ReimbursementsController,MySubmit,POST,/api/me/reimbursements/{id:guid}/submit,Payroll.ReimbursementsRequest,PERMISSION,
Payroll,Reimbursements & Claims,ReimbursementsController,MyAttachment,POST,/api/me/reimbursements/{id:guid}/attachments,Payroll.ReimbursementsRequest,PERMISSION,
Payroll,Reimbursements & Claims,ReimbursementsController,MyHistory,GET,/api/me/reimbursements/{id:guid}/history,Payroll.ReimbursementsRequest,PERMISSION,
RBAC & Access,Role Assignments,RoleAssignmentsController,Assignments,GET,/api/role-assignments,RoleManagement.AssignmentView,PERMISSION,
RBAC & Access,Role Assignments,RoleAssignmentsController,Candidates,GET,/api/role-assignments/candidates,RoleManagement.AssignmentManage,PERMISSION,
RBAC & Access,Role Assignments,RoleAssignmentsController,Roles,GET,/api/role-assignments/roles,RoleManagement.AssignmentView,PERMISSION,
RBAC & Access,Role Assignments,RoleAssignmentsController,GetUserAssignments,GET,/api/role-assignments/users/{userId:guid},RoleManagement.AssignmentView,PERMISSION,
RBAC & Access,Role Assignments,RoleAssignmentsController,Assign,POST,/api/role-assignments/users/{userId:guid},RoleManagement.AssignmentManage,PERMISSION,
RBAC & Access,Role Assignments,RoleAssignmentsController,Revoke,POST,/api/role-assignments/{assignmentId:guid}/revoke,RoleManagement.AssignmentManage,PERMISSION,
RBAC & Access,Role Assignments,RoleAssignmentsController,History,GET,/api/role-assignments/{assignmentId:guid}/history,RoleManagement.AssignmentViewHistory,PERMISSION,
RBAC & Access,Role Assignments,RoleAssignmentsController,UserHistory,GET,/api/role-assignments/users/{userId:guid}/history,RoleManagement.AssignmentViewHistory,PERMISSION,
Payroll,Salary Components,SalaryComponentsController,GetAll,GET,/api/payroll/salary-components,Payroll.SalaryComponentView,PERMISSION,
Payroll,Salary Components,SalaryComponentsController,GetById,GET,/api/payroll/salary-components/{id:guid},Payroll.SalaryComponentView,PERMISSION,
Payroll,Salary Components,SalaryComponentsController,Create,POST,/api/payroll/salary-components,Payroll.SalaryComponentManage,PERMISSION,
Payroll,Salary Components,SalaryComponentsController,Update,PUT,/api/payroll/salary-components/{id:guid},Payroll.SalaryComponentManage,PERMISSION,
Payroll,Salary Components,SalaryComponentsController,Activate,POST,/api/payroll/salary-components/{id:guid}/activate,Payroll.SalaryComponentManage,PERMISSION,
Payroll,Salary Components,SalaryComponentsController,Deactivate,POST,/api/payroll/salary-components/{id:guid}/deactivate,Payroll.SalaryComponentManage,PERMISSION,
Payroll,Salary Components,SalaryComponentsController,History,GET,/api/payroll/salary-components/{id:guid}/history,Payroll.SalaryComponentViewHistory,PERMISSION,
Payroll,Salary Structures,SalaryStructuresController,GetAll,GET,/api/payroll/salary-structures,Payroll.SalaryStructureView,PERMISSION,
Payroll,Salary Structures,SalaryStructuresController,GetById,GET,/api/payroll/salary-structures/{id:guid},Payroll.SalaryStructureView,PERMISSION,
Payroll,Salary Structures,SalaryStructuresController,Create,POST,/api/payroll/salary-structures,Payroll.SalaryStructureManage,PERMISSION,
Payroll,Salary Structures,SalaryStructuresController,Update,PUT,/api/payroll/salary-structures/{id:guid},Payroll.SalaryStructureManage,PERMISSION,
Payroll,Salary Structures,SalaryStructuresController,Activate,POST,/api/payroll/salary-structures/{id:guid}/activate,Payroll.SalaryStructureManage,PERMISSION,
Payroll,Salary Structures,SalaryStructuresController,Deactivate,POST,/api/payroll/salary-structures/{id:guid}/deactivate,Payroll.SalaryStructureManage,PERMISSION,
Payroll,Salary Structures,SalaryStructuresController,History,GET,/api/payroll/salary-structures/{id:guid}/history,Payroll.SalaryStructureViewHistory,PERMISSION,
Payroll,Salary Structures,SalaryStructuresController,AddComponent,POST,/api/payroll/salary-structures/{id:guid}/components,Payroll.SalaryStructureManage,PERMISSION,
Payroll,Salary Structures,SalaryStructuresController,UpdateComponent,PUT,/api/payroll/salary-structures/{id:guid}/components/{componentId:guid},Payroll.SalaryStructureManage,PERMISSION,
Payroll,Salary Structures,SalaryStructuresController,RemoveComponent,DELETE,/api/payroll/salary-structures/{id:guid}/components/{componentId:guid},Payroll.SalaryStructureManage,PERMISSION,
Payroll,Gratuity / Separation Benefits,SeparationBenefitsController,Policies,GET,/api/payroll/gratuity-policies,Payroll.SeparationBenefitsView,PERMISSION,
Payroll,Gratuity / Separation Benefits,SeparationBenefitsController,CreatePolicy,POST,/api/payroll/gratuity-policies,Payroll.SeparationBenefitsManagePolicies,PERMISSION,
Payroll,Gratuity / Separation Benefits,SeparationBenefitsController,UpdatePolicy,PUT,/api/payroll/gratuity-policies/{id:guid},Payroll.SeparationBenefitsManagePolicies,PERMISSION,
Payroll,Gratuity / Separation Benefits,SeparationBenefitsController,Version,POST,/api/payroll/gratuity-policies/{id:guid}/versions,Payroll.SeparationBenefitsManagePolicies,PERMISSION,
Payroll,Gratuity / Separation Benefits,SeparationBenefitsController,PolicyHistory,GET,/api/payroll/gratuity-policies/{id:guid}/history,Payroll.SeparationBenefitsViewHistory,PERMISSION,
Payroll,Gratuity / Separation Benefits,SeparationBenefitsController,Preview,POST,/api/payroll/separation-benefits/{employeeId:guid}/preview,Payroll.SeparationBenefitsCalculate,PERMISSION,
Payroll,Gratuity / Separation Benefits,SeparationBenefitsController,Calculate,POST,/api/payroll/separation-benefits/{employeeId:guid}/calculate,Payroll.SeparationBenefitsCalculate,PERMISSION,
Payroll,Gratuity / Separation Benefits,SeparationBenefitsController,Register,GET,/api/payroll/separation-benefits/register,Payroll.SeparationBenefitsView,PERMISSION,
Payroll,Gratuity / Separation Benefits,SeparationBenefitsController,Override,POST,/api/payroll/separation-benefits/gratuity/{id:guid}/override,Payroll.SeparationBenefitsOverride,PERMISSION,
Payroll,Gratuity / Separation Benefits,SeparationBenefitsController,ApproveOverride,POST,/api/payroll/separation-benefits/gratuity/{id:guid}/approve-override,Payroll.SeparationBenefitsApprove,PERMISSION,
Payroll,Gratuity / Separation Benefits,SeparationBenefitsController,Get,GET,/api/payroll/separation-benefits/{employeeId:guid},Payroll.SeparationBenefitsView,PERMISSION,
Payroll,Gratuity / Separation Benefits,SeparationBenefitsController,History,GET,/api/payroll/separation-benefits/{employeeId:guid}/history,Payroll.SeparationBenefitsViewHistory,PERMISSION,
Payroll,Gratuity / Separation Benefits,SeparationBenefitsController,My,GET,/api/me/separation-benefits,Payroll.SeparationBenefitsView,PERMISSION,
Payroll,Gratuity / Separation Benefits,SeparationBenefitsController,MyHistory,GET,/api/me/separation-benefits/history,Payroll.SeparationBenefitsViewHistory,PERMISSION,
Separation,Clearance / No-dues,SeparationClearanceController,Templates,GET,/api/separation/clearance/templates,Separation.ClearanceConfigure,PERMISSION,
Separation,Clearance / No-dues,SeparationClearanceController,CreateTemplate,POST,/api/separation/clearance/templates,Separation.ClearanceConfigure,PERMISSION,
Separation,Clearance / No-dues,SeparationClearanceController,Start,POST,/api/separation/clearance/for/{separationId:guid}/start,Separation.ClearanceStart,PERMISSION,
Separation,Clearance / No-dues,SeparationClearanceController,ForSeparation,GET,/api/separation/clearance/for/{separationId:guid},Separation.ClearanceViewAll,PERMISSION,
Separation,Clearance / No-dues,SeparationClearanceController,Get,GET,/api/separation/clearance/{id:guid},Separation.ClearanceViewAll,PERMISSION,
Separation,Clearance / No-dues,SeparationClearanceController,Clear,POST,/api/separation/clearance/tasks/{taskId:guid}/clear,Separation.ClearanceManageTask,PERMISSION,
Separation,Clearance / No-dues,SeparationClearanceController,Block,POST,/api/separation/clearance/tasks/{taskId:guid}/block,Separation.ClearanceManageTask,PERMISSION,
Separation,Clearance / No-dues,SeparationClearanceController,Waive,POST,/api/separation/clearance/tasks/{taskId:guid}/waive,Separation.ClearanceWaive,PERMISSION,
Separation,Clearance / No-dues,SeparationClearanceController,Asset,POST,/api/separation/clearance/tasks/{taskId:guid}/assets,Separation.ClearanceAssetManage,PERMISSION,
Separation,Clearance / No-dues,SeparationClearanceController,UpdateAsset,POST,/api/separation/clearance/tasks/{taskId:guid}/assets/{assetId:guid},Separation.ClearanceAssetManage,PERMISSION,
Separation,Clearance / No-dues,SeparationClearanceController,ManagerInbox,GET,/api/separation/clearance/inbox/manager,Separation.ClearanceViewTeam,PERMISSION,
Separation,Clearance / No-dues,SeparationClearanceController,FunctionalInbox,GET,/api/separation/clearance/inbox,Separation.ClearanceViewAll,PERMISSION,
Separation,Clearance / No-dues,SeparationClearanceController,HrDashboard,GET,/api/separation/clearance/hr-dashboard,Separation.ClearanceViewAll,PERMISSION,
Separation,Clearance / No-dues,SeparationClearanceController,Complete,POST,/api/separation/clearance/{id:guid}/complete,Separation.ClearanceComplete,PERMISSION,
Separation,Clearance / No-dues,SeparationClearanceController,Reopen,POST,/api/separation/clearance/{id:guid}/reopen,Separation.ClearanceReopen,PERMISSION,
Separation,Resignation/Separation core,SeparationController,Reasons,GET,/api/separation/reasons,Separation.ViewSelf,PERMISSION,
Separation,Resignation/Separation core,SeparationController,CreateReason,POST,/api/separation/reasons,Separation.Manage,PERMISSION,
Separation,Resignation/Separation core,SeparationController,UpdateReason,PUT,/api/separation/reasons/{id:guid},Separation.Manage,PERMISSION,
Separation,Resignation/Separation core,SeparationController,CreateSelf,POST,/api/separation/me,Separation.CreateSelf,PERMISSION,
Separation,Resignation/Separation core,SeparationController,Current,GET,/api/separation/me/current,Separation.ViewSelf,PERMISSION,
Separation,Resignation/Separation core,SeparationController,Mine,GET,/api/separation/me/history,Separation.ViewSelf,PERMISSION,
Separation,Resignation/Separation core,SeparationController,CreateForEmployee,POST,/api/separation/employees/{employeeId:guid},Separation.Initiate,PERMISSION,
Separation,Resignation/Separation core,SeparationController,All,GET,/api/separation,Separation.ViewAll,PERMISSION,
Separation,Resignation/Separation core,SeparationController,Team,GET,/api/separation/team,Separation.ViewTeam,PERMISSION,
Separation,Resignation/Separation core,SeparationController,ManagerInbox,GET,/api/separation/inbox/manager,Separation.ManagerReview,PERMISSION,
Separation,Resignation/Separation core,SeparationController,HrInbox,GET,/api/separation/inbox/hr,Separation.HrReview,PERMISSION,
Separation,Resignation/Separation core,SeparationController,Get,GET,/api/separation/{id:guid},Separation.ViewAll,PERMISSION,
Separation,Resignation/Separation core,SeparationController,History,GET,/api/separation/{id:guid}/history,Separation.ViewHistory,PERMISSION,
Separation,Resignation/Separation core,SeparationController,Submit,POST,/api/separation/{id:guid}/submit,Separation.Submit,PERMISSION,
Separation,Resignation/Separation core,SeparationController,Withdraw,POST,/api/separation/{id:guid}/withdraw,Separation.Withdraw,PERMISSION,
Separation,Resignation/Separation core,SeparationController,ManagerApprove,POST,/api/separation/{id:guid}/manager-approve,Separation.ManagerReview,PERMISSION,
Separation,Resignation/Separation core,SeparationController,ManagerReject,POST,/api/separation/{id:guid}/manager-reject,Separation.ManagerReview,PERMISSION,
Separation,Resignation/Separation core,SeparationController,HrApprove,POST,/api/separation/{id:guid}/hr-approve,Separation.HrReview,PERMISSION,
Separation,Resignation/Separation core,SeparationController,HrReject,POST,/api/separation/{id:guid}/hr-reject,Separation.HrReview,PERMISSION,
Separation,Resignation/Separation core,SeparationController,ReviseLwd,POST,/api/separation/{id:guid}/revise-lwd,Separation.ReviseLastWorkingDate,PERMISSION,
Separation,Resignation/Separation core,SeparationController,Notice,GET,/api/separation/{id:guid}/notice,Separation.ViewHistory,PERMISSION,
Separation,Resignation/Separation core,SeparationController,NoticeHistory,GET,/api/separation/{id:guid}/notice/history,Separation.ViewHistory,PERMISSION,
Separation,Resignation/Separation core,SeparationController,WaiveNotice,POST,/api/separation/{id:guid}/notice/waive,Separation.NoticeWaive,PERMISSION,
Separation,Resignation/Separation core,SeparationController,ReviseApprovedLwd,POST,/api/separation/{id:guid}/revise-approved-lwd,Separation.ReviseApprovedLastWorkingDate,PERMISSION,
Separation,Documents,SeparationDocumentController,Templates,GET,/api/separation/documents/templates,Separation.Manage,PERMISSION,
Separation,Documents,SeparationDocumentController,CreateTemplate,POST,/api/separation/documents/templates,Separation.Manage,PERMISSION,
Separation,Documents,SeparationDocumentController,AddVersion,POST,/api/separation/documents/templates/{templateId:guid}/versions,Separation.Manage,PERMISSION,
Separation,Documents,SeparationDocumentController,Publish,POST,/api/separation/documents/templates/{templateId:guid}/versions/{versionId:guid}/publish,Separation.Manage,PERMISSION,
Separation,Documents,SeparationDocumentController,Preview,POST,/api/separation/documents/templates/versions/{versionId:guid}/preview,Separation.Manage,PERMISSION,
Separation,Documents,SeparationDocumentController,Readiness,GET,/api/separation/documents/for/{separationId:guid}/readiness,Separation.ViewAll,PERMISSION,
Separation,Documents,SeparationDocumentController,ForSeparation,GET,/api/separation/documents/for/{separationId:guid},Separation.ViewAll,PERMISSION,
Separation,Documents,SeparationDocumentController,Mine,GET,/api/separation/documents/mine/{separationId:guid},Separation.ViewSelf,PERMISSION,
Separation,Documents,SeparationDocumentController,Generate,POST,/api/separation/documents/for/{separationId:guid}/generate,Separation.Manage,PERMISSION,
Separation,Documents,SeparationDocumentController,Approve,POST,/api/separation/documents/{id:guid}/approve,Separation.Manage,PERMISSION,
Separation,Documents,SeparationDocumentController,Issue,POST,/api/separation/documents/{id:guid}/issue,Separation.Manage,PERMISSION,
Separation,Documents,SeparationDocumentController,Supersede,POST,/api/separation/documents/{id:guid}/supersede,Separation.Manage,PERMISSION,
Separation,Documents,SeparationDocumentController,Cancel,POST,/api/separation/documents/{id:guid}/cancel,Separation.Manage,PERMISSION,
Separation,Documents,SeparationDocumentController,History,GET,/api/separation/documents/{id:guid}/history,Separation.ViewHistory,PERMISSION,
Separation,Documents,SeparationDocumentController,Download,GET,/api/separation/documents/{id:guid}/download,Separation.ViewAll,PERMISSION,
Separation,Documents,SeparationDocumentController,DownloadMine,GET,/api/separation/documents/mine/{id:guid}/download,Separation.ViewSelf,PERMISSION,
Separation,Documents,SeparationDocumentController,Dashboard,GET,/api/separation/documents/dashboard,Separation.ViewAll,PERMISSION,
Separation,Exit execution/closure,SeparationExitController,Readiness,GET,/api/separation/exit/{separationId:guid}/readiness,Separation.ViewAll,PERMISSION,
Separation,Exit execution/closure,SeparationExitController,Get,GET,/api/separation/exit/{separationId:guid},Separation.ViewAll,PERMISSION,
Separation,Exit execution/closure,SeparationExitController,Execute,POST,/api/separation/exit/{separationId:guid}/execute,Separation.Manage,PERMISSION,
Separation,Exit execution/closure,SeparationExitController,Retry,POST,/api/separation/exit/{separationId:guid}/retry,Separation.Manage,PERMISSION,
Separation,Exit execution/closure,SeparationExitController,History,GET,/api/separation/exit/{separationId:guid}/history,Separation.ViewHistory,PERMISSION,
Separation,Exit execution/closure,SeparationExitController,Dashboard,GET,/api/separation/exit/dashboard,Separation.ViewAll,PERMISSION,
Separation,Exit Interview,SeparationExitInterviewController,Templates,GET,/api/separation/exit-interview/templates,Separation.ClearanceConfigure,PERMISSION,
Separation,Exit Interview,SeparationExitInterviewController,CreateTemplate,POST,/api/separation/exit-interview/templates,Separation.ClearanceConfigure,PERMISSION,
Separation,Exit Interview,SeparationExitInterviewController,CreateVersion,POST,/api/separation/exit-interview/templates/{templateId:guid}/versions,Separation.ClearanceConfigure,PERMISSION,
Separation,Exit Interview,SeparationExitInterviewController,Publish,POST,/api/separation/exit-interview/template-versions/{versionId:guid}/publish,Separation.ClearanceConfigure,PERMISSION,
Separation,Exit Interview,SeparationExitInterviewController,Assign,POST,/api/separation/exit-interview/for/{separationId:guid}/assign,Separation.HrReview,PERMISSION,
Separation,Exit Interview,SeparationExitInterviewController,Mine,GET,/api/separation/exit-interview/me,Separation.ViewSelf,PERMISSION,
Separation,Exit Interview,SeparationExitInterviewController,MineForSeparation,GET,/api/separation/exit-interview/me/{separationId:guid},Separation.ViewSelf,PERMISSION,
Separation,Exit Interview,SeparationExitInterviewController,Save,PUT,/api/separation/exit-interview/for/{separationId:guid}/my-responses,Separation.ViewSelf,PERMISSION,
Separation,Exit Interview,SeparationExitInterviewController,Submit,POST,/api/separation/exit-interview/for/{separationId:guid}/submit,Separation.ViewSelf,PERMISSION,
Separation,Exit Interview,SeparationExitInterviewController,Inbox,GET,/api/separation/exit-interview/inbox,Separation.HrReview,PERMISSION,
Separation,Exit Interview,SeparationExitInterviewController,Get,GET,/api/separation/exit-interview/for/{separationId:guid},Separation.HrReview,PERMISSION,
Separation,Exit Interview,SeparationExitInterviewController,StartHr,POST,/api/separation/exit-interview/for/{separationId:guid}/start-hr,Separation.HrReview,PERMISSION,
Separation,Exit Interview,SeparationExitInterviewController,Note,POST,/api/separation/exit-interview/for/{separationId:guid}/hr-note,Separation.HrReview,PERMISSION,
Separation,Exit Interview,SeparationExitInterviewController,Complete,POST,/api/separation/exit-interview/for/{separationId:guid}/complete,Separation.HrReview,PERMISSION,
Separation,Exit Interview,SeparationExitInterviewController,Reopen,POST,/api/separation/exit-interview/for/{separationId:guid}/reopen,Separation.Manage,PERMISSION,
Separation,Exit Interview,SeparationExitInterviewController,Analytics,GET,/api/separation/exit-interview/analytics,Separation.HrReview,PERMISSION,
Separation,Final Settlement orchestration,SeparationSettlementController,Readiness,GET,/api/separation/{id:guid}/settlement/readiness,Separation.ViewAll,PERMISSION,
Separation,Final Settlement orchestration,SeparationSettlementController,Status,GET,/api/separation/{id:guid}/settlement,Separation.ViewAll,PERMISSION,
Separation,Final Settlement orchestration,SeparationSettlementController,Initiate,POST,/api/separation/{id:guid}/settlement/initiate,Separation.Manage,PERMISSION,
Separation,Final Settlement orchestration,SeparationSettlementController,Retry,POST,/api/separation/{id:guid}/settlement/retry,Separation.Manage,PERMISSION,
Separation,Final Settlement orchestration,SeparationSettlementController,History,GET,/api/separation/{id:guid}/settlement/history,Separation.ViewHistory,PERMISSION,
Separation,Final Settlement orchestration,SeparationSettlementController,Dashboard,GET,/api/separation/settlement/dashboard,Separation.ViewAll,PERMISSION,
Masters,Geography (State),StatesController,GetAll,GET,/api/states,Geography.View,PERMISSION,
Masters,Geography (State),StatesController,GetById,GET,/api/states/{id:guid},Geography.View,PERMISSION,
Masters,Geography (State),StatesController,Create,POST,/api/states,Geography.Manage,PERMISSION,
Masters,Geography (State),StatesController,Update,PUT,/api/states/{id:guid},Geography.Manage,PERMISSION,
Masters,Geography (State),StatesController,Delete,DELETE,/api/states/{id:guid},Geography.Manage,PERMISSION,
Payroll,Statutory Filings (external integration),StatutoryFilingsController,Definitions,GET,/api/payroll/statutory-filings/definitions,Payroll.StatutoryFilingView,PERMISSION,
Payroll,Statutory Filings (external integration),StatutoryFilingsController,CreateDefinition,POST,/api/payroll/statutory-filings/definitions,Payroll.StatutoryFilingManage,PERMISSION,
Payroll,Statutory Filings (external integration),StatutoryFilingsController,Connections,GET,/api/payroll/statutory-filings/connections,Payroll.StatutoryFilingManageConnections,PERMISSION,
Payroll,Statutory Filings (external integration),StatutoryFilingsController,CreateConnection,POST,/api/payroll/statutory-filings/connections,Payroll.StatutoryFilingManageConnections,PERMISSION,
Payroll,Statutory Filings (external integration),StatutoryFilingsController,UpdateConnection,PUT,/api/payroll/statutory-filings/connections/{id:guid},Payroll.StatutoryFilingManageConnections,PERMISSION,
Payroll,Statutory Filings (external integration),StatutoryFilingsController,ValidateConnection,POST,/api/payroll/statutory-filings/connections/{id:guid}/validate,Payroll.StatutoryFilingManageConnections,PERMISSION,
Payroll,Statutory Filings (external integration),StatutoryFilingsController,CreateRun,POST,/api/payroll/statutory-filings/runs,Payroll.StatutoryFilingManage,PERMISSION,
Payroll,Statutory Filings (external integration),StatutoryFilingsController,Runs,GET,/api/payroll/statutory-filings/runs,Payroll.StatutoryFilingView,PERMISSION,
Payroll,Statutory Filings (external integration),StatutoryFilingsController,Generate,POST,/api/payroll/statutory-filings/runs/{id:guid}/generate,Payroll.StatutoryFilingGenerate,PERMISSION,
Payroll,Statutory Filings (external integration),StatutoryFilingsController,Validate,POST,/api/payroll/statutory-filings/runs/{id:guid}/validate,Payroll.StatutoryFilingValidate,PERMISSION,
Payroll,Statutory Filings (external integration),StatutoryFilingsController,SubmitForApproval,POST,/api/payroll/statutory-filings/runs/{id:guid}/submit-for-approval,Payroll.StatutoryFilingSubmitForApproval,PERMISSION,
Payroll,Statutory Filings (external integration),StatutoryFilingsController,Approve,POST,/api/payroll/statutory-filings/runs/{id:guid}/approve,Payroll.StatutoryFilingApprove,PERMISSION,
Payroll,Statutory Filings (external integration),StatutoryFilingsController,Submit,POST,/api/payroll/statutory-filings/runs/{id:guid}/submit,Payroll.StatutoryFilingSubmit,PERMISSION,
Payroll,Statutory Filings (external integration),StatutoryFilingsController,Reject,POST,/api/payroll/statutory-filings/runs/{id:guid}/reject,Payroll.StatutoryFilingApprove,PERMISSION,
Payroll,Statutory Filings (external integration),StatutoryFilingsController,Acknowledge,POST,/api/payroll/statutory-filings/runs/{id:guid}/acknowledgements,Payroll.StatutoryFilingSubmit,PERMISSION,
Payroll,Statutory Filings (external integration),StatutoryFilingsController,Cancel,POST,/api/payroll/statutory-filings/runs/{id:guid}/cancel,Payroll.StatutoryFilingCancel,PERMISSION,
Payroll,Statutory Filings (external integration),StatutoryFilingsController,Package,GET,/api/payroll/statutory-filings/runs/{id:guid}/package,Payroll.StatutoryFilingView,PERMISSION,
Payroll,Statutory Filings (external integration),StatutoryFilingsController,Download,GET,/api/payroll/statutory-filings/runs/{id:guid}/download,Payroll.StatutoryFilingExport,PERMISSION,
Payroll,Statutory Filings (external integration),StatutoryFilingsController,Issues,GET,/api/payroll/statutory-filings/runs/{id:guid}/issues,Payroll.StatutoryFilingView,PERMISSION,
Payroll,Statutory Configuration & Profile,StatutoryPayrollController,Configurations,GET,/api/payroll/statutory-configurations,Payroll.StatutoryView,PERMISSION,
Payroll,Statutory Configuration & Profile,StatutoryPayrollController,Configuration,GET,/api/payroll/statutory-configurations/{id:guid},Payroll.StatutoryView,PERMISSION,
Payroll,Statutory Configuration & Profile,StatutoryPayrollController,CreateConfiguration,POST,/api/payroll/statutory-configurations,Payroll.StatutoryManage,PERMISSION,
Payroll,Statutory Configuration & Profile,StatutoryPayrollController,AddVersion,POST,/api/payroll/statutory-configurations/{id:guid}/versions,Payroll.StatutoryManage,PERMISSION,
Payroll,Statutory Configuration & Profile,StatutoryPayrollController,Profile,GET,/api/payroll/employees/{employeeId:guid}/statutory-profile,Payroll.EmployeeStatutoryView,PERMISSION,
Payroll,Statutory Configuration & Profile,StatutoryPayrollController,SaveProfile,PUT,/api/payroll/employees/{employeeId:guid}/statutory-profile,Payroll.EmployeeStatutoryManage,PERMISSION,
Payroll,Statutory Configuration & Profile,StatutoryPayrollController,Results,GET,/api/payroll/runs/{runId:guid}/results/{employeeId:guid}/statutory,Payroll.StatutoryView,PERMISSION,
Platform Administration,System Info (anonymous diagnostic),SystemController,GetInfo,GET,/api/system/info,,ANONYMOUS,class-level [AllowAnonymous]; dev-only detail
Payroll,Tax Declarations,TaxDeclarationsController,Get,GET,/api/me/tax-declarations,Payroll.TaxDeclarationViewOwn,PERMISSION,
Payroll,Tax Declarations,TaxDeclarationsController,Create,POST,/api/me/tax-declarations,Payroll.TaxDeclarationManageOwn,PERMISSION,
Payroll,Tax Declarations,TaxDeclarationsController,AddLine,POST,/api/me/tax-declarations/lines,Payroll.TaxDeclarationManageOwn,PERMISSION,
Payroll,Tax Declarations,TaxDeclarationsController,UpdateLine,PUT,/api/me/tax-declarations/{declarationId:guid}/lines/{lineId:guid},Payroll.TaxDeclarationManageOwn,PERMISSION,
Payroll,Tax Declarations,TaxDeclarationsController,DeleteLine,DELETE,/api/me/tax-declarations/{declarationId:guid}/lines/{lineId:guid},Payroll.TaxDeclarationManageOwn,PERMISSION,
Payroll,Tax Declarations,TaxDeclarationsController,Submit,POST,/api/me/tax-declarations/submit,Payroll.TaxDeclarationManageOwn,PERMISSION,
Payroll,Tax Declarations,TaxDeclarationsController,Resubmit,POST,/api/me/tax-declarations/{declarationId:guid}/resubmit,Payroll.TaxDeclarationManageOwn,PERMISSION,
Payroll,Tax Declarations,TaxDeclarationsController,AddProof,POST,/api/me/tax-declarations/proofs,Payroll.TaxDeclarationManageOwn,PERMISSION,
Payroll,Tax Declarations,TaxDeclarationsController,ReplaceProof,POST,/api/me/tax-declarations/{declarationId:guid}/lines/{lineId:guid}/proofs/{proofId:guid}/replace,Payroll.TaxDeclarationManageOwn,PERMISSION,
Payroll,Tax Declarations,TaxDeclarationsController,Cycles,GET,/api/payroll/tax-declarations/cycles,Payroll.TaxDeclarationReview,PERMISSION,
Payroll,Tax Declarations,TaxDeclarationsController,CreateCycle,POST,/api/payroll/tax-declarations/cycles,Payroll.TaxDeclarationConfigure,PERMISSION,
Payroll,Tax Declarations,TaxDeclarationsController,CreateCategory,POST,/api/payroll/tax-declarations/categories,Payroll.TaxDeclarationConfigure,PERMISSION,
Payroll,Tax Declarations,TaxDeclarationsController,CreateItem,POST,/api/payroll/tax-declarations/items,Payroll.TaxDeclarationConfigure,PERMISSION,
Payroll,Tax Declarations,TaxDeclarationsController,Review,GET,/api/payroll/tax-declarations/review,Payroll.TaxDeclarationReview,PERMISSION,
Payroll,Tax Declarations,TaxDeclarationsController,ReviewLine,POST,/api/payroll/tax-declarations/{id:guid}/review,Payroll.TaxDeclarationReview,PERMISSION,
Payroll,Tax Declarations,TaxDeclarationsController,ReviewProof,POST,/api/payroll/tax-declarations/{id:guid}/lines/{lineId:guid}/proofs/{proofId:guid}/review,Payroll.TaxDeclarationReview,PERMISSION,
Payroll,Tax Declarations,TaxDeclarationsController,Approve,POST,/api/payroll/tax-declarations/{id:guid}/approve,Payroll.TaxDeclarationApprove,PERMISSION,
Payroll,Tax Declarations,TaxDeclarationsController,RequestResubmission,POST,/api/payroll/tax-declarations/{id:guid}/request-resubmission,Payroll.TaxDeclarationReview,PERMISSION,
Payroll,Tax Declarations,TaxDeclarationsController,Lock,POST,/api/payroll/tax-declarations/{id:guid}/lock,Payroll.TaxDeclarationApprove,PERMISSION,
Payroll,Tax Declarations,TaxDeclarationsController,Reopen,POST,/api/payroll/tax-declarations/{id:guid}/reopen,Payroll.TaxDeclarationReopen,PERMISSION,
Payroll,Tax Declarations,TaxDeclarationsController,Audit,GET,/api/payroll/tax-declarations/{id:guid}/audit,Payroll.TaxDeclarationViewAudit,PERMISSION,
Platform Administration,Tenant Branding & Login/Recovery Settings,TenantsController,GetCurrentBranding,GET,/api/tenants/current/branding,,ANONYMOUS,rate-limited
Platform Administration,Tenant Branding & Login/Recovery Settings,TenantsController,GetLoginSettings,GET,/api/tenants/current/login-settings,User.Edit,PERMISSION,
Platform Administration,Tenant Branding & Login/Recovery Settings,TenantsController,UpdateLoginSettings,PUT,/api/tenants/current/login-settings,User.Edit,PERMISSION,
Platform Administration,Tenant Branding & Login/Recovery Settings,TenantsController,GetPasswordRecoverySettings,GET,/api/tenants/current/password-recovery-settings,User.Edit,PERMISSION,
Platform Administration,Tenant Branding & Login/Recovery Settings,TenantsController,UpdatePasswordRecoverySettings,PUT,/api/tenants/current/password-recovery-settings,User.Edit,PERMISSION,
Payroll,Variable Pay,VariablePayController,Plans,GET,/api/payroll/variable-pay-plans,Payroll.VariablePayView,PERMISSION,
Payroll,Variable Pay,VariablePayController,CreatePlan,POST,/api/payroll/variable-pay-plans,Payroll.VariablePayManagePlans,PERMISSION,
Payroll,Variable Pay,VariablePayController,UpdatePlan,PUT,/api/payroll/variable-pay-plans/{id:guid},Payroll.VariablePayManagePlans,PERMISSION,
Payroll,Variable Pay,VariablePayController,AddVersion,POST,/api/payroll/variable-pay-plans/{id:guid}/versions,Payroll.VariablePayManagePlans,PERMISSION,
Payroll,Variable Pay,VariablePayController,Awards,GET,/api/payroll/variable-pay-awards,Payroll.VariablePayView,PERMISSION,
Payroll,Variable Pay,VariablePayController,Get,GET,/api/payroll/variable-pay-awards/{id:guid},Payroll.VariablePayView,PERMISSION,
Payroll,Variable Pay,VariablePayController,Preview,POST,/api/payroll/variable-pay-awards/generate-preview,Payroll.VariablePayCalculate,PERMISSION,
Payroll,Variable Pay,VariablePayController,Generate,POST,/api/payroll/variable-pay-awards/generate,Payroll.VariablePayCreateAward,PERMISSION,
Payroll,Variable Pay,VariablePayController,GenerateBulk,POST,/api/payroll/variable-pay-awards/generate-bulk,Payroll.VariablePayCreateAward,PERMISSION,
Payroll,Variable Pay,VariablePayController,Submit,POST,/api/payroll/variable-pay-awards/{id:guid}/submit,Payroll.VariablePaySubmit,PERMISSION,
Payroll,Variable Pay,VariablePayController,Approve,POST,/api/payroll/variable-pay-awards/{id:guid}/approve,Payroll.VariablePayApprove,PERMISSION,
Payroll,Variable Pay,VariablePayController,Reject,POST,/api/payroll/variable-pay-awards/{id:guid}/reject,Payroll.VariablePayApprove,PERMISSION,
Payroll,Variable Pay,VariablePayController,Override,POST,/api/payroll/variable-pay-awards/{id:guid}/override,Payroll.VariablePayOverride,PERMISSION,
Payroll,Variable Pay,VariablePayController,Cancel,POST,/api/payroll/variable-pay-awards/{id:guid}/cancel,Payroll.VariablePayCancel,PERMISSION,
Payroll,Variable Pay,VariablePayController,Settle,POST,/api/payroll/variable-pay-awards/{id:guid}/settle,Payroll.VariablePayApprove,PERMISSION,
Payroll,Variable Pay,VariablePayController,History,GET,/api/payroll/variable-pay-awards/{id:guid}/history,Payroll.VariablePayViewHistory,PERMISSION,
Payroll,Variable Pay,VariablePayController,My,GET,/api/me/variable-pay,Payroll.VariablePayView,PERMISSION,
Payroll,Variable Pay,VariablePayController,MyDetail,GET,/api/me/variable-pay/{id:guid},Payroll.VariablePayView,PERMISSION,
Payroll,Variable Pay,VariablePayController,MyHistory,GET,/api/me/variable-pay/{id:guid}/history,Payroll.VariablePayViewHistory,PERMISSION,
Payroll,Year-end Tax,YearEndTaxController,Runs,GET,/api/payroll/year-end-tax/runs,Payroll.YearEndTaxView,PERMISSION,
Payroll,Year-end Tax,YearEndTaxController,Create,POST,/api/payroll/year-end-tax/runs,Payroll.YearEndTaxManage,PERMISSION,
Payroll,Year-end Tax,YearEndTaxController,Get,GET,/api/payroll/year-end-tax/runs/{id:guid},Payroll.YearEndTaxView,PERMISSION,
Payroll,Year-end Tax,YearEndTaxController,Calculate,POST,/api/payroll/year-end-tax/runs/{id:guid}/calculate,Payroll.YearEndTaxCalculate,PERMISSION,
Payroll,Year-end Tax,YearEndTaxController,Employees,GET,/api/payroll/year-end-tax/runs/{id:guid}/employees,Payroll.YearEndTaxView,PERMISSION,
Payroll,Year-end Tax,YearEndTaxController,Employee,GET,/api/payroll/year-end-tax/runs/{id:guid}/employees/{employeeId:guid},Payroll.YearEndTaxView,PERMISSION,
Payroll,Year-end Tax,YearEndTaxController,AddPreviousEmployer,POST,/api/payroll/year-end-tax/runs/{id:guid}/previous-employer,Payroll.YearEndTaxManage,PERMISSION,
Payroll,Year-end Tax,YearEndTaxController,UpdatePreviousEmployer,PUT,/api/payroll/year-end-tax/runs/{id:guid}/previous-employer/{inputId:guid},Payroll.YearEndTaxManage,PERMISSION,
Payroll,Year-end Tax,YearEndTaxController,Submit,POST,/api/payroll/year-end-tax/runs/{id:guid}/submit,Payroll.YearEndTaxSubmit,PERMISSION,
Payroll,Year-end Tax,YearEndTaxController,Approve,POST,/api/payroll/year-end-tax/runs/{id:guid}/approve,Payroll.YearEndTaxApprove,PERMISSION,
Payroll,Year-end Tax,YearEndTaxController,Close,POST,/api/payroll/year-end-tax/runs/{id:guid}/close,Payroll.YearEndTaxClose,PERMISSION,
Payroll,Year-end Tax,YearEndTaxController,Cancel,POST,/api/payroll/year-end-tax/runs/{id:guid}/cancel,Payroll.YearEndTaxManage,PERMISSION,
Payroll,Year-end Tax,YearEndTaxController,Handoff,POST,/api/payroll/year-end-tax/runs/{id:guid}/adjustments/handoff,Payroll.YearEndTaxManage,PERMISSION,
Payroll,Year-end Tax,YearEndTaxController,History,GET,/api/payroll/year-end-tax/runs/{id:guid}/history,Payroll.YearEndTaxViewHistory,PERMISSION,
Payroll,Year-end Tax,YearEndTaxController,Export,GET,/api/payroll/year-end-tax/runs/{id:guid}/export/{kind},Payroll.YearEndTaxExport,PERMISSION,
