Module,Group,Functionality ID,Functionality,Implementation Status,UI,API,Service,Permission,DB Impact,Manual Case Count,Manual Test Cases,Existing Test Count,Existing Tests,Automation Tests (Playwright),Defects
08-attendance,Foundation - Shift,F-ATT-001,List Shifts for the tenant,Implemented,AttendanceFoundationPage Shift Master list,GET /api/attendance/shifts,AttendanceFoundationService.GetShiftsAsync,Attendance.View,Shifts,1,ATT-SHIFT-001,0,,,
08-attendance,Foundation - Shift,F-ATT-002,"Create a Shift (code/name required, imperative service-layer validation, no DTO annotations)",Implemented,AttendanceFoundationPage Shift Master create,POST /api/attendance/shifts,AttendanceFoundationService.SaveShiftAsync,Attendance.ShiftManage,"Shifts, ShiftBreaks",5,"ATT-SHIFT-002, ATT-SHIFT-003, ATT-SHIFT-004, ATT-SHIFT-007, ATT-SHIFT-016",0,,,
08-attendance,Foundation - Shift,F-ATT-003,Update a Shift; ConcurrencyToken is effectively mandatory (null/blank always Conflicts),Implemented,AttendanceFoundationPage Shift Master edit,PUT /api/attendance/shifts/{id},AttendanceFoundationService.SaveShiftAsync,Attendance.ShiftManage,Shifts,1,ATT-SHIFT-013,0,,,
08-attendance,Foundation - Shift,F-ATT-004,"Shift minute-field validation is inconsistent: MinimumWorkMinutes/FullDayWorkMinutes/GraceIn/GraceOut/MaximumEarlyMarkIn/MaximumPostShift reject negatives, but HalfDayWorkMinutes/LateThresholdMinutes/EarlyOutThresholdMinutes do not",Implemented,AttendanceFoundationPage Shift Master form,POST /api/attendance/shifts,AttendanceFoundationService.ValidateShift,Attendance.ShiftManage,Shifts,1,ATT-SHIFT-006,0,,,
08-attendance,Foundation - Shift,F-ATT-005,"Default-shift overlap guard on save; the overlap query does not filter by the OTHER shift's IsActive, so an inactive default can still block a new default with an overlapping interval",Implemented,AttendanceFoundationPage Shift Master IsDefault toggle,POST /api/attendance/shifts,AttendanceFoundationService.SaveShiftAsync,Attendance.ShiftManage,Shifts,2,"ATT-SHIFT-009, ATT-SHIFT-010",0,,,
08-attendance,Foundation - Shift,F-ATT-006,"Shift Breaks validation (unique Sequence, non-blank Name, EndTime after StartTime - breaks cannot cross midnight) and full replace-on-save (break identity/Id is never preserved across saves)",Implemented,AttendanceFoundationPage Shift Master breaks editor,POST /api/attendance/shifts,AttendanceFoundationService.SaveShiftAsync,Attendance.ShiftManage,ShiftBreaks,2,"ATT-SHIFT-011, ATT-SHIFT-012",0,,,
08-attendance,Foundation - Shift,F-ATT-007,"Deactivating a Shift (IsActive=false) does not invalidate or cascade to existing ShiftApplicabilityRule/ShiftPatternDay/EmployeeRosterDay references, which keep resolving to the inactive Shift",Implemented,AttendanceFoundationPage Shift Master deactivate,"POST/PUT /api/attendance/shifts, GET /api/attendance/employees/{id}/roster/{date}",AttendanceFoundationService.ResolveAsync,Attendance.ShiftManage / Attendance.View,"Shifts, ShiftApplicabilityRules, ShiftPatternDays, EmployeeRosterDays",1,ATT-SHIFT-014,0,,,
08-attendance,Foundation - Shift,F-ATT-008,"Capture-source cross-validation (UseDefaultAttendanceMethodology, AllowedAttendanceSources flags, PrimaryAttendanceSource subset check, legacy CaptureMode conflict check)",Implemented,AttendanceFoundationPage Shift Master capture-methodology section,POST /api/attendance/shifts,AttendanceFoundationService.ValidateCaptureSources,Attendance.ShiftManage,Shifts,1,ATT-SHIFT-008,0,,,
08-attendance,Foundation - Shift,F-ATT-009,Shift effective-date validation (EffectiveTo before EffectiveFrom) and period-lock intersection guard (only enforced when IAttendancePeriodLockService is wired),Implemented,AttendanceFoundationPage Shift Master effective dates,POST /api/attendance/shifts,AttendanceFoundationService.SaveShiftAsync,Attendance.ShiftManage,Shifts,1,ATT-SHIFT-005,0,,,
08-attendance,Foundation - Shift,F-ATT-010,Shift ShiftCode uniqueness and all Shift CRUD are tenant-scoped (explicit TenantId filter plus a unique index),Implemented,AttendanceFoundationPage Shift Master,GET/POST/PUT /api/attendance/shifts,AttendanceFoundationService,Attendance.View / Attendance.ShiftManage,Shifts,2,"ATT-SHIFT-004, ATT-SHIFT-015",0,,,
08-attendance,Foundation - Shift Pattern,F-ATT-011,List Shift Patterns for the tenant,Implemented,ShiftPatternsPage list,GET /api/attendance/patterns,AttendanceFoundationService.GetPatternsAsync,Attendance.View,"ShiftPatterns, ShiftPatternDays",2,"ATT-PATTERN-001, ATT-PATTERN-010",0,,,
08-attendance,Foundation - Shift Pattern,F-ATT-012,Create a Shift Pattern (Code/Name required; CycleLengthDays 1..366 and Days.Count must equal CycleLengthDays with no duplicate SequenceDay),Implemented,ShiftPatternsPage create,POST /api/attendance/patterns,AttendanceFoundationService.CreatePatternAsync,Attendance.PatternManage,"ShiftPatterns, ShiftPatternDays",3,"ATT-PATTERN-002, ATT-PATTERN-003, ATT-PATTERN-004",0,,,
08-attendance,Foundation - Shift Pattern,F-ATT-013,Every distinct ShiftId referenced by a Pattern day must belong to the tenant and be active,Implemented,ShiftPatternsPage create day editor,POST /api/attendance/patterns,AttendanceFoundationService.CreatePatternAsync,Attendance.PatternManage,ShiftPatternDays,1,ATT-PATTERN-005,0,,,
08-attendance,Foundation - Shift Pattern,F-ATT-014,"No update, delete, or deactivate endpoint exists for Shift Patterns - creation is the only mutating API surface",Implemented (contract gap),ShiftPatternsPage (no edit affordance),PUT/DELETE /api/attendance/patterns/{id} (route does not exist),n/a,n/a,ShiftPatterns,1,ATT-PATTERN-009,0,,,
08-attendance,Foundation - Shift Pattern,F-ATT-015,"A Pattern day with DayType=Shift and ShiftId=null is accepted by the backend with no validation error, unlike the frontend's client-side enforcement",Implemented (gap),ShiftPatternsPage day editor,POST /api/attendance/patterns,AttendanceFoundationService.CreatePatternAsync,Attendance.PatternManage,ShiftPatternDays,1,ATT-PATTERN-006,0,,,
08-attendance,Foundation - Shift Pattern,F-ATT-016,"Shift Pattern creation does not validate EffectiveTo against EffectiveFrom ordering, unlike Shift and Applicability",Implemented (gap),ShiftPatternsPage create,POST /api/attendance/patterns,AttendanceFoundationService.CreatePatternAsync,Attendance.PatternManage,ShiftPatterns,1,ATT-PATTERN-007,0,,,
08-attendance,Foundation - Shift Pattern,F-ATT-017,"Shift Pattern creation has no period-lock check at all, unlike Shift/Applicability/Roster",Implemented (inconsistency),ShiftPatternsPage create,POST /api/attendance/patterns,AttendanceFoundationService.CreatePatternAsync,Attendance.PatternManage,ShiftPatterns,1,ATT-PATTERN-008,0,,,
08-attendance,Foundation - Applicability,F-ATT-018,List and get-by-id Shift Applicability Rules,Implemented,AttendanceFoundationPage Applicability list,"GET /api/attendance/shift-applicability, GET /api/attendance/shift-applicability/{id}",AttendanceFoundationService.GetApplicabilityAsync/GetApplicabilityByIdAsync,Attendance.View,ShiftApplicabilityRules,1,ATT-APPLIC-017,0,,,
08-attendance,Foundation - Applicability,F-ATT-019,"Create an Applicability rule (RuleName required, <=200 chars; exactly one of ShiftId/ShiftPatternId; EffectiveTo>=EffectiveFrom; ShiftId/ShiftPatternId/EmployeeId must exist+be active in-tenant)",Implemented,AttendanceFoundationPage Applicability create,POST /api/attendance/applicability,AttendanceFoundationService.AddApplicabilityAsync,Attendance.PatternManage,ShiftApplicabilityRules,4,"ATT-APPLIC-001, ATT-APPLIC-002, ATT-APPLIC-003, ATT-APPLIC-004",0,,,
08-attendance,Foundation - Applicability,F-ATT-020,"Update an Applicability rule via a differently-named route (shift-applicability, not applicability); the XOR-target validation error field is named 'target' on update vs 'shiftId' on create for the identical rule",Implemented,AttendanceFoundationPage Applicability edit,PUT /api/attendance/shift-applicability/{id},AttendanceFoundationService.UpdateApplicabilityAsync,Attendance.PatternManage,ShiftApplicabilityRules,2,"ATT-APPLIC-006, ATT-APPLIC-007",0,,,
08-attendance,Foundation - Applicability,F-ATT-021,Delete an Applicability rule with no dependency/usage check,Implemented,AttendanceFoundationPage Applicability delete,DELETE /api/attendance/shift-applicability/{id},AttendanceFoundationService.DeleteApplicabilityAsync,Attendance.PatternManage,ShiftApplicabilityRules,1,ATT-APPLIC-009,0,,,
08-attendance,Foundation - Applicability,F-ATT-022,"GET responses for an Applicability rule drop 10 of the ~16 supported dimension conditions (Gender, HoldingCompanyId, LobId, OrganisationId, SubDepartmentId, SectionId, SubSectionId, FunctionId, SubFunctionId, CountryLocationId) from the Conditions dictionary, even though they are persisted and used in resolution matching",Implemented (gap - CR-91),AttendanceFoundationPage Applicability detail,GET /api/attendance/shift-applicability/{id},AttendanceFoundationService.ToApplicabilityDto,Attendance.View,ShiftApplicabilityRules,1,ATT-APPLIC-005,0,,,
08-attendance,Foundation - Applicability,F-ATT-023,"Update skips the existence/active validation that Create performs for ShiftId/ShiftPatternId/EmployeeId, allowing a PUT to silently point a rule at a nonexistent or inactive target",Implemented (gap - CR-95),AttendanceFoundationPage Applicability edit,PUT /api/attendance/shift-applicability/{id},AttendanceFoundationService.UpdateApplicabilityAsync,Attendance.PatternManage,ShiftApplicabilityRules,1,ATT-APPLIC-008,0,,,
08-attendance,Foundation - Applicability,F-ATT-024,No creation-time duplicate/ambiguity detection between Applicability rules; two functionally-identical rules can both be saved and ambiguity is only surfaced as a Conflict at resolve time,Implemented,AttendanceFoundationPage Applicability create (second rule),"POST /api/attendance/applicability, GET /api/attendance/employees/{id}/roster/{date}",AttendanceFoundationService.ResolveAsync,Attendance.PatternManage / Attendance.View,ShiftApplicabilityRules,1,ATT-APPLIC-010,0,,,
08-attendance,Foundation - Applicability,F-ATT-025,"Resolve an employee's effective Shift for a date: explicit roster row > best-matching Applicability rule (highest Priority, then highest Specificity, tie = Conflict) > tenant default Shift (2+ actives = Conflict) > calendar Holiday/WeeklyOff > NotConfigured",Implemented,AttendanceFoundationPage Roster grid cell,GET /api/attendance/employees/{employeeId}/roster/{date},AttendanceFoundationService.ResolveAsync,Attendance.View,"ShiftApplicabilityRules, Shifts, EmployeeRosterDays",4,"ATT-APPLIC-011, ATT-APPLIC-012, ATT-APPLIC-013, ATT-APPLIC-014",0,,,
08-attendance,Foundation - Applicability,F-ATT-026,Contract inconsistencies on Applicability endpoints: create route uses singular 'applicability' while list/detail/update/delete use 'shift-applicability',Implemented (contract gap),n/a (API surface only),POST /api/attendance/applicability vs GET/PUT/DELETE /api/attendance/shift-applicability/{id},AttendanceFoundationController,Attendance.PatternManage,n/a,1,ATT-APPLIC-018,0,,,
08-attendance,Foundation - Applicability,F-ATT-027,"Applicability effective-dating is inclusive on both ends and resolution uses the employee's historical effective-employment snapshot as of the resolution date, not current employment",Implemented,AttendanceFoundationPage Roster grid,GET /api/attendance/employees/{employeeId}/roster/{date},AttendanceFoundationService.ResolveAsync,Attendance.View,"ShiftApplicabilityRules, EmployeeEmploymentHistory",2,"ATT-APPLIC-015, ATT-APPLIC-016",0,,,
08-attendance,Foundation - Applicability,F-ATT-028,Applicability rule CRUD and resolution are tenant-isolated (explicit TenantId filter on every query),Implemented,AttendanceFoundationPage Applicability,GET/POST/PUT/DELETE /api/attendance/(shift-)applicability,AttendanceFoundationService,Attendance.View / Attendance.PatternManage,ShiftApplicabilityRules,1,ATT-APPLIC-017,0,,,
08-attendance,Foundation - Roster,F-ATT-029,"Assign a Roster override for one or more employees over a date range (date-range/employee-list required, row cap 100,000, period-lock guard)",Implemented,AttendanceFoundationPage Roster Assignment,POST /api/attendance/roster/assign,AttendanceFoundationService.AssignRosterAsync,Attendance.RosterManage,"EmployeeRosterDays, EmployeeRosterChangeHistory",4,"ATT-ROSTER-001, ATT-ROSTER-002, ATT-ROSTER-003, ATT-ROSTER-005",0,,,
08-attendance,Foundation - Roster,F-ATT-030,Roster assignment requires an active in-tenant ShiftId when DayType=Shift,Implemented,AttendanceFoundationPage Roster Assignment,POST /api/attendance/roster/assign,AttendanceFoundationService.AssignRosterAsync,Attendance.RosterManage,EmployeeRosterDays,1,ATT-ROSTER-004,0,,,
08-attendance,Foundation - Roster,F-ATT-031,"Roster assignment/removal for an out-of-scope employee (per IAttendanceAuthorizationService) returns NotFound, not Forbidden, so existence is never leaked",Implemented,AttendanceFoundationPage Roster Assignment,"POST /api/attendance/roster/assign, DELETE /api/attendance/roster/{employeeId}/{date}",AttendanceFoundationService.AssignRosterAsync/RemoveRosterAsync,Attendance.RosterManage,EmployeeRosterDays,1,ATT-ROSTER-006,0,,,
08-attendance,Foundation - Roster,F-ATT-032,Re-submitting an identical roster assignment is a no-op (no new history row) ONLY when the existing row's AssignmentSource is Manual; an identical-looking row from Upload/Auto still writes a new row and upgrades the source,Implemented,AttendanceFoundationPage Roster Assignment,POST /api/attendance/roster/assign,AttendanceFoundationService.AssignRosterAsync,Attendance.RosterManage,"EmployeeRosterDays, EmployeeRosterChangeHistory",2,"ATT-ROSTER-007, ATT-ROSTER-008",0,,,
08-attendance,Foundation - Roster,F-ATT-033,"IsCalendarOverride is computed as true whenever DayType=WeeklyOff (unconditionally, even over an already-working calendar day) OR the underlying calendar is Holiday/WeeklyOff and the new DayType is Shift",Implemented (semantic gap),AttendanceFoundationPage Roster grid 'Calendar Override' badge,POST /api/attendance/roster/assign,AttendanceFoundationService.AssignRosterAsync,Attendance.RosterManage,"EmployeeRosterDays, EmployeeRosterChangeHistory",1,ATT-ROSTER-009,0,,,
08-attendance,Foundation - Roster,F-ATT-034,"OriginalShiftId is captured once on first override and never updated again, but no API endpoint ever reads or restores from it - a dead audit field",Implemented (dead field),n/a,POST /api/attendance/roster/assign,AttendanceFoundationService.AssignRosterAsync,Attendance.RosterManage,EmployeeRosterDays,1,ATT-ROSTER-010,0,,,
08-attendance,Foundation - Roster,F-ATT-035,"Remove a Roster override for one employee/date; requires an existing explicit row and a period-lock check, then reverts to calendar/automatic resolution",Implemented,AttendanceFoundationPage Roster grid 'Remove Override',DELETE /api/attendance/roster/{employeeId}/{date},AttendanceFoundationService.RemoveRosterAsync,Attendance.RosterManage,"EmployeeRosterDays, EmployeeRosterChangeHistory",2,"ATT-ROSTER-011, ATT-ROSTER-012",0,,,
08-attendance,Foundation - Roster,F-ATT-036,"Roster assignment and removal are both blocked by a closed Attendance period, with wording that differs from the Shift/Applicability period-lock messages",Implemented (message inconsistency),AttendanceFoundationPage Roster Assignment,"POST /api/attendance/roster/assign, DELETE /api/attendance/roster/{employeeId}/{date}",AttendanceFoundationService.AssignRosterAsync/RemoveRosterAsync,Attendance.RosterManage,EmployeeRosterDays,1,ATT-ROSTER-013,0,,,
08-attendance,Foundation - Roster Grid,F-ATT-037,Query the effective Roster grid: FromDate/ToDate are required and range-capped at 366 days,Implemented,AttendanceFoundationPage Roster grid,GET /api/attendance/roster,AttendanceFoundationService.GetRosterAsync,Attendance.View,EmployeeRosterDays,1,ATT-ROSTER-014,0,,,
08-attendance,Foundation - Roster Grid,F-ATT-038,Roster grid query applies the caller's authorized-employee scope predicate before resolving rows,Implemented,AttendanceFoundationPage Roster grid,GET /api/attendance/roster,AttendanceFoundationService.GetRosterAsync,Attendance.View,EmployeeRosterDays,1,ATT-ROSTER-015,0,,,
08-attendance,Foundation - Roster Grid,F-ATT-039,"Roster grid resolves every employee x every day in range individually before paginating IN MEMORY - Page/PageSize do not reduce the underlying resolution work, a scale risk with no additional cap beyond the 366-day range limit",Implemented (performance risk),AttendanceFoundationPage Roster grid,GET /api/attendance/roster,AttendanceFoundationService.GetRosterAsync,Attendance.View,EmployeeRosterDays,1,ATT-ROSTER-015B,0,,,
08-attendance,Foundation - Roster Grid,F-ATT-040,Roster grid classifies a row's DayType for WeeklyOff/Holiday by parsing the resolution's human-readable Message string prefix rather than a structured field - fragile coupling to message wording,Implemented (fragile coupling),AttendanceFoundationPage Roster grid,GET /api/attendance/roster,AttendanceFoundationService.GetRosterAsync,Attendance.View,n/a,1,ATT-ROSTER-016,0,,,
08-attendance,Foundation - Roster Grid,F-ATT-041,"Roster grid query is tenant-isolated across every underlying data source (manual, upload, applicability, pattern, default, calendar)",Implemented,AttendanceFoundationPage Roster grid,GET /api/attendance/roster,AttendanceFoundationService.GetRosterAsync,Attendance.View,EmployeeRosterDays,1,ATT-ROSTER-017,0,,,
08-attendance,Foundation - Roster Upload,F-ATT-042,Download the Roster upload CSV template,Implemented,AttendanceFoundationPage Roster Upload,GET /api/attendance/roster/template,AttendanceFoundationController,Attendance.RosterUpload,n/a,1,ATT-UPLOAD-001,0,,,
08-attendance,Foundation - Roster Upload,F-ATT-043,"Validate a Roster upload CSV: file-required check runs in the controller (not the service); headers must exactly match EmployeeCode,Date,ShiftCode,DayType; row cap 100,000; 10MB request-size cap",Implemented,AttendanceFoundationPage Roster Upload,POST /api/attendance/roster/upload/validate,AttendanceFoundationService.ValidateRosterUploadAsync,Attendance.RosterUpload,"RosterUploadBatches, RosterUploadRows",3,"ATT-UPLOAD-002, ATT-UPLOAD-003, ATT-UPLOAD-004",0,,,
08-attendance,Foundation - Roster Upload,F-ATT-044,"Per-row upload validation: Date parseable, DayType parseable (NonWorking coerced as the fallback for an unparsable value even though the row is still flagged invalid), ShiftCode empty for NonWorking, EmployeeCode resolves in-tenant, ShiftCode resolves to an active in-tenant Shift when DayType=Shift, and per-row authorization scope",Implemented,AttendanceFoundationPage Roster Upload preview,POST /api/attendance/roster/upload/validate,AttendanceFoundationService.ValidateRosterUploadAsync,Attendance.RosterUpload,RosterUploadRows,2,"ATT-UPLOAD-005, ATT-UPLOAD-006",0,,,
08-attendance,Foundation - Roster Upload,F-ATT-045,"A duplicate EmployeeCode|Date row within the same upload file invalidates BOTH the first-seen row and the duplicate, not just the later one",Implemented,AttendanceFoundationPage Roster Upload preview,POST /api/attendance/roster/upload/validate,AttendanceFoundationService.ValidateRosterUploadAsync,Attendance.RosterUpload,RosterUploadRows,1,ATT-UPLOAD-007,0,,,
08-attendance,Foundation - Roster Upload,F-ATT-046,"A Failed validation batch (InvalidRows > 0) is still persisted permanently as an audit trail, with no visible cleanup/expiry path",Implemented,AttendanceFoundationPage Roster Upload history,POST /api/attendance/roster/upload/validate,AttendanceFoundationService.ValidateRosterUploadAsync,Attendance.RosterUpload,RosterUploadBatches,1,ATT-UPLOAD-008,0,,,
08-attendance,Foundation - Roster Upload,F-ATT-047,"Commit a Roster upload batch; only a batch whose status is exactly Validated can be committed, and only its valid rows are applied",Implemented,AttendanceFoundationPage Roster Upload commit,POST /api/attendance/roster/upload/{batchId}/commit,AttendanceFoundationService.CommitRosterUploadAsync,Attendance.RosterUpload,"RosterUploadBatches, EmployeeRosterDays, EmployeeRosterChangeHistory",2,"ATT-UPLOAD-009, ATT-UPLOAD-010",0,,,
08-attendance,Foundation - Roster Upload,F-ATT-048,"Commit re-checks per-row authorization scope independently of validate time; if any row now fails scope, the whole commit call returns before SaveChanges (no partial write) but the batch is left stuck at Validated status forever with no retry/repair path",Implemented (gap - CR-92),AttendanceFoundationPage Roster Upload commit,POST /api/attendance/roster/upload/{batchId}/commit,AttendanceFoundationService.CommitRosterUploadAsync,Attendance.RosterUpload,RosterUploadBatches,1,ATT-UPLOAD-011,0,,,
08-attendance,Foundation - Roster Upload,F-ATT-049,Rows classified Unchanged at commit are skipped without writing history; committed rows write history with Source=Upload and no free-text Reason,Implemented,AttendanceFoundationPage Roster Upload commit,POST /api/attendance/roster/upload/{batchId}/commit,AttendanceFoundationService.CommitRosterUploadAsync,Attendance.RosterUpload,EmployeeRosterChangeHistory,1,ATT-UPLOAD-012,0,,,
08-attendance,Foundation - Roster Upload,F-ATT-050,Roster upload validate/commit are tenant-isolated (EmployeeCode/ShiftCode resolution scoped to the caller's tenant),Implemented,AttendanceFoundationPage Roster Upload,"POST /api/attendance/roster/upload/validate, POST /api/attendance/roster/upload/{batchId}/commit",AttendanceFoundationService,Attendance.RosterUpload,"RosterUploadBatches, RosterUploadRows",1,ATT-UPLOAD-013,0,,,
08-attendance,Foundation - Calendar Override,F-ATT-051,"If IWorkingDayCalendarResolver is not wired (optional dependency), calendar-day-type resolution silently degrades to Unknown for every date - no Holiday/WeeklyOff signal, no override detection, no error raised",Implemented (silent-degrade risk),AttendanceFoundationPage Roster grid / Applicability resolve,"GET /api/attendance/employees/{employeeId}/roster/{date}, GET /api/attendance/roster",AttendanceFoundationService.CalendarDayTypeAsync,Attendance.View,n/a,1,ATT-CAL-001,0,,,
08-attendance,Foundation - Calendar Override,F-ATT-052,Removing a Roster override does not distinguish whether it was a calendar override or a plain manual assignment - it always deletes the explicit row unconditionally and calendar/automatic resolution takes over on the next query,Implemented,AttendanceFoundationPage Roster grid 'Remove Override',DELETE /api/attendance/roster/{employeeId}/{date},AttendanceFoundationService.RemoveRosterAsync,Attendance.RosterManage,EmployeeRosterDays,1,ATT-CAL-002,0,,,
08-attendance,Foundation - Effective Dating,F-ATT-053,"Period-lock integration is inconsistent across Foundation-management endpoints (Shift yes, Applicability create/update yes, Roster assign/remove yes, Shift Pattern create no)",Implemented (inconsistency),n/a,"POST /api/attendance/shifts, /applicability, /roster/assign, /patterns",AttendanceFoundationService,Attendance.ShiftManage / PatternManage / RosterManage,"Shifts, ShiftApplicabilityRules, EmployeeRosterDays, ShiftPatterns",1,ATT-CAL-003,0,,,
08-attendance,Foundation - Effective Dating,F-ATT-054,"EffectiveTo-before-EffectiveFrom is rejected identically for Shift and Applicability, but Shift Pattern has no such check at all",Implemented (inconsistency),AttendanceFoundationPage / ShiftPatternsPage effective-date fields,"POST /api/attendance/shifts, /applicability, /patterns",AttendanceFoundationService,Attendance.ShiftManage / PatternManage,"Shifts, ShiftApplicabilityRules, ShiftPatterns",1,ATT-CAL-004,0,,,
08-attendance,Self-View,F-ATT-055,"An employee views their own attendance calendar for a month, resolved server-side from the authenticated account (never a client-supplied employeeId)",Implemented,MyAttendancePage calendar,GET /api/attendance/me/calendar,AttendanceReadService.GetMyCalendarAsync,Attendance.View,"EmployeeAttendanceDays, Employees, AccountEmployeeCurrentLinks",2,"ATT-SELF-001, ATT-SELF-011",0,,,
08-attendance,Self-View,F-ATT-056,An employee views a single day's raw punches and paired sessions for their own record,Implemented,MyAttendancePage day-detail dialog,GET /api/attendance/me/days/{date},AttendanceReadService.GetMyDayAsync,Attendance.View,"AttendancePunches, EmployeeAttendanceDays",2,"ATT-SELF-002, ATT-SELF-011",0,,,
08-attendance,Self-View,F-ATT-057,"'Own' identity resolution is anti-spoofing by design: looks up AccountEmployeeCurrentLinks by (TenantId, UserId) only, never by UserId-as-EmployeeId, email, or employee code",Implemented,MyAttendancePage,"GET /api/attendance/me/calendar, /me/days/{date}",EmployeeIdentityResolver.ResolveCurrentAsync,Attendance.View,"AccountEmployeeCurrentLinks, Employees",1,ATT-SELF-003,0,,,
08-attendance,Self-View,F-ATT-058,"An unlinked account, or an account linked to an Employee row that no longer exists, gets an explicit NotFound/Conflict rather than another employee's data",Implemented,MyAttendancePage,GET /api/attendance/me/calendar,EmployeeIdentityResolver.ResolveCurrentAsync,Attendance.View,AccountEmployeeCurrentLinks,2,"ATT-SELF-004, ATT-SELF-005",0,,,
08-attendance,Self-View,F-ATT-059,"My-calendar year/month validation only rejects Year<1/>9999 or Month<1/>12 - no realistic-range clamp, so extreme-but-in-range years are accepted and processed",Implemented (coarse validation),MyAttendancePage month navigation,GET /api/attendance/me/calendar,AttendanceReadService.GetMyCalendarAsync,Attendance.View,n/a,1,ATT-SELF-006,0,,,
08-attendance,Self-View,F-ATT-060,"GetMyDayAsync performs no min/max validation on the requested date at all, unlike the 92-day range check on manager-team queries",Implemented (missing validation),MyAttendancePage day-detail dialog,GET /api/attendance/me/days/{date},AttendanceReadService.GetMyDayAsync,Attendance.View,n/a,1,ATT-SELF-007,0,,,
08-attendance,Self-View,F-ATT-061,"The employee calendar always returns 200 with a full month of NotProcessed filler rows, even when roster resolution is failing for every date - the failure is swallowed, not surfaced",Implemented (silent-degrade risk),MyAttendancePage,GET /api/attendance/me/calendar,AttendanceReadService.BuildDayAsync (PlannedFallback),Attendance.View,n/a,1,ATT-SELF-008,0,,,
08-attendance,Self-View,F-ATT-062,"Self-view read paths (me/calendar, me/days) check only that the linked Employee row exists in the tenant - they never check employment/separation status",Implemented (gap - CR-98),MyAttendancePage,"GET /api/attendance/me/calendar, /me/days/{date}",EmployeeIdentityResolver.ResolveCurrentAsync,Attendance.View,Employees,1,ATT-SELF-009,0,,,
08-attendance,Self-View,F-ATT-063,"me/calendar and me/days are gated by Attendance.View, while the finalized monthly summary (my/monthly-summary) is gated by a DIFFERENT permission, Attendance.MonthlyViewSelf - a role can hold one without the other",Implemented (permission split),MyAttendancePage vs MyMonthlyAttendancePage,GET /api/attendance/me/calendar vs GET /api/attendance/my/monthly-summary,AttendanceReadService / AttendanceMonthlyController,Attendance.View / Attendance.MonthlyViewSelf,n/a,1,ATT-SELF-010,0,,,
08-attendance,Self-View - Manager Team,F-ATT-064,"A manager views their team's attendance for a date range, scoped by (dual DI-dependent path) role-scope-aware predicate or a plain direct-report manager check",Implemented,ManagerAttendancePage,GET /api/attendance/manager/team,AttendanceReadService.GetManagerTeamAsync,Attendance.View,"EmployeeAttendanceDays, Employees, EmployeeEmploymentHistory",4,"ATT-SELF-012, ATT-SELF-013, ATT-SELF-017, ATT-SELF-019",0,,,
08-attendance,Self-View - Manager Team,F-ATT-065,"Manager-team query validates FromDate<=ToDate and a maximum 92-day range, plus Page/PageSize bounds",Implemented,ManagerAttendancePage,GET /api/attendance/manager/team,AttendanceReadService.GetManagerTeamAsync,Attendance.View,n/a,2,"ATT-SELF-014, ATT-SELF-015",0,,,
08-attendance,Self-View - Manager Team,F-ATT-066,A manager reads a single team member's single day; denial semantics (404 vs 403) depend on whether IAttendanceAuthorizationService is DI-wired,Implemented (DI-dependent inconsistency),ManagerAttendancePage day-detail,GET /api/attendance/manager/team/{employeeId}/{date},AttendanceReadService.GetManagerDayAsync,Attendance.View,n/a,1,ATT-SELF-016,0,,,
08-attendance,Self-View - Manager Team,F-ATT-067,Manager-team/day read paths are tenant-isolated; a cross-tenant employeeId never returns another tenant's data,Implemented,ManagerAttendancePage,GET /api/attendance/manager/team/{employeeId}/{date},AttendanceReadService.GetManagerDayAsync,Attendance.View,"Employees, AttendancePunches, EmployeeAttendanceDays",1,ATT-SELF-018,0,,,
08-attendance,Punch Ingestion,F-ATT-068,"There is no employee self-punch / portal-punch HTTP endpoint anywhere - the only ingestion caller in the codebase hard-codes PunchSource.Biometric, even though Portal/Manual/AutoLoginLogout are fully modeled and validated",Not Implemented (deferred per docs/attendance-phase-2-punch-processing.md),n/a (no such UI exists),n/a (no such route exists),AttendancePunchIngestionService.IngestAsync,n/a,n/a,1,ATT-PUNCH-001,0,,,
08-attendance,Punch Ingestion,F-ATT-069,Device-sourced punch ingestion via device Sync/Import requires the employee to exist in-tenant and resolves the effective shift before accepting the punch,Implemented,n/a (device-originated),"POST /api/attendance/devices/{id}/sync, POST /api/attendance/devices/{id}/import",AttendancePunchIngestionService.IngestAsync,Attendance.DeviceSync / Attendance.DeviceImport,AttendancePunches,4,"ATT-PUNCH-002, ATT-PUNCH-003, ATT-PUNCH-004, ATT-PUNCH-017",0,,,
08-attendance,Punch Ingestion,F-ATT-070,"A punch is rejected (no row created) when no effective shift resolves for the candidate business date, with one of three exact Holiday/WeeklyOff/NoEffectiveShift Conflict messages",Implemented,n/a,POST /api/attendance/devices/{id}/sync,AttendancePunchIngestionService.IngestAsync,Attendance.DeviceSync,AttendancePunches (no row written),1,ATT-PUNCH-005,0,,,
08-attendance,Punch Ingestion,F-ATT-071,Punch source is validated against the effective shift's AllowedAttendanceSources bitmask; a mismatched source is rejected as Forbidden,Implemented,n/a,POST /api/attendance/devices/{id}/sync,AttendancePunchIngestionService.IngestAsync,Attendance.DeviceSync,n/a,1,ATT-PUNCH-006,0,,,
08-attendance,Punch Ingestion,F-ATT-072,"Punch idempotency: a duplicate ExternalPunchId under the same (TenantId, Source) returns the existing punch rather than creating a new one; a DbUpdateException race is caught and re-resolved the same way",Implemented,n/a,POST /api/attendance/devices/{id}/sync,AttendancePunchIngestionService.IngestAsync,Attendance.DeviceSync,AttendancePunches,1,ATT-PUNCH-007,0,,,
08-attendance,Punch Ingestion,F-ATT-073,"The same ExternalPunchId under a different Source, or in a different tenant, is NOT treated as a duplicate - two independent punches are created",Implemented,n/a,POST /api/attendance/devices/{id}/sync,AttendancePunchIngestionService.IngestAsync,Attendance.DeviceSync,AttendancePunches,2,"ATT-PUNCH-008, ATT-PUNCH-009",0,,,
08-attendance,Punch Ingestion,F-ATT-074,Punches are immutable once created - no code path ever updates or deletes an AttendancePunch row,Implemented (by design),n/a,n/a,AttendancePunchIngestionService / AttendanceDayProcessor,n/a,AttendancePunches,1,ATT-PUNCH-010,0,,,
08-attendance,Punch Ingestion,F-ATT-075,There is no ingestion-time rejection of out-of-order or unmatched punches - any In/Out is recorded regardless of sequence; sequence validation happens only at derivation time,Implemented (by design),n/a,POST /api/attendance/devices/{id}/sync,AttendancePunchIngestionService.IngestAsync,Attendance.DeviceSync,AttendancePunches,1,ATT-PUNCH-011,0,,,
08-attendance,Punch Ingestion - Business Date,F-ATT-076,"Overnight-shift backdating heuristic at ingestion: if no shift resolves for the punch's own calendar date and no explicit BusinessDate was supplied, the previous day's shift is checked and used if it is active and CrossesMidnight",Implemented,n/a,POST /api/attendance/devices/{id}/sync,AttendancePunchIngestionService.IngestAsync,Attendance.DeviceSync,n/a,1,ATT-PUNCH-012,0,,,
08-attendance,Punch Ingestion - Business Date,F-ATT-077,Business-date resolution for a crossing-midnight shift: a punch whose local time is <= (shiftEnd+postShiftMinutes) AND < shiftStart rolls back to the previous calendar day; a non-overnight shift never rolls,Implemented,n/a,POST /api/attendance/devices/{id}/sync,AttendanceBusinessDateResolver.Resolve,Attendance.DeviceSync,n/a,3,"ATT-PUNCH-013, ATT-PUNCH-014, ATT-PUNCH-015",0,,,
08-attendance,Punch Ingestion - Business Date,F-ATT-078,"The tenant business timezone is hard-coded to UTC for every tenant regardless of the tenantId parameter, affecting overnight business-date cutoff correctness for any non-UTC tenant",Implemented (placeholder - CR-97),n/a,POST /api/attendance/devices/{id}/sync,AttendanceBusinessTimeZoneProvider.GetTimeZone,Attendance.DeviceSync,n/a,1,ATT-PUNCH-016,0,,,
08-attendance,Daily Derivation,F-ATT-079,"Daily derivation is blocked entirely for a date inside a non-open (Processing/ReadyToClose/Closed) Attendance period, unless reopened",Implemented,n/a (triggered internally),"n/a (internal ProcessAsync, triggered by ingestion/regularization/correction/monthly flows)",AttendanceDayProcessor.ProcessAsync,n/a,AttendancePeriods,1,ATT-DERIVE-026,0,,,
08-attendance,Daily Derivation,F-ATT-080,Effective in/out precedence for a working day: AdminCorrection beats approved Regularization Adjustment beats raw first/last punch,Implemented,MyAttendancePage day-detail,GET /api/attendance/me/days/{date},AttendanceDayProcessor.ProcessAsync,Attendance.View,"EmployeeAttendanceDays, AttendanceAdminCorrections, AttendanceAdjustments",3,"ATT-DERIVE-001, ATT-DERIVE-002, ATT-DERIVE-003",0,,,
08-attendance,Daily Derivation,F-ATT-081,A Holiday or WeeklyOff roster day is set to that status directly; raw punches remain visible but do not change the day's status,Implemented,MyAttendancePage,GET /api/attendance/me/days/{date},AttendanceDayProcessor.ProcessAsync,Attendance.View,EmployeeAttendanceDays,2,"ATT-DERIVE-004, ATT-DERIVE-005",0,,,
08-attendance,Daily Derivation,F-ATT-082,"A working day with no resolvable effective shift is left NotProcessed ('NoEffectiveShift') indefinitely, never becoming Absent regardless of punches",Implemented,MyAttendancePage,GET /api/attendance/me/days/{date},AttendanceDayProcessor.ProcessAsync,Attendance.View,EmployeeAttendanceDays,1,ATT-DERIVE-006,0,,,
08-attendance,Daily Derivation,F-ATT-083,"A zero-punch working day resolves to OnLeave (if approved leave covers it), else NotProcessed (before the shift's finalization point) or Absent (after it) - Absent is reachable ONLY through this path",Implemented,MyAttendancePage,GET /api/attendance/me/days/{date},AttendanceDayProcessor.ProcessAsync,Attendance.View,EmployeeAttendanceDays,3,"ATT-DERIVE-007, ATT-DERIVE-008, ATT-DERIVE-009",0,,,
08-attendance,Daily Derivation,F-ATT-084,"A single-punch day is Incomplete unless AllowPresentOnSinglePunch is enabled, in which case a lone In becomes Present with WorkedMinutes=null (not fabricated)",Implemented,MyAttendancePage,GET /api/attendance/me/days/{date},AttendanceDayProcessor.ProcessAsync,Attendance.View,EmployeeAttendanceDays,2,"ATT-DERIVE-010, ATT-DERIVE-011",0,,,
08-attendance,Daily Derivation,F-ATT-085,"An invalid punch sequence, or a missing mandatory mark-out, forces Incomplete status",Implemented,MyAttendancePage,GET /api/attendance/me/days/{date},AttendanceDayProcessor.ProcessAsync,Attendance.View,EmployeeAttendanceDays,1,ATT-DERIVE-012,0,,,
08-attendance,Daily Derivation,F-ATT-086,"The punch-pairing algorithm flags HasInvalidPunchSequence for a consecutive double In (first In stays open, second is dropped from pairing) and for an Out with no open In (including out-of-order timestamps)",Implemented,MyAttendancePage day-detail,GET /api/attendance/me/days/{date},AttendanceDayProcessor.Pair,Attendance.View,n/a,2,"ATT-DERIVE-013, ATT-DERIVE-014",0,,,
08-attendance,Daily Derivation,F-ATT-087,IsLateIn/IsGraceApplied and IsEarlyOut are computed at exact grace-minute boundaries against GraceInMinutes/GraceOutMinutes; RequiresMarkOutApproval applies only under PostShiftMarkOutMode.RequiresApprovalBeyondLimit past MaximumPostShiftMinutes,Implemented,MyAttendancePage,GET /api/attendance/me/days/{date},AttendanceDayProcessor.ProcessAsync,Attendance.View,EmployeeAttendanceDays,3,"ATT-DERIVE-015, ATT-DERIVE-016, ATT-DERIVE-017",0,,,
08-attendance,Daily Derivation,F-ATT-088,"BreakMinutes sums only unpaid ShiftBreaks; WorkedMinutes = sum(session minutes) - BreakMinutes, floored at zero, null when there are zero sessions",Implemented,MyAttendancePage,GET /api/attendance/me/days/{date},AttendanceDayProcessor.ProcessAsync,Attendance.View,EmployeeAttendanceDays,1,ATT-DERIVE-018,0,,,
08-attendance,Daily Derivation,F-ATT-089,"A calendar override (manual working-Shift assignment on a Holiday/WeeklyOff date) is processed as a normal working day, overriding the calendar status",Implemented,MyAttendancePage,GET /api/attendance/me/days/{date},AttendanceDayProcessor.ProcessAsync,Attendance.View,"EmployeeAttendanceDays, EmployeeRosterDays",2,"ATT-DERIVE-019, ATT-DERIVE-020",0,,,
08-attendance,Daily Derivation,F-ATT-090,"An approved On-Duty request unconditionally overrides the day's status to OnDuty last, after every other rule including Holiday/WeeklyOff/NotProcessed/NoEffectiveShift",Implemented,MyAttendancePage,GET /api/attendance/me/days/{date},AttendanceDayProcessor.ProcessAsync,Attendance.View,"EmployeeAttendanceDays, AttendanceOnDutyRequests",2,"ATT-DERIVE-021, ATT-DERIVE-022",0,,,
08-attendance,Daily Derivation,F-ATT-091,"LeaveConflict is set whenever an approved leave exists AND the day has punches (Count>0) - it does not change the status, only the ProcessingOutcome message on a Present day",Implemented,MyAttendancePage,GET /api/attendance/me/days/{date},AttendanceDayProcessor.ProcessAsync,Attendance.View,EmployeeAttendanceDays,1,ATT-DERIVE-023,0,,,
08-attendance,Daily Derivation,F-ATT-092,"Reprocessing an already-processed day reuses the same EmployeeAttendanceDay row (upsert on TenantId/EmployeeId/BusinessDate), never duplicating it",Implemented,n/a,"n/a (internal, triggered by re-ingestion/reprocess)",AttendanceDayProcessor.ProcessAsync,n/a,EmployeeAttendanceDays,1,ATT-DERIVE-024,0,,,
08-attendance,Daily Derivation,F-ATT-093,"A day with an approved Regularization or AdminCorrection skips the raw punch-pairing routine entirely, silencing HasMissingInPunch/HasMissingOutPunch/HasInvalidPunchSequence even though the raw, still-irregular punches remain visible to the employee",Implemented (flags-vs-raw-data inconsistency - CR-99),MyAttendancePage day-detail,GET /api/attendance/me/days/{date},AttendanceDayProcessor.ProcessAsync,Attendance.View,"EmployeeAttendanceDays, AttendancePunches",1,ATT-DERIVE-025,0,,,
08-attendance,Daily Derivation,F-ATT-094,"A concurrent double ProcessAsync for the same employee/date (DbUpdateException race) resolves to exactly one persisted daily aggregate row, not a throw",Implemented,n/a,n/a,AttendanceDayProcessor.ProcessAsync,n/a,EmployeeAttendanceDays,1,ATT-DERIVE-024,0,,,
08-attendance,Daily Derivation,F-ATT-095,"EmployeeAttendanceDayStatus has exactly 8 members (Present, Absent, OnLeave, OnDuty, Holiday, WeeklyOff, Incomplete, NotProcessed) - there is no distinct Late/EarlyOut/MissingPunch status; those are booleans layered on top",Implemented (contract),MyAttendancePage status label map,GET /api/attendance/me/calendar,AttendanceReadService,Attendance.View,n/a,1,ATT-DERIVE-027,0,,,
08-attendance,Monthly - Period Lifecycle,F-ATT-096,"Create an Attendance Period for a (Year, Month); duplicate (Year, Month) per tenant is rejected both by pre-check and DB unique index",Implemented,AttendanceMonthlyFinalizationPage,POST /api/attendance/periods,AttendanceMonthlyProcessor.CreatePeriodAsync,Attendance.Monthly.Process,AttendancePeriods,2,"ATT-MONTHLY-001, ATT-MONTHLY-002",0,,,
08-attendance,Monthly - Period Lifecycle,F-ATT-097,"List/get Attendance Periods, paged/filterable by year/month/status",Implemented,AttendanceMonthlyFinalizationPage,"GET /api/attendance/periods, GET /api/attendance/periods/{id}",AttendanceMonthlyProcessor,Attendance.Monthly.ViewAll,AttendancePeriods,2,"ATT-MONTHLY-003, ATT-MONTHLY-039",0,,,
08-attendance,Monthly - Processing,F-ATT-098,Run/re-run monthly processing for a period (Open/ReadyToClose -> Processing -> ReadyToClose); rejected while already Processing or Closed,Implemented,AttendanceMonthlyFinalizationPage,POST /api/attendance/periods/{id}/process,AttendanceMonthlyProcessor.ProcessAsync,Attendance.Monthly.Process,"AttendancePeriods, EmployeeAttendanceMonthlySummaries, AttendancePeriodEvents",3,"ATT-MONTHLY-004, ATT-MONTHLY-005, ATT-MONTHLY-037",0,,,
08-attendance,Monthly - Processing,F-ATT-099,"Re-running processing on the same period fully replaces the monthly summary set (idempotent on the data, but every run still appends its own ProcessingCompleted event)",Implemented,AttendanceMonthlyFinalizationPage,POST /api/attendance/periods/{id}/process,AttendanceMonthlyProcessor.ProcessAsync,Attendance.Monthly.Process,"EmployeeAttendanceMonthlySummaries, AttendancePeriodEvents",1,ATT-MONTHLY-006,0,,,
08-attendance,Monthly - Processing,F-ATT-100,A processing failure rolls back the entire attempt (including summary replacement and the ProcessingStarted event) leaving the prior ReadyToClose state and summaries intact; a subsequent retry succeeds cleanly,Implemented,AttendanceMonthlyFinalizationPage,POST /api/attendance/periods/{id}/process,AttendanceMonthlyProcessor.ProcessAsync,Attendance.Monthly.Process,"AttendancePeriods, EmployeeAttendanceMonthlySummaries",1,ATT-MONTHLY-007,0,,,
08-attendance,Monthly - Processing,F-ATT-101,"No ProcessingFailed or Refinalized audit event is ever written, even though both are defined AttendancePeriodEventType members - a failed processing attempt leaves zero trace in the period's event history",Implemented (gap - CR-103),AttendanceMonthlyFinalizationPage period events,GET /api/attendance/periods/{id}/events,AttendanceMonthlyProcessor.ProcessAsync,Attendance.Monthly.ViewAll,AttendancePeriodEvents,1,ATT-MONTHLY-008,0,,,
08-attendance,Monthly - Processing,F-ATT-102,"Employee inclusion in a period is driven by DateOfJoining<=EndDate AND (DateOfLeaving==null OR DateOfLeaving>=StartDate), further narrowed per-day by EmploymentHistory overlap; a future-dated joiner or a fully-ended employee before the period is excluded entirely",Implemented,AttendanceMonthlyFinalizationPage summaries,"POST /api/attendance/periods/{id}/process, GET /api/attendance/periods/{id}/summaries",AttendanceMonthlyProcessor.ProcessAsync,Attendance.Monthly.Process / ViewAll,"EmployeeAttendanceMonthlySummaries, EmployeeEmploymentHistory",2,"ATT-MONTHLY-009, ATT-MONTHLY-010",0,,,
08-attendance,Monthly - Processing,F-ATT-103,"A mid-month joiner or leaver's EmploymentDays reflects only the actual overlapping days in the period, not the full period length",Implemented,AttendanceMonthlyFinalizationPage summaries,GET /api/attendance/periods/{id}/summaries,AttendanceMonthlyProcessor.ProcessAsync,Attendance.Monthly.ViewAll,EmployeeAttendanceMonthlySummaries,2,"ATT-MONTHLY-011, ATT-MONTHLY-012",0,,,
08-attendance,Monthly - Processing,F-ATT-104,"Totals formula: PresentDayQuantity mirrors the integer PresentDays count (no fractional/half-day present currently possible despite the decimal column); PaidLeaveDays+=1 per OnLeave day; LopDays+=1 per Absent day (Absent==LOP, UnpaidLeaveDays never populated); PayableDays = max(0, EmploymentDays-LopDays)",Implemented,AttendanceMonthlyFinalizationPage summaries,GET /api/attendance/periods/{id}/summaries,AttendanceMonthlyProcessor.ProcessAsync,Attendance.Monthly.ViewAll,EmployeeAttendanceMonthlySummaries,2,"ATT-MONTHLY-013, ATT-MONTHLY-014",0,,,
08-attendance,Monthly - Processing,F-ATT-105,Any employed date with no EmployeeAttendanceDay row raises a blocking NotProcessed exception; an Incomplete day status also raises a blocking exception; approved-leave-with-punches raises a non-blocking LeaveConflict exception,Implemented,AttendanceMonthlyFinalizationPage close preview,GET /api/attendance/periods/{id}/close-preview,AttendanceMonthlyProcessor.BuildClosePreviewAsync,Attendance.Monthly.ViewAll,n/a,1,ATT-MONTHLY-015,0,,,
08-attendance,Monthly - Processing,F-ATT-106,"Pending (not yet approved/rejected) Regularization or On-Duty requests overlapping the period generate blocking exceptions that prevent Close, not just Processing",Implemented,AttendanceMonthlyFinalizationPage close preview,GET /api/attendance/periods/{id}/close-preview,AttendanceMonthlyProcessor.BuildClosePreviewAsync,Attendance.Monthly.ViewAll,n/a,1,ATT-MONTHLY-016,0,,,
08-attendance,Monthly - Processing,F-ATT-107,"Two concurrent ProcessAsync calls against the same period leave exactly one consistent summary set, with the loser Conflicting or being ServiceUnavailable",Implemented,n/a,POST /api/attendance/periods/{id}/process,AttendanceMonthlyProcessor.ProcessAsync,Attendance.Monthly.Process,EmployeeAttendanceMonthlySummaries,1,ATT-MONTHLY-017,0,,,
08-attendance,Monthly - Close/Reopen,F-ATT-108,"Close-preview (CanClose) requires the period be ReadyToClose, every employee's summary SourceDataVersion current with the period's DataVersion, and zero blocking exceptions",Implemented,AttendanceMonthlyFinalizationPage close preview,GET /api/attendance/periods/{id}/close-preview,AttendanceMonthlyProcessor.BuildClosePreviewAsync,Attendance.Monthly.ViewAll,n/a,1,ATT-MONTHLY-018,0,,,
08-attendance,Monthly - Close/Reopen,F-ATT-109,Close a ReadyToClose period; blocked if a Finalized PayrollRun already exists for the matching period dates (PayrollAlreadyFinalized); re-validates CanClose inside its own transaction to guard against races,Implemented,AttendanceMonthlyFinalizationPage,POST /api/attendance/periods/{id}/close,AttendanceMonthlyProcessor.CloseAsync,Attendance.Monthly.Close,"AttendancePeriods, PayrollAttendanceSnapshots, AttendancePeriodEvents",3,"ATT-MONTHLY-019, ATT-MONTHLY-020, ATT-MONTHLY-038",0,,,
08-attendance,Monthly - Close/Reopen,F-ATT-110,Closing an already-Closed period is rejected,Implemented,AttendanceMonthlyFinalizationPage,POST /api/attendance/periods/{id}/close,AttendanceMonthlyProcessor.CloseAsync,Attendance.Monthly.Close,AttendancePeriods,1,ATT-MONTHLY-021,0,,,
08-attendance,Monthly - Close/Reopen,F-ATT-111,Reopen a Closed period requires a non-empty Reason (<=2000 chars); blocked by the same Finalized-PayrollRun check as Close; bumps DataVersion (the mechanism that invalidates existing summaries) and returns the period to Open (not ReadyToClose),Implemented,AttendanceMonthlyFinalizationPage,POST /api/attendance/periods/{id}/reopen,AttendanceMonthlyProcessor.ReopenAsync,Attendance.Monthly.Reopen,"AttendancePeriods, AttendancePeriodEvents",3,"ATT-MONTHLY-022, ATT-MONTHLY-023, ATT-MONTHLY-024",0,,,
08-attendance,Monthly - Close/Reopen,F-ATT-112,Concurrent close-vs-close and reopen-vs-reopen each resolve to exactly one winner and exactly one corresponding audit event,Implemented,n/a,"POST /api/attendance/periods/{id}/close, /reopen",AttendanceMonthlyProcessor.CloseAsync/ReopenAsync,Attendance.Monthly.Close / Reopen,"AttendancePeriods, AttendancePeriodEvents",1,ATT-MONTHLY-025,0,,,
08-attendance,Monthly - Close/Reopen,F-ATT-113,The append-only period-events audit trail (Created/ProcessingStarted/ProcessingCompleted/Closed/Reopened/PayrollSnapshotCreated) is readable,Implemented,AttendanceMonthlyFinalizationPage period events,GET /api/attendance/periods/{id}/events,AttendanceMonthlyProcessor.GetEventsAsync,Attendance.Monthly.ViewAll,AttendancePeriodEvents,1,ATT-MONTHLY-026,0,,,
08-attendance,Monthly - Period Lock,F-ATT-114,"Period Lock is a read-only guard (EnsureDateIsOpenAsync/EnsureRangeIsOpenAsync), not a stateful lock manager - 'locking' IS simply Status=Closed via Close, 'unlocking' IS Reopen; no separate lock entity exists",Implemented (architecture),n/a,n/a,AttendancePeriodLockService,n/a,AttendancePeriods,1,ATT-MONTHLY-027,0,,,
08-attendance,Monthly - Period Lock,F-ATT-115,"A closed period blocks: new/reprocessed daily punches, regularization submission/approval/withdrawal, on-duty submission/approval/withdrawal, admin corrections, and Shift/Applicability/Roster configuration changes touching a closed date - reads are never blocked",Implemented,n/a,multiple (see cases),"AttendancePeriodLockService (called from AttendanceDayProcessor, AttendanceWorkflowService, AttendanceAdminCorrectionService, AttendanceFoundationService)",varies by call site,n/a,1,ATT-MONTHLY-028,0,,,
08-attendance,Monthly - Period Lock,F-ATT-116,"The period-lock check itself is a plain read with no pessimistic row lock (no SELECT FOR UPDATE/UPDLOCK) - mutual exclusion with a concurrent Close relies entirely on the outcome invariants of each write's own optimistic concurrency, not on serializing the lock-check read itself",Implemented (TOCTOU risk - CR-101),n/a,n/a,AttendancePeriodLockService.EnsureDateIsOpenAsync/EnsureRangeIsOpenAsync,n/a,n/a,1,ATT-MONTHLY-027,0,,,
08-attendance,Monthly - Period Lock,F-ATT-117,"A concurrent Close-vs-AdminCorrection race never leaves a Closed period with an orphaned correction - either the period closes with zero corrections for that date, or it stays ReadyToClose with exactly one correction persisted",Implemented,n/a,n/a,AttendancePeriodLockService / AttendanceAdminCorrectionService,n/a,"AttendancePeriods, AttendanceAdminCorrections",1,ATT-MONTHLY-029,0,,,
08-attendance,Monthly - Concurrency/Provider,F-ATT-118,"AttendancePeriod.ConcurrencyVersion is a plain int optimistic-concurrency counter, not a native rowversion or app-managed binary(16) token - a deliberate divergence from the repo's documented provider-portable locking pattern used elsewhere",Implemented (architecture note),n/a,n/a,AttendanceMonthlyProcessor,n/a,AttendancePeriods.ConcurrencyVersion,1,ATT-MONTHLY-030,0,,,
08-attendance,Monthly - Permissions,F-ATT-119,Monthly.ViewTeam permission is seeded/referenced in scope-resolution logic but no controller route on AttendanceMonthlyController is gated by it alone - a caller holding only MonthlyViewTeam gets a flat 403 on every Monthly route,Implemented (possibly vestigial - CR gap),n/a,"GET /api/attendance/periods, /summaries, etc.",AttendanceMonthlyController,Attendance.Monthly.ViewTeam (unused at controller layer),n/a,1,ATT-MONTHLY-031,0,,,
08-attendance,Monthly - Permissions,F-ATT-120,"GET /periods/{id}/exceptions is gated by Attendance.Exception.View at the controller, but the underlying service resolves scope using Attendance.Monthly.ViewAll (the controller never passes an explicit authorizationPermission) - a permission/scope mismatch",Implemented (gap - CR-102),AttendanceOperationsPage / AttendanceMonthlyFinalizationPage exceptions view,GET /api/attendance/periods/{id}/exceptions,AttendanceMonthlyProcessor.GetExceptionsAsync,Attendance.Exception.View (controller) vs Attendance.Monthly.ViewAll (scope resolution),n/a,1,ATT-MONTHLY-032,0,,,
08-attendance,Monthly - Self View,F-ATT-121,"An employee views their own finalized monthly summary (my/monthly-summary), independent from the daily me/calendar permission",Implemented,MyMonthlyAttendancePage,GET /api/attendance/my/monthly-summary,AttendanceMonthlyProcessor,Attendance.Monthly.ViewSelf,EmployeeAttendanceMonthlySummaries,1,ATT-MONTHLY-033,0,,,
08-attendance,Monthly - Payroll Snapshot,F-ATT-122,"A PayrollAttendanceSnapshot is created per employee monthly summary exclusively inside CloseAsync's own transaction, freezing EligibleDays/PayableDays/LopDays/PresentDays/AbsentDays/PaidLeaveDays/HolidayDays/WeekOffDays/OnDutyDays plus a SourceHash fingerprint",Implemented,n/a (consumed by Payroll),"n/a (internal, triggered by POST /periods/{id}/close)",AttendanceMonthlyProcessor.CloseAsync,Attendance.Monthly.Close,PayrollAttendanceSnapshots,1,ATT-MONTHLY-034,0,,,
08-attendance,Monthly - Payroll Snapshot,F-ATT-123,"Snapshot versioning: prior IsCurrent snapshot for (tenant, period, employee) is flipped false, a new Version=max+1/IsCurrent=true row is inserted; two unique indexes guarantee at most one current snapshot per employee per period even under a race",Implemented,n/a,n/a,AttendanceMonthlyProcessor.CloseAsync,Attendance.Monthly.Close,PayrollAttendanceSnapshots,1,ATT-MONTHLY-034,0,,,
08-attendance,Monthly - Payroll Snapshot,F-ATT-124,"Reopening a Closed period does not touch existing snapshot rows; a new snapshot version is created only when the period is reprocessed AND reclosed, leaving prior PayrollResults pointing at their original snapshot version, never retroactively mutated",Implemented,n/a,n/a,AttendanceMonthlyProcessor.ReopenAsync/CloseAsync,Attendance.Monthly.Reopen / Close,"PayrollAttendanceSnapshots, PayrollResults",1,ATT-MONTHLY-035,0,,,
08-attendance,Monthly - Payroll Snapshot,F-ATT-125,"AttendancePayrollSnapshotResolver.ResolveAsync returns Success(null) when no matching AttendancePeriod exists (legacy-payroll-period compatibility escape hatch), Conflict AttendanceNotFinalized if the period exists but isn't Closed, and Conflict AttendanceSnapshotMissing if Closed but no current snapshot row exists",Implemented,n/a,n/a (consumed internally by Payroll),AttendancePayrollSnapshotResolver.ResolveAsync,n/a,"AttendancePeriods, PayrollAttendanceSnapshots",1,ATT-MONTHLY-036,0,,,
08-attendance,Admin Corrections,F-ATT-126,"Create an Admin Correction (CorrectedInAtUtc and/or CorrectedOutAtUtc, at least one required, Out must not precede In, Reason mandatory <=2000 chars)",Implemented,AttendanceOperationsPage correction dialog,POST /api/attendance/admin-corrections,AttendanceAdminCorrectionService.CreateAsync,Attendance.AdminCorrection.Manage,AttendanceAdminCorrections,5,"ATT-CORR-001, ATT-CORR-002, ATT-CORR-003, ATT-CORR-004, ATT-CORR-018",0,,,
08-attendance,Admin Corrections,F-ATT-127,"Admin corrections are append-only and versioned per (EmployeeId, BusinessDate): every create is a NEW row (CorrectionVersion=max+1), enforced by a unique index; raw punches are never mutated",Implemented (by design),AttendanceOperationsPage correction history,POST /api/attendance/admin-corrections,AttendanceAdminCorrectionService.CreateAsync,Attendance.AdminCorrection.Manage,"AttendanceAdminCorrections, AttendancePunches (unchanged)",1,ATT-CORR-005,0,,,
08-attendance,Admin Corrections,F-ATT-128,"A correction re-runs day processing synchronously in the same transaction; if reprocessing fails, the whole correction (including the just-inserted row) rolls back",Implemented,AttendanceOperationsPage correction dialog,POST /api/attendance/admin-corrections,AttendanceAdminCorrectionService.CreateAsync,Attendance.AdminCorrection.Manage,"AttendanceAdminCorrections, EmployeeAttendanceDays",1,ATT-CORR-006,0,,,
08-attendance,Admin Corrections,F-ATT-129,The newest (highest-version) admin correction takes precedence over an earlier approved Regularization for the same date once the day is reprocessed,Implemented,AttendanceOperationsPage / MyAttendancePage day-detail,"POST /api/attendance/admin-corrections, GET /api/attendance/me/days/{date}",AttendanceAdminCorrectionService.CreateAsync / AttendanceDayProcessor.ProcessAsync,Attendance.AdminCorrection.Manage / Attendance.View,EmployeeAttendanceDays,1,ATT-CORR-007,0,,,
08-attendance,Admin Corrections,F-ATT-130,"Authorization for a correction target is NotFound (not Forbidden) when denied - self, role-scope predicate, or resolved-manager-of-target are the three allowed paths",Implemented,AttendanceOperationsPage,"POST /api/attendance/admin-corrections, GET /api/attendance/admin-corrections/{id}",AttendanceAdminCorrectionService.CanAccessTargetAsync,Attendance.AdminCorrection.Manage,n/a,1,ATT-CORR-008,0,,,
08-attendance,Admin Corrections,F-ATT-131,"A correction is rejected when an Approved Leave or an Approved On-Duty already applies to that date, with no partial writes",Implemented,AttendanceOperationsPage correction dialog,POST /api/attendance/admin-corrections,AttendanceAdminCorrectionService.CreateAsync,Attendance.AdminCorrection.Manage,n/a (no row written),2,"ATT-CORR-009, ATT-CORR-010",0,,,
08-attendance,Admin Corrections,F-ATT-132,"A correction is blocked on a closed Attendance period, with the same period-lock guard used elsewhere",Implemented,AttendanceOperationsPage correction dialog,POST /api/attendance/admin-corrections,AttendanceAdminCorrectionService.CreateAsync,Attendance.AdminCorrection.Manage,n/a,1,ATT-CORR-011,0,,,
08-attendance,Admin Corrections,F-ATT-133,"A correction on an already-processed month makes the monthly summary stale (SourceDataVersion no longer matches the bumped DataVersion), blocking Close until the period is reprocessed",Implemented,AttendanceMonthlyFinalizationPage close preview,"POST /api/attendance/admin-corrections, GET /api/attendance/periods/{id}/close-preview",AttendanceAdminCorrectionService.CreateAsync,Attendance.AdminCorrection.Manage,EmployeeAttendanceMonthlySummaries,1,ATT-CORR-012,0,,,
08-attendance,Admin Corrections,F-ATT-134,"Repeated corrections on the same employee+date are fully supported by design - each is a new version, none are deleted/edited, and the most recent version wins for the effective day once reprocessed",Implemented,AttendanceOperationsPage correction history,POST /api/attendance/admin-corrections,AttendanceAdminCorrectionService.CreateAsync,Attendance.AdminCorrection.Manage,AttendanceAdminCorrections,1,ATT-CORR-013,0,,,
08-attendance,Admin Corrections,F-ATT-135,"Concurrent same-day corrections from two contexts always land on distinct, gapless version numbers, retry-safe via a DbUpdateException-to-Conflict mapping",Implemented,n/a,POST /api/attendance/admin-corrections,AttendanceAdminCorrectionService.CreateAsync,Attendance.AdminCorrection.Manage,AttendanceAdminCorrections,1,ATT-CORR-014,0,,,
08-attendance,Admin Corrections,F-ATT-136,Corrections are tenant-scoped for list/get and cross-tenant employee references are rejected at both the service and the FK layer,Implemented,AttendanceOperationsPage,"GET /api/attendance/admin-corrections, GET /api/attendance/admin-corrections/{id}",AttendanceAdminCorrectionService.ListAsync/GetAsync,Attendance.AdminCorrection.Manage,AttendanceAdminCorrections,1,ATT-CORR-015,0,,,
08-attendance,Admin Corrections,F-ATT-137,"The correction list's default scope date (when FromDate is not supplied) is evaluated against TODAY, not the historical date range being queried - a manager reassigned since the correction date could get a materially different result set",Implemented (gap - CR-104),AttendanceOperationsPage correction history,GET /api/attendance/admin-corrections,AttendanceAdminCorrectionService.ListAsync,Attendance.AdminCorrection.Manage,n/a,1,ATT-CORR-016,0,,,
08-attendance,Admin Corrections,F-ATT-138,A manager holding scope over an employee via the role-scope predicate but not the AdminCorrection.Manage permission itself cannot create a correction for that direct report,Implemented,AttendanceOperationsPage,POST /api/attendance/admin-corrections,AttendanceAdminCorrectionService.CreateAsync,Attendance.AdminCorrection.Manage,n/a,1,ATT-CORR-017,0,,,
08-attendance,Regularization,F-ATT-139,"Submit a Regularization request (BusinessDate, RequestType, ProposedInAtUtc and/or ProposedOutAtUtc, Reason mandatory - text-only, no attachment support anywhere in the model)",Implemented,AttendanceRequestsPage regularization form,POST /api/attendance/me/regularizations,AttendanceWorkflowService.SubmitRegularizationAsync,Attendance.Regularization.Request,AttendanceRegularizationRequests,3,"ATT-REG-001, ATT-REG-002, ATT-REG-003",0,,,
08-attendance,Regularization,F-ATT-140,"Submission is blocked for an inactive/separated employee (EmployeeStatus != Active), and for a BusinessDate after the employee's DateOfLeaving",Implemented,AttendanceRequestsPage,POST /api/attendance/me/regularizations,AttendanceWorkflowService.SubmitRegularizationAsync,Attendance.Regularization.Request,n/a,1,ATT-REG-004,0,,,
08-attendance,Regularization,F-ATT-141,A future BusinessDate cannot be regularized,Implemented,AttendanceRequestsPage,POST /api/attendance/me/regularizations,AttendanceWorkflowService.SubmitRegularizationAsync,Attendance.Regularization.Request,n/a,1,ATT-REG-005,0,,,
08-attendance,Regularization,F-ATT-142,A clean Present day (no missing-in/out/invalid-sequence flags) is not eligible for regularization; a date with NO EmployeeAttendanceDay record at all skips this check and is allowed to proceed,Implemented,AttendanceRequestsPage,POST /api/attendance/me/regularizations,AttendanceWorkflowService.SubmitRegularizationAsync,Attendance.Regularization.Request,n/a,2,"ATT-REG-006, ATT-REG-007",0,,,
08-attendance,Regularization,F-ATT-143,"Only one Pending regularization per employee+date is allowed; a duplicate submission Conflicts, guarded by an optional serialization lock closing the race window",Implemented,AttendanceRequestsPage,POST /api/attendance/me/regularizations,AttendanceWorkflowService.SubmitRegularizationAsync,Attendance.Regularization.Request,AttendanceRegularizationRequests,1,ATT-REG-008,0,,,
08-attendance,Regularization,F-ATT-144,Regularization is blocked on a closed Attendance period (period-lock guard),Implemented,AttendanceRequestsPage,POST /api/attendance/me/regularizations,AttendanceWorkflowService.SubmitRegularizationAsync,Attendance.Regularization.Request,n/a,1,ATT-REG-009,0,,,
08-attendance,Regularization,F-ATT-145,List and get-by-id own regularization requests,Implemented,AttendanceRequestsPage,"GET /api/attendance/me/regularizations, GET /api/attendance/me/regularizations/{id}",AttendanceWorkflowService,Attendance.View,AttendanceRegularizationRequests,2,"ATT-REG-010, ATT-REG-011",0,,,
08-attendance,Regularization,F-ATT-146,"Only the owning employee may cancel their own Pending regularization; a foreign employee's request is NotFound, not Forbidden; only Pending requests can be cancelled",Implemented,AttendanceRequestsPage,POST /api/attendance/me/regularizations/{id}/cancel,AttendanceWorkflowService.CancelRegularizationAsync,Attendance.Regularization.Request,AttendanceRegularizationRequests,2,"ATT-REG-012, ATT-REG-013",0,,,
08-attendance,Regularization,F-ATT-147,"Neither the target employee nor the original request submitter (by UserId) can approve/reject their own regularization - maker-checker enforced at the user level, not just the employee level",Implemented,AttendanceRequestsPage manager approvals,POST /api/attendance/manager/regularizations/{id}/approve,AttendanceWorkflowService.TransitionRegularization,Attendance.Regularization.Approve,AttendanceRegularizationRequests,1,ATT-REG-014,0,,,
08-attendance,Regularization,F-ATT-148,Approve creates an AttendanceAdjustment row and synchronously reprocesses the day; if reprocessing fails the whole transaction (including the adjustment) rolls back and the request stays Pending,Implemented,AttendanceRequestsPage manager approvals,POST /api/attendance/manager/regularizations/{id}/approve,AttendanceWorkflowService.TransitionRegularization,Attendance.Regularization.Approve,"AttendanceRegularizationRequests, AttendanceAdjustments, EmployeeAttendanceDays",2,"ATT-REG-015, ATT-REG-016",0,,,
08-attendance,Regularization,F-ATT-149,Reject stores comments with no adjustment created and no day reprocessing; raw punches are never mutated by either approve or reject,Implemented,AttendanceRequestsPage manager approvals,POST /api/attendance/manager/regularizations/{id}/reject,AttendanceWorkflowService.TransitionRegularization,Attendance.Regularization.Approve,AttendanceRegularizationRequests,1,ATT-REG-017,0,,,
08-attendance,Regularization,F-ATT-150,Approve/reject use optimistic concurrency (ExecuteUpdateAsync guarded by Status=Pending AND matching ConcurrencyVersion); zero rows updated => Conflict; a stale transition is independently rejected by the DB's own concurrency token too,Implemented,n/a,POST /api/attendance/manager/regularizations/{id}/approve,AttendanceWorkflowService.TransitionRegularization,Attendance.Regularization.Approve,AttendanceRegularizationRequests.ConcurrencyVersion,2,"ATT-REG-018, ATT-REG-019",0,,,
08-attendance,Regularization,F-ATT-151,"Approval authority is resolved as of the request's OWN BusinessDate, not today - a manager-change boundary date means only the old manager can approve historical-date requests and only the new manager can approve later-date requests",Implemented,AttendanceRequestsPage manager approvals,POST /api/attendance/manager/regularizations/{id}/approve,AttendanceWorkflowService.TransitionRegularization,Attendance.Regularization.Approve,n/a,1,ATT-REG-020,0,,,
08-attendance,Regularization,F-ATT-152,"The manager queue (GET manager/regularizations) is scoped by the same dual DI-dependent mechanism as elsewhere - role-scope+current-manager predicate when IAttendanceAuthorizationService is wired, or a plain per-item manager-resolver loop when it is not",Implemented,AttendanceRequestsPage manager approvals,GET /api/attendance/manager/regularizations,AttendanceWorkflowService.GetManagerRegularizationsAsync,Attendance.Regularization.Approve,n/a,1,ATT-REG-021,0,,,
08-attendance,Regularization,F-ATT-153,Manager list/approve/reject endpoints require the declared permission even when a genuine manager relationship exists - relationship alone never substitutes for the permission,Implemented,n/a,"GET /api/attendance/manager/regularizations, POST .../approve",AttendanceWorkflowController,Attendance.Regularization.Approve,n/a,1,ATT-REG-022,0,,,
08-attendance,Regularization,F-ATT-154,"Regularization and Admin Correction share the exact same underlying request/state-machine entity and approval pipeline - the operator's 'manual Attendance request' (POST operations/manual) creates a Pending AttendanceRegularizationRequest subject to the identical maker-checker flow, not a separate mechanism",Implemented,AttendanceOperationsPage manual request,POST /api/attendance/operations/manual,AttendanceWorkflowService,Attendance.Operations.Manual (or equivalent),AttendanceRegularizationRequests,1,ATT-REG-023,0,,,
08-attendance,Regularization,F-ATT-155,Cross-tenant regularization mutation attempts have zero side effects and are hidden as NotFound,Implemented,n/a,"GET/POST /api/attendance/me/regularizations, manager/regularizations",AttendanceWorkflowService,Attendance.View / Attendance.Regularization.*,AttendanceRegularizationRequests,1,ATT-REG-024,0,,,
08-attendance,On Duty,F-ATT-156,"Submit an On Duty request (StartDate/EndDate date range - multi-day native, no time-of-day fields; Reason required; optional Purpose/Location free text; no attachment support)",Implemented,AttendanceRequestsPage on-duty form,POST /api/attendance/me/on-duty,AttendanceWorkflowService.SubmitOnDutyAsync,Attendance.OnDuty.Request,AttendanceOnDutyRequests,3,"ATT-OD-001, ATT-OD-002, ATT-OD-003",0,,,
08-attendance,On Duty,F-ATT-157,StartDate must not be after EndDate; the same active-employee/DateOfLeaving/period-lock guards as Regularization apply across the whole range,Implemented,AttendanceRequestsPage,POST /api/attendance/me/on-duty,AttendanceWorkflowService.SubmitOnDutyAsync,Attendance.OnDuty.Request,n/a,2,"ATT-OD-004, ATT-OD-005",0,,,
08-attendance,On Duty,F-ATT-158,"Overlap at submission is checked ONLY against the employee's own other PENDING On-Duty requests - NOT against an already-APPROVED On-Duty, existing attendance days, or approved Leave (Leave overlap is checked only at approval time)",Implemented (gap - CR-106),AttendanceRequestsPage,POST /api/attendance/me/on-duty,AttendanceWorkflowService.SubmitOnDutyAsync,Attendance.OnDuty.Request,AttendanceOnDutyRequests,3,"ATT-OD-006, ATT-OD-007, ATT-OD-008",0,,,
08-attendance,On Duty,F-ATT-159,List and get-by-id own On Duty requests,Implemented,AttendanceRequestsPage,"GET /api/attendance/me/on-duty, GET /api/attendance/me/on-duty/{id}",AttendanceWorkflowService,Attendance.View,AttendanceOnDutyRequests,2,"ATT-OD-009, ATT-OD-010",0,,,
08-attendance,On Duty,F-ATT-160,Only the owning employee may cancel a Pending On Duty request; only Pending requests can be cancelled,Implemented,AttendanceRequestsPage,POST /api/attendance/me/on-duty/{id}/cancel,AttendanceWorkflowService.CancelOnDutyAsync,Attendance.OnDuty.Request,AttendanceOnDutyRequests,1,ATT-OD-011,0,,,
08-attendance,On Duty,F-ATT-161,Approval requires manager/authorization to succeed for EVERY calendar date in the range - a manager-change boundary mid-range means NO single approver (neither old nor new manager) can approve alone,Implemented,AttendanceRequestsPage manager approvals,POST /api/attendance/manager/on-duty/{id}/approve,AttendanceWorkflowService.TransitionOnDuty,Attendance.OnDuty.Approve,n/a,2,"ATT-OD-012, ATT-OD-013",0,,,
08-attendance,On Duty,F-ATT-162,"Approval is rejected if any day in range already has an APPROVED Leave for the employee - checked BEFORE any mutation, so nothing is touched on conflict",Implemented,AttendanceRequestsPage manager approvals,POST /api/attendance/manager/on-duty/{id}/approve,AttendanceWorkflowService.TransitionOnDuty,Attendance.OnDuty.Approve,n/a,1,ATT-OD-014,0,,,
08-attendance,On Duty,F-ATT-163,"On approve, every date in range is reprocessed to project EmployeeAttendanceDayStatus.OnDuty; if any day's reprocessing fails, the WHOLE approval rolls back across all dates, not just the failed one",Implemented,AttendanceRequestsPage manager approvals,POST /api/attendance/manager/on-duty/{id}/approve,AttendanceWorkflowService.TransitionOnDuty,Attendance.OnDuty.Approve,EmployeeAttendanceDays,2,"ATT-OD-015, ATT-OD-016",0,,,
08-attendance,On Duty,F-ATT-164,Approving an On Duty request that resolves an already-Absent day removes that day from the active exceptions list,Implemented,AttendanceOperationsPage exceptions,POST /api/attendance/manager/on-duty/{id}/approve,AttendanceWorkflowService.TransitionOnDuty,Attendance.OnDuty.Approve,n/a,1,ATT-OD-017,0,,,
08-attendance,On Duty,F-ATT-165,On Duty has no separate adjustment-audit entity analogous to Regularization's AttendanceAdjustment - the projection IS the EmployeeAttendanceDay.Status=OnDuty write itself,Implemented (architecture note),n/a,n/a,AttendanceWorkflowService.TransitionOnDuty,n/a,EmployeeAttendanceDays,1,ATT-OD-018,0,,,
08-attendance,On Duty,F-ATT-166,"Reject stores comments, is terminal, and has the same self-approval/maker-checker guards as approve",Implemented,AttendanceRequestsPage manager approvals,POST /api/attendance/manager/on-duty/{id}/reject,AttendanceWorkflowService.TransitionOnDuty,Attendance.OnDuty.Approve,AttendanceOnDutyRequests,1,ATT-OD-019,0,,,
08-attendance,On Duty,F-ATT-167,The manager On-Duty queue and permission gating follow the identical dual-mechanism/permission-required-even-with-relationship pattern as Regularization,Implemented,AttendanceRequestsPage manager approvals,GET /api/attendance/manager/on-duty,AttendanceWorkflowService.GetManagerOnDutyAsync,Attendance.OnDuty.Approve,n/a,1,ATT-OD-020,0,,,
08-attendance,On Duty,F-ATT-168,Cross-tenant On Duty mutation attempts have zero side effects and are hidden as NotFound,Implemented,n/a,"GET/POST /api/attendance/me/on-duty, manager/on-duty",AttendanceWorkflowService,Attendance.View / Attendance.OnDuty.*,AttendanceOnDutyRequests,1,ATT-OD-021,0,,,
08-attendance,Overtime,F-ATT-169,"Create an OT policy (EligibilityMode All/None, tenant-scoped, effective-dated, resolved by the WORK date not current date); the same Overtime.Finalize permission also gates policy authoring, a double-duty reuse worth confirming with product",Implemented (permission double-duty),OvertimePage policy admin,POST /api/attendance/overtime/policies,OvertimeService.CreatePolicyAsync,Attendance.Overtime.Finalize,OvertimePolicies,2,"ATT-OT-001, ATT-OT-002",0,,,
08-attendance,Overtime,F-ATT-170,Create an OT request/record: self-service restricted to the caller's own linked employee independent of any role-scope; requires policy resolvable and EligibilityMode != None; RequestedMinutes>0; Category checked against policy Allow flags (NOT cross-checked against the actual roster day type),Implemented,OvertimePage create form,POST /api/attendance/overtime/requests,OvertimeService.CreateRequestAsync,Attendance.Overtime.Request,OvertimeRequests,3,"ATT-OT-003, ATT-OT-004, ATT-OT-005",0,,,
08-attendance,Overtime,F-ATT-171,"Attendance must already be authoritative (an EmployeeAttendanceDay row must exist for the work date) before OT can be requested - OT is purely attendance-derived, never independently timed",Implemented,OvertimePage,POST /api/attendance/overtime/requests,OvertimeService.CreateRequestAsync,Attendance.Overtime.Request,n/a,1,ATT-OT-006,0,,,
08-attendance,Overtime,F-ATT-172,"ActualEligibleMinutes is computed once at creation from the resolved attendance day (NormalDay: max(0,Worked-Expected); WeekOff/Holiday: max(0,Worked)), then minimum-threshold zeroing, rounding mode, and MaximumMinutesPerDay cap are applied in that order - never recomputed later",Implemented,OvertimePage,POST /api/attendance/overtime/requests,OvertimeService.CreateRequestAsync,Attendance.Overtime.Request,OvertimeRequests,1,ATT-OT-007,0,,,
08-attendance,Overtime,F-ATT-173,A Submitted or Approved OT request already exists for the same employee+work date => Conflict duplicate guard; a prior Rejected request does NOT block a new one,Implemented,OvertimePage,POST /api/attendance/overtime/requests,OvertimeService.CreateRequestAsync,Attendance.Overtime.Request,OvertimeRequests,1,ATT-OT-008,0,,,
08-attendance,Overtime,F-ATT-174,"No 'view my OT' or 'view team OT' list endpoint exists server-side despite Overtime.ViewSelf/ViewTeam permissions being defined, seeded, and tested at the permission-seed level - only OvertimeViewAll (the finalized snapshot) is wired to any controller route",Not Implemented (gap - CR-105),n/a (no such list view exists),n/a (no GET requests/mine or requests/team route exists),OvertimeController,Attendance.Overtime.ViewSelf / ViewTeam (unused),n/a,1,ATT-OT-009,0,,,
08-attendance,Overtime,F-ATT-175,There is no OT request cancellation/withdrawal endpoint at all - OvertimeRequestStatus.Cancelled is a defined enum member that no code path ever sets; only Draft->Submitted->Approved/Rejected is reachable,Not Implemented (gap - CR-107),n/a (no such action exists),n/a (no /cancel route exists),OvertimeService,n/a,n/a,1,ATT-OT-010,0,,,
08-attendance,Overtime,F-ATT-176,"Approve requires Submitted status; requester cannot approve their own request; ApprovedMinutes = min(RequestedMinutes, ActualEligibleMinutes), the latter frozen at creation time - never recomputed even if the underlying attendance day changes between creation and approval",Implemented (gap - CR-108),"OvertimePage manager approve (non-functional in UI, see frontend findings)",POST /api/attendance/overtime/requests/{id}/approve,OvertimeService.ApproveAsync,Attendance.Overtime.Approve,OvertimeRequests,3,"ATT-OT-011, ATT-OT-012, ATT-OT-013",0,,,
08-attendance,Overtime,F-ATT-177,"Reject transitions Submitted->Rejected and stores a RejectionReason; Correct is only permitted when the period is not currently finalized with a current OT snapshot for that employee, requiring an explicit Reopen first",Implemented,n/a,"POST /api/attendance/overtime/requests/{id}/reject, /correct",OvertimeService.RejectAsync/CorrectAsync,Attendance.Overtime.Approve,OvertimeRequests,2,"ATT-OT-014, ATT-OT-015",0,,,
08-attendance,Overtime,F-ATT-178,"Finalize requires the AttendancePeriod be Closed; sums approved minutes per employee/category from the current PayrollAttendanceSnapshot set, applies the monthly cap (split Normal->WeekOff->Holiday priority order), and creates versioned, IsCurrent-unique PayrollOvertimeSnapshot/EmployeeMonthlyOvertime rows",Implemented,OvertimePage Monthly Finalization card,POST /api/attendance/overtime/periods/{attendancePeriodId}/finalize,OvertimeService.FinalizeAsync,Attendance.Overtime.Finalize,"PayrollOvertimeSnapshots, EmployeeMonthlyOvertime",2,"ATT-OT-016, ATT-OT-017",0,,,
08-attendance,Overtime,F-ATT-179,"The OT snapshot stores minutes and multipliers only, never a monetary amount - payroll calculates the amount; ResolveAsync cross-checks the OT snapshot's AttendanceSnapshotId/Version against the CURRENT PayrollAttendanceSnapshot and Conflicts (OvertimeVersionConflict) if stale",Implemented,OvertimePage Payroll OT Traceability card,"n/a (internal, consumed by Payroll)",OvertimeService.ResolveAsync,n/a,PayrollOvertimeSnapshots,2,"ATT-OT-018, ATT-OT-019",0,,,
08-attendance,Overtime,F-ATT-180,"Reopen marks current OT snapshots/summaries non-current, requires a non-blank reason, and preserves history without deleting it",Implemented,OvertimePage Reopen/Version History card,POST /api/attendance/overtime/periods/{attendancePeriodId}/reopen,OvertimeService.ReopenAsync,Attendance.Overtime.Reopen,PayrollOvertimeSnapshots,1,ATT-OT-020,0,,,
08-attendance,Overtime,F-ATT-181,"OT never double-counts across an overnight shift's midnight boundary, and never inflates eligible minutes beyond the resolved WorkedMinutes for a partial day",Implemented,n/a,POST /api/attendance/overtime/requests,OvertimeService.CreateRequestAsync,Attendance.Overtime.Request,n/a,2,"ATT-OT-021, ATT-OT-022",0,,,
08-attendance,Overtime,F-ATT-182,A day Status=OnLeave (WorkedMinutes null) or Status=OnDuty both yield zero eligible OT minutes - On Duty does not automatically become Overtime,Implemented,n/a,POST /api/attendance/overtime/requests,OvertimeService.CreateRequestAsync,Attendance.Overtime.Request,n/a,1,ATT-OT-023,0,,,
08-attendance,Overtime,F-ATT-183,"Overtime Category is caller-chosen and validated only against the policy's Allow flags, never cross-checked against the work date's actual resolved RosterDayType/calendar - a Holiday-category OT request could in principle be accepted on a genuinely normal working day if the policy allows it",Implemented (gap - CR-109),OvertimePage,POST /api/attendance/overtime/requests,OvertimeService.CreateRequestAsync,Attendance.Overtime.Request,n/a,1,ATT-OT-024,0,,,
08-attendance,Overtime,F-ATT-184,"Comp-Off/Overtime double-benefit exclusivity is keyed on the exact source EmployeeAttendanceDay.Id: an OT request for a day already sourcing a non-Rejected/non-Superseded Comp-Off earning (or vice versa) is blocked with DoubleBenefitDenied; the guard is scoped per attendance day, not employee-wide, and is a pre-commit AnyAsync check with NO backing DB unique constraint",Implemented (race-susceptible - CR-110),OvertimePage / CompOffPage,"POST /api/attendance/overtime/requests, POST /api/attendance/comp-off/earn",OvertimeService.CreateRequestAsync / CompOffService,Attendance.Overtime.Request / Attendance.CompOff.*,"OvertimeRequests, CompOffEarnings",3,"ATT-OT-025, ATT-OT-026, ATT-OT-027",0,,,
08-attendance,Overtime,F-ATT-185,"Rejecting a cross-benefit attempt (Comp-Off after OT, or OT after Comp-Off) leaves the other, already-finalized benefit completely untouched - no partial mutation",Implemented,n/a,"POST /api/attendance/overtime/requests, POST /api/attendance/comp-off/earn",OvertimeService / CompOffService,n/a,"PayrollOvertimeSnapshots, CompOffEarnings",1,ATT-OT-028,0,,,
08-attendance,Overtime - Authority Resolution,F-ATT-186,"Manager-authority resolution across Workflow and Overtime composes three coexisting primitives - EmployeeManagerResolver (direct date-scoped EmploymentHistory.ManagerId lookup with cycle detection), IEmployeeAccessScopeService.BuildRoleScopePredicateAsync (role/org scope), and a time-scoped UserRoles/RolePermissions permission check - rather than inventing a new mechanism; AttendanceAuthorizationService composes/wraps these, and BOTH services accept it as an OPTIONAL DI parameter, degrading to the pure manager-resolver (no role-scope, no self-link) when absent",Implemented (DI-dependent composition),n/a,n/a,AttendanceAuthorizationService / EmployeeManagerResolver,n/a,n/a,1,ATT-OT-029,0,,,
08-attendance,Overtime,F-ATT-187,Overtime endpoints correctly declare their own distinct permissions per action (Request/Approve/Finalize/Reopen/ViewAll) with no missing controller attribute found,Implemented,n/a,all /api/attendance/overtime/* routes,OvertimeController,varies per route,n/a,1,ATT-OT-030,0,,,
08-attendance,Overtime,F-ATT-188,"A cross-tenant Overtime access attempt is rejected at the host/tenant-resolution layer (401), distinct from the in-tenant 403/404 authorization patterns used elsewhere in Attendance",Implemented,n/a,any /api/attendance/overtime/* route,TenantShardResolutionMiddleware,n/a,n/a,1,ATT-OT-031,0,,,
08-attendance,Overtime,F-ATT-189,The OvertimeRequestRequest DTO has no client-settable ApprovedMinutes/ActualEligibleMinutes property at all - a client cannot even attempt to submit these values directly,Implemented (by design),n/a,POST /api/attendance/overtime/requests,OvertimeController,Attendance.Overtime.Request,n/a,1,ATT-OT-032,0,,,
08-attendance,Exceptions - Operations Queue,F-ATT-190,"The operational exception queue lists every exception type (MissingInPunch, MissingOutPunch, Incomplete, NotProcessed, LeaveConflict, PendingRegularization, PendingOnDuty, ProcessingError, LateArrival, EarlyDeparture, Absent) in the caller's authorized scope, filterable by date/employee/type/status/resolution/search",Implemented,AttendanceOperationsPage exception workbench,GET /api/attendance/operations/exceptions,AttendanceOperationsService.GetOperationalExceptionsAsync,Attendance.Exception.View,"n/a (derived, not a persisted table)",1,ATT-EXC-001,0,,,
08-attendance,Exceptions - Operations Queue,F-ATT-191,"The operational exceptions dashboard aggregates counts (pending regularization/correction/on-duty, exception totals, period status/version) matching the authoritative workbench data",Implemented,AttendanceOperationsPage dashboard,GET /api/attendance/operations/dashboard,AttendanceOperationsService,Attendance.Exception.View,n/a,1,ATT-EXC-002,0,,,
08-attendance,Exceptions - Operations Queue,F-ATT-192,"Resolve (Acknowledge/Waive) an exception - gated only by Attendance.Exception.View, the SAME permission as read access, with no dedicated manage/resolve permission unlike corrections or bulk approval",Implemented (permission-design note),AttendanceOperationsPage exception workbench,POST /api/attendance/operations/exceptions/resolve,AttendanceOperationsService,Attendance.Exception.View,n/a,2,"ATT-EXC-003, ATT-EXC-004",0,,,
08-attendance,Exceptions - Operations Queue,F-ATT-193,"Bulk approve/reject of Regularization and On-Duty items in one call, scoped/audited/idempotent/conflict-safe, with a per-item result set and a documented item-count limit",Implemented,AttendanceOperationsPage bulk actions,POST /api/attendance/operations/bulk,AttendanceOperationsService,Attendance.Regularization.Approve,"AttendanceRegularizationRequests, AttendanceOnDutyRequests",4,"ATT-EXC-005, ATT-EXC-006, ATT-EXC-007, ATT-EXC-008",0,,,
08-attendance,Exceptions - Operations Queue,F-ATT-194,Manual attendance submission (HR/operator-initiated maker-checker request) and bulk-corrections both require AdminCorrection.Manage,Implemented,AttendanceOperationsPage manual correction / bulk corrections,"POST /api/attendance/operations/manual, POST /api/attendance/operations/bulk-corrections",AttendanceOperationsService,Attendance.AdminCorrection.Manage,"AttendanceRegularizationRequests, AttendanceAdminCorrections",2,"ATT-EXC-009, ATT-EXC-010",0,,,
08-attendance,Exceptions - Operations Queue,F-ATT-195,"Export the operational exceptions queue, requiring BOTH Exception.View and Report.Export, capped at MaxExportRows=50,000, verified read-only and column-hygienic",Implemented,AttendanceOperationsPage export,GET /api/attendance/operations/exceptions/export,AttendanceOperationsService.ExportExceptionsAsync,Attendance.Exception.View AND Attendance.Report.Export,n/a,1,ATT-EXC-011,0,,,
08-attendance,Exceptions - Operations Queue,F-ATT-196,"Operational exception queue authorization is applied SQL-side (an EXISTS subquery composed into the IQueryable) BEFORE CountAsync/Skip/Take - authorization is never a data-leak risk here, confirmed at real large-data volume across Manager/HRBP/TimeManager scope mechanisms",Implemented (verified safe),n/a,GET /api/attendance/operations/exceptions,AttendanceOperationsService.GetExceptionsAsync,Attendance.Exception.View,n/a,1,ATT-EXC-012,0,,,
08-attendance,Exceptions - Self View,F-ATT-197,"An employee's self-service exceptions read (me/exceptions) is gated on plain Attendance.View, NOT Attendance.Exception.ViewSelf - the permission the seeded Employee role actually holds - so a plain Employee gets 403 on their own exceptions route in the seeded matrix",Implemented (gap - CR-111),MyAttendanceExceptionsPage,GET /api/attendance/me/exceptions,AttendanceOperationsService.GetMyExceptionsAsync,Attendance.View,n/a,1,ATT-EXC-013,0,,,
08-attendance,Exceptions - Self View,F-ATT-198,An employee CAN view their own exceptions but cannot reach the operational (team/tenant) scope - the self/operational boundary is enforced,Implemented,MyAttendanceExceptionsPage,GET /api/attendance/me/exceptions vs GET /api/attendance/operations/exceptions,AttendanceOperationsService,Attendance.View vs Attendance.Exception.View,n/a,1,ATT-EXC-014,0,,,
08-attendance,Exceptions - Lifecycle,F-ATT-199,"Removal from the active exception list: a resolved MissingPunch/Absence exception (via approved Regularization, approved On-Duty, or an admin correction) disappears from the active queue while remaining visible in employee history",Implemented,AttendanceOperationsPage,"GET /api/attendance/operations/exceptions, GET /api/attendance/operations/employees/{id}/history",AttendanceOperationsService,Attendance.Exception.View,n/a,1,ATT-EXC-015,0,,,
08-attendance,Exceptions - Lifecycle,F-ATT-200,Rejecting a manual attendance/regularization request leaves the authoritative day unchanged and the rejected attempt remains visible historically,Implemented,AttendanceOperationsPage,"POST /api/attendance/manager/regularizations/{id}/reject, GET /api/attendance/operations/employees/{id}/history",AttendanceOperationsService / AttendanceWorkflowService,Attendance.Regularization.Approve,n/a,1,ATT-EXC-016,0,,,
08-attendance,Exceptions - Lifecycle,F-ATT-201,A finalized period's exceptions/corrections require an explicit Reopen and preserve payroll snapshot history across the reopen-correct-refinalize cycle,Implemented,AttendanceOperationsPage,POST /api/attendance/operations/manual (on a Closed period),AttendanceOperationsService,Attendance.AdminCorrection.Manage,n/a,1,ATT-EXC-017,0,,,
08-attendance,Exceptions - Operations Queue,F-ATT-202,A caller with zero Attendance permissions is denied bulk-correct/reopen actions outright,Implemented,n/a,"POST /api/attendance/operations/bulk-corrections, POST /api/attendance/periods/{id}/reopen",AttendanceOperationsController / AttendanceMonthlyController,Attendance.AdminCorrection.Manage / Attendance.Monthly.Reopen,n/a,1,ATT-EXC-018,0,,,
08-attendance,Exceptions - Operations Queue,F-ATT-203,"A locked (closed) period cannot be modified through operations bulk-correction without first reopening, even by a caller who otherwise holds correction permissions",Implemented,AttendanceOperationsPage,POST /api/attendance/operations/bulk-corrections,AttendanceOperationsService,Attendance.AdminCorrection.Manage,n/a,1,ATT-EXC-019,0,,,
08-attendance,Exceptions - Operations Queue,F-ATT-204,"Cross-employee correction references (a bulk-correction row naming an employee outside the caller's scope) are denied per-item, not just tenant-wide",Implemented,AttendanceOperationsPage bulk corrections,POST /api/attendance/operations/bulk-corrections,AttendanceOperationsService,Attendance.AdminCorrection.Manage,n/a,1,ATT-EXC-020,0,,,
08-attendance,Exceptions - Operations Queue,F-ATT-205,"Cross-tenant operational exception queries return zero data, never another tenant's exceptions",Implemented,n/a,GET /api/attendance/operations/exceptions,AttendanceOperationsService,Attendance.Exception.View,n/a,1,ATT-EXC-021,0,,,
08-attendance,Manager/HR Scope,F-ATT-206,"AttendanceAuthorizationService is a FOURTH independent 'who can see/act on whose employees' mechanism, distinct from RoleScopeResolver, EmployeeAccessScopeService.BuildPredicateAsync (Employee/CR-57 origin), and LeaveAuthorizationService (Leave/CR-77) - it partially reuses EmployeeAccessScopeService.BuildRoleScopePredicateAsync for its role-scope arm but writes its own self-predicate, its own manager-predicate (in two independently-coded variants within the same class), and its own inline permission-check join",Implemented (architecture finding),n/a,n/a,AttendanceAuthorizationService,n/a,n/a,1,ATT-SCOPE-001,0,,,
08-attendance,Manager/HR Scope,F-ATT-207,"BuildEmployeePredicateAsync composes self (AccountEmployeeCurrentLinks) OR role-scope (delegated to EmployeeAccessScopeService.BuildRoleScopePredicateAsync) OR current-manager (its own BuildCurrentManagerPredicate over EmployeeEmploymentHistory.ManagerId, effective-dated)",Implemented,n/a,n/a,AttendanceAuthorizationService.BuildEmployeePredicateAsync,n/a,n/a,1,ATT-SCOPE-002,0,,,
08-attendance,Manager/HR Scope,F-ATT-208,"CanAccessEmployeeAsync evaluates self+role-scope first (includeManager forced false internally), and only on a miss falls back to a SEPARATE, third code path - IEmployeeManagerResolver.ResolveAsync - for the manager check, rather than reusing BuildCurrentManagerPredicate; two different 'is this my manager' implementations coexist within one service depending on the entry point called",Implemented (internal duplication),n/a,n/a,AttendanceAuthorizationService.CanAccessEmployeeAsync,n/a,n/a,1,ATT-SCOPE-003,0,,,
08-attendance,Manager/HR Scope,F-ATT-209,"Permission possession itself (HasPermissionAsync) is a separate, date-scoped UserRoles<->RolePermissions<->Permissions join, independent of manager-scope resolution - a FOURTH independent permission-check implementation across the product, not delegated to any shared primitive",Implemented,n/a,n/a,AttendanceAuthorizationService.HasPermissionAsync,n/a,"UserRoles, RolePermissions, Permissions",1,ATT-SCOPE-004,0,,,
08-attendance,Manager/HR Scope,F-ATT-210,The manager-arm of BuildEmployeePredicateAsync genuinely honors manager-as-of-the-query's-effective-date (not manager-as-of-today) - a rotated-off manager still sees a report's historical data for dates during their tenure,Implemented,n/a,n/a,AttendanceAuthorizationService.BuildEmployeePredicateAsync,n/a,n/a,1,ATT-SCOPE-005,0,,,
08-attendance,Manager/HR Scope,F-ATT-211,"The null-DI fallback (IAttendanceAuthorizationService? absent) used across AttendanceOperationsService/AttendanceReportService/AttendanceMonthlyProcessor is FULLY PERMISSIVE (x => true, no scoping at all), and in ReviewRegularizationAsync/ReviewOnDutyAsync the authorization check is skipped entirely when null (no else branch) - sharper/more permissive than Leave's CR-77 legacy branch; not reachable in production since DI always registers the service","Implemented (design-consistency risk, not known-reachable)",n/a,n/a,AttendanceOperationsService / AttendanceReportService / AttendanceMonthlyProcessor,n/a,n/a,1,ATT-SCOPE-006,0,,,
08-attendance,Manager/HR Scope,F-ATT-212,"GET api/attendance/comp-off/operations has no [HasPermission] attribute at all - only controller-level [Authorize] - the same pattern Leave's CR-82 flagged, confirmed present in Attendance's CompOffController too; service-level BuildOperationalScopeAsync tries 5 permissions in turn (ViewAll/ViewTeam/Manage/Approve/ViewHistory) and denies if none held, so it is not a true bypass, but is invisible to route-attribute-based permission audits",Implemented (gap - CR-82 cross-reference),CompOffOperationsPage,GET /api/attendance/comp-off/operations,CompOffService.GetOperationalAsync/BuildOperationalScopeAsync,none declared (service checks 5 alternatives internally),n/a,1,ATT-SCOPE-007,0,,,
08-attendance,Manager/HR Scope,F-ATT-213,"Full Attendance/Overtime/CompOff/Device role x permission matrix (SuperAdmin/TenantAdmin hold everything except AccountEmployeeLink.*; HRAdmin/HRManager/Manager/Employee/ERO/HRBP/TimeManager/SuperHR each hold a distinct, uneven subset; AccountLinkAdministrator/AccountLinkAuditor/IT/Accounts hold zero Attendance permissions)",Implemented,n/a,n/a,SeedData.RolePermissionMap,n/a,n/a,1,ATT-SCOPE-008,0,,,
08-attendance,Manager/HR Scope,F-ATT-214,"No seeded role except SuperAdmin/TenantAdmin holds Regularization.Request/Approve, OnDuty.Request/Approve, AdminCorrection.Manage, any Overtime.* permission, or CompOff.ViewHistory","Implemented (gap - CR-112, CR-114)",n/a,n/a,SeedData.RolePermissionMap,n/a,n/a,1,ATT-SCOPE-009,0,,,
08-attendance,Manager/HR Scope,F-ATT-215,"HRAdmin can view the operational exception queue and process/close/reopen monthly periods, but cannot approve/reject a single regularization or on-duty request, and cannot submit a manual correction - those actions are SuperAdmin/TenantAdmin-only in the seeded matrix",Implemented (gap - CR-112),AttendanceOperationsPage,"POST /api/attendance/manager/regularizations/{id}/approve, POST /api/attendance/operations/manual",SeedData.RolePermissionMap,n/a,n/a,1,ATT-SCOPE-010,0,,,
08-attendance,Manager/HR Scope,F-ATT-216,"SuperHR holds almost no Attendance permission (only CompOff.ViewAll/Approve/Manage) despite holding PageAccess.Manage and the full Payroll configuration surface - cannot open Operations, Reports, or Device Integration screens through its own role",Implemented (gap - CR-113),n/a,n/a,SeedData.RolePermissionMap,n/a,n/a,1,ATT-SCOPE-011,0,,,
08-attendance,Manager/HR Scope,F-ATT-217,"TimeManager cannot approve regularizations/on-duty, cannot submit manual corrections, cannot view Attendance Reports, and (despite holding DeviceMapping/DeviceSync/DeviceImport/DeviceViewHistory) does NOT hold Device.Manage - cannot register/edit/activate/deactivate a device",Implemented (gap - CR-113),n/a,n/a,SeedData.RolePermissionMap,n/a,n/a,1,ATT-SCOPE-012,0,,,
08-attendance,Manager/HR Scope,F-ATT-218,"A plain Employee role holds MonthlyViewSelf/ExceptionViewSelf/CompOffViewSelf but NOT Attendance.View - so me/calendar, me/days/{date}, and me/exceptions (all gated on plain Attendance.View) are unreachable by the seeded Employee role, while the frontend nav item is correspondingly hidden so the gap is invisible as a broken click",Implemented (gap - CR-111 cross-reference),MyAttendancePage / MyAttendanceExceptionsPage (nav item hidden),"GET /api/attendance/me/calendar, /me/days/{date}, /me/exceptions",SeedData.RolePermissionMap,Attendance.View,n/a,1,ATT-SCOPE-013,0,,,
08-attendance,Manager/HR Scope,F-ATT-219,"The seeded Manager role holds MonthlyViewTeam/ExceptionView/CompOffViewTeam+Approve but NOT Attendance.View, so manager/team and manager/team/{employeeId}/{date} (gated on plain Attendance.View) are unreachable by Manager, even though the Operations queue (ExceptionView) and Monthly summaries (MonthlyViewTeam) remain reachable through the SAME role - two 'manager view' surfaces disagree on which permission unlocks them",Implemented (gap - CR-111 cross-reference),ManagerAttendancePage,"GET /api/attendance/manager/team, /manager/team/{employeeId}/{date}",SeedData.RolePermissionMap,Attendance.View,n/a,1,ATT-SCOPE-014,0,,,
08-attendance,Manager/HR Scope,F-ATT-220,"Manager operational queries correctly return team-only rows and exclude same-tenant non-team employees, proven at HTTP level across role personas",Implemented,AttendanceOperationsPage,GET /api/attendance/operations/exceptions,AttendanceOperationsService,Attendance.Exception.View,n/a,1,ATT-SCOPE-015,0,,,
08-attendance,Manager/HR Scope,F-ATT-221,"HRBP and TimeManager role-scope resolution (via BuildRoleScopePredicateAsync) is proven at real large-data volume to be applied before count/paging, identically to the Manager manager-predicate path",Implemented,AttendanceOperationsPage,GET /api/attendance/operations/exceptions,AttendanceOperationsService,Attendance.Exception.View,n/a,1,ATT-SCOPE-016,0,,,
08-attendance,Manager/HR Scope,F-ATT-222,"A resolution-scope role parametrized across multiple personas (Manager/HRBP/TimeManager/HRAdmin) is exercised for the identical workbench/history workflow, confirming the same code path serves every scope mechanism consistently",Implemented,AttendanceOperationsPage,GET /api/attendance/operations/exceptions,AttendanceOperationsService,Attendance.Exception.View,n/a,1,ATT-SCOPE-017,0,,,
08-attendance,Manager/HR Scope,F-ATT-223,"Cross-tenant operational and exception queries return zero data regardless of which scope mechanism (manager, role-scope, tenant-wide) the caller's role uses",Implemented,n/a,GET /api/attendance/operations/exceptions,AttendanceOperationsService,Attendance.Exception.View,n/a,1,ATT-SCOPE-018,0,,,
08-attendance,Reports,F-ATT-224,"Daily report (FromDate/ToDate max 366 interactive days, EmployeeId/DepartmentId/WorkLocationId/Status filters, SQL-side paging), reads authoritative effective-day source states",Implemented,AttendanceReportsPage daily,GET /api/attendance/reports/daily,AttendanceReportService.GetDailyAsync,Attendance.Report.View,EmployeeAttendanceDays,3,"ATT-RPT-001, ATT-RPT-002, ATT-RPT-013",0,,,
08-attendance,Reports,F-ATT-225,"Monthly report (PeriodId/Year/Month/EmployeeId filters, SQL-side paging), reads the persisted EmployeeAttendanceMonthlySummaries, not recomputed",Implemented,AttendanceReportsPage monthly,GET /api/attendance/reports/monthly,AttendanceReportService.GetMonthlyAsync,Attendance.Report.View,EmployeeAttendanceMonthlySummaries,2,"ATT-RPT-003, ATT-RPT-013",0,,,
08-attendance,Reports,F-ATT-226,"Exceptions report (PeriodId required, EmployeeId/ExceptionType/IsBlocking/FromDate/ToDate filters) - authorization scope is applied correctly and first at the SQL level, but the exception derivation, filtering, sorting, AND pagination all happen in-memory over the whole scoped employee x period set (DeriveExceptions), not at the DB",Implemented (performance risk - CR-115),AttendanceReportsPage exceptions,GET /api/attendance/reports/exceptions,AttendanceReportService.GetExceptionsAsync -> AttendanceMonthlyProcessor.DeriveExceptions,Attendance.Report.View AND Attendance.Exception.View,n/a,3,"ATT-RPT-004, ATT-RPT-005, ATT-RPT-014",0,,,
08-attendance,Reports,F-ATT-227,"Exceptions report export re-derives the ENTIRE exception set from scratch once per export page (page++ loop calling GetExceptionsAsync repeatedly) rather than deriving once and paging the result, up to MaxExportRows=50,000 - a real latency multiplier for large exports, though still correctly capped",Implemented (performance risk - CR-115),AttendanceReportsPage exceptions export,GET /api/attendance/reports/exceptions/export,AttendanceReportService.ExportExceptionsAsync,Attendance.Report.View AND Attendance.Report.Export AND Attendance.Exception.View,n/a,1,ATT-RPT-006,0,,,
08-attendance,Reports,F-ATT-228,Report View and Export are independently required for every export route - View alone never suffices for an export endpoint,Implemented,AttendanceReportsPage export buttons,"GET /api/attendance/reports/daily/export, /monthly/export, /exceptions/export",AttendanceReportController,Attendance.Report.View AND Attendance.Report.Export (+ Exception.View for exceptions),n/a,1,ATT-RPT-007,0,,,
08-attendance,Reports,F-ATT-229,"All report/export endpoints enforce a hard MaxExportRows=50,000 cap, checked via TotalCount before materializing rows - export fails with a validation error rather than silently truncating",Implemented,AttendanceReportsPage export,GET /api/attendance/reports/*/export,AttendanceReportService,Attendance.Report.View AND Attendance.Report.Export,n/a,1,ATT-RPT-008,0,,,
08-attendance,Reports,F-ATT-230,"CSV exports are formula-injection-hardened (RFC field escaping, formula-triggering leading characters neutralized) and UTF-8 encoded, including deterministic formatting of unicode/null/date/time values",Implemented,AttendanceReportsPage export,GET /api/attendance/reports/daily/export,AttendanceReportService,Attendance.Report.View AND Attendance.Report.Export,n/a,1,ATT-RPT-009,0,,,
08-attendance,Reports,F-ATT-231,"The Daily report uses the employment effective as of each historical business date to filter/label rows, not the employee's current employment snapshot",Implemented,AttendanceReportsPage daily,GET /api/attendance/reports/daily,AttendanceReportService.GetDailyAsync,Attendance.Report.View,EmployeeEmploymentHistory,1,ATT-RPT-010,0,,,
08-attendance,Reports,F-ATT-232,Report employee filters cannot be used to cross tenant boundaries; report reads are tenant-scoped end to end,Implemented,AttendanceReportsPage,GET /api/attendance/reports/daily?employeeId=...,AttendanceReportService,Attendance.Report.View,n/a,1,ATT-RPT-011,0,,,
08-attendance,Reports,F-ATT-233,"The seeded Manager role lacks Attendance.Report.View entirely (only HRAdmin/HRManager hold it) - a Manager is denied every report/export route outright, unlike the operational exception queue which Manager CAN reach via ExceptionView",Implemented (permission-matrix finding),AttendanceReportsPage,GET /api/attendance/reports/daily,SeedData.RolePermissionMap,Attendance.Report.View,n/a,1,ATT-RPT-012,0,,,
08-attendance,Devices - CRUD,F-ATT-234,Device CRUD: Code/Name/DeviceType required and length-capped; TimeZoneId must resolve via TimeZoneInfo; ConnectionMode must be a defined enum value; WorkLocationId (if set) must be in-tenant,Implemented,AttendanceDevicesPage Devices tab,GET/POST/PUT /api/attendance/devices,AttendanceDeviceOperationsService.ValidateDeviceAsync,Attendance.Device.View / Manage,AttendanceDevices,3,"ATT-DEV-001, ATT-DEV-002, ATT-DEV-003",0,,,
08-attendance,Devices - CRUD,F-ATT-235,"Device Code is tenant-unique (DB index + pre-check, Conflict DuplicateDeviceCode); different tenants may freely reuse the same Code; SerialNumber has NO uniqueness constraint at all - two devices can share an identical serial with no warning",Implemented (gap - CR-120),AttendanceDevicesPage,POST /api/attendance/devices,AttendanceDeviceOperationsService.ValidateDeviceAsync,Attendance.Device.Manage,AttendanceDevices,2,"ATT-DEV-004, ATT-DEV-005",0,,,
08-attendance,Devices - CRUD,F-ATT-236,"Activate/Deactivate/Disable: Disabled is TERMINAL - once Disabled, no further status transition (including back to Active) is possible; Active<->Inactive toggles freely; each real transition writes an audit row",Implemented,AttendanceDevicesPage device status actions,"POST /api/attendance/devices/{id}/activate, /deactivate, /disable",AttendanceDeviceOperationsService.SetDeviceStatusAsync,Attendance.Device.Manage,"AttendanceDevices, DeviceAuditLog",2,"ATT-DEV-006, ATT-DEV-007",0,,,
08-attendance,Devices - CRUD,F-ATT-237,"CredentialReference is never returned in any DTO and never appears in audit ContextJson (only a boolean 'configured' flag); on update, a blank/whitespace CredentialReference silently retains the existing value - there is no way to explicitly clear it via the API",Implemented (gap - CR-116),AttendanceDevicesPage device form (always starts blank on edit),PUT /api/attendance/devices/{id},AttendanceDeviceOperationsService.UpdateDeviceAsync,Attendance.Device.Manage,AttendanceDevices.CredentialReference,2,"ATT-DEV-008, ATT-DEV-009",0,,,
08-attendance,Devices - Mapping,F-ATT-238,"Employee-device mapping identity (DeviceId, ExternalEmployeeIdentifier) is immutable after creation - update can only change EffectiveFrom/EffectiveTo/Status; a duplicate exact triple is DB-blocked, a genuine date-overlap on the same (device,external id) is app-level-checked inside a Serializable transaction",Implemented,AttendanceDevicesPage Employee mappings tab,GET/POST/PUT /api/attendance/devices/mappings,AttendanceDeviceOperationsService.CreateMappingAsync/UpdateMappingAsync,Attendance.Device.View / Mapping,AttendanceDeviceEmployeeMappings,3,"ATT-DEV-010, ATT-DEV-011, ATT-DEV-012",0,,,
08-attendance,Devices - Mapping,F-ATT-239,"The DbUpdateException catch around mapping create/reprocess is a catch-all, not narrowed to the unique-index violation - any unrelated transient DB failure during mapping insert surfaces the same misleading 'MappingConflict: active effective mappings cannot overlap' message to the operator",Implemented (message-accuracy gap),AttendanceDevicesPage Employee mappings tab,POST /api/attendance/devices/mappings,AttendanceDeviceOperationsService.CreateMappingAsync,Attendance.Device.Mapping,n/a,1,ATT-DEV-013,0,,,
08-attendance,Devices - Mapping,F-ATT-240,"If more than one Active mapping ends up matching the same (device, external id, businessDate) despite the unique index (a race on differing EffectiveFrom), ingestion marks the event Rejected 'Multiple effective mappings exist; no employee was selected' rather than guessing",Implemented,AttendanceDevicesPage Ingestion issues tab,POST /api/attendance/devices/{id}/sync,AttendanceDeviceIntegrationService.IngestAsync,Attendance.Device.Sync,AttendanceDeviceIngestionEvents,1,ATT-DEV-014,0,,,
08-attendance,Devices - Ingestion,F-ATT-241,"Two INDEPENDENT idempotency keys exist: the receipt-level dedup key is (TenantId, 'device:{deviceId}:{Source}', ExternalEventId) - Source-specific, so the same event under two different Source strings (worker vs manual-import vs issue-reprocess) creates TWO separate receipt rows - while the authoritative-punch dedup key is (DeviceId, ExternalEventId) ONLY, source-independent, so the resulting AttendancePunch is never duplicated even when the receipt log accumulates multiple rows for 'the same' event",Implemented (nuance - CR-117),AttendanceDevicesPage Ingestion issues / Sync runs tabs,"POST /api/attendance/devices/{id}/sync, /import, /issues/{id}/reprocess",AttendanceDeviceIntegrationService.IngestAsync,Attendance.Device.Sync / Import,"AttendanceDeviceIngestionEvents, AttendancePunches",1,ATT-DEV-015,0,,,
08-attendance,Devices - Ingestion,F-ATT-242,A batch is capped at 1000 punches per IngestAsync call; each item is validated/ingested individually within the same transaction so a per-item rejection does not abort the whole batch,Implemented,n/a,"POST /api/attendance/devices/{id}/sync, /import",AttendanceDeviceIntegrationService.IngestAsync,Attendance.Device.Sync / Import,n/a,2,"ATT-DEV-016, ATT-DEV-017",0,,,
08-attendance,Devices - Ingestion,F-ATT-243,"SyncRun.Status becomes Succeeded (zero rejected/unmapped), PartiallySucceeded (some accepted but not all failed), or Failed (all rejected/errored); the checkpoint ONLY advances when rejected==0 AND unmapped==0 for the whole batch",Implemented,AttendanceDevicesPage Sync runs tab,POST /api/attendance/devices/{id}/sync,AttendanceDeviceIntegrationService.IngestAsync,Attendance.Device.Sync,"AttendanceDeviceSyncRuns, AttendanceDevices.LastSuccessfulCheckpoint",1,ATT-DEV-018,0,,,
08-attendance,Devices - Ingestion,F-ATT-244,"Invalid/malformed events (oversized ids, unresolvable timezone, default OccurredAt) are Rejected with a synthesized ExternalEventId if the original was blank, so the receipt row always inserts; no active mapping is Unmapped; more than one matching mapping is Rejected as ambiguous; an Unknown Direction is Rejected",Implemented,AttendanceDevicesPage Ingestion issues tab,POST /api/attendance/devices/{id}/sync,AttendanceDeviceIntegrationService.IngestAsync,Attendance.Device.Sync,AttendanceDeviceIngestionEvents,1,ATT-DEV-019,0,,,
08-attendance,Devices - Ingestion,F-ATT-245,"A mapped, valid-direction event whose target period is Closed becomes RequiresPeriodReopen - no automatic reopen, no raw punch created - this is the controlled late-punch-for-a-finalized-period path",Implemented,AttendanceDevicesPage Ingestion issues tab,POST /api/attendance/devices/{id}/sync,AttendanceDeviceIntegrationService.IngestAsync,Attendance.Device.Sync,n/a,1,ATT-DEV-020,0,,,
08-attendance,Devices - Ingestion,F-ATT-246,A daily processor failure AFTER a successful raw-punch insert still RETAINS the punch (not rolled back) and marks the issue RequiresPeriodReopen - 'raw punch is retained; daily processing requires an operational follow-up',Implemented,n/a,POST /api/attendance/devices/{id}/sync,AttendanceDeviceIntegrationService.IngestAsync,Attendance.Device.Sync,AttendancePunches,1,ATT-DEV-021,0,,,
08-attendance,Devices - Ingestion,F-ATT-247,Every device operation is tenant-scoped end to end; a foreign-tenant device/mapping/issue id returns NotFound or an empty result across every read/write operation,Implemented,n/a,all /api/attendance/devices/* routes,AttendanceDeviceOperationsService / AttendanceDeviceIntegrationService,varies,n/a,1,ATT-DEV-022,0,,,
08-attendance,Devices - Ingestion,F-ATT-248,"Reprocessing an unmapped/rejected issue is genuinely idempotent for the raw punch, but NOT for the receipt log - each distinct Source string on retry (e.g. 'issue-reprocess') produces a NEW AttendanceDeviceIngestionEvent row even though no duplicate AttendancePunch results",Implemented (nuance - CR-117),AttendanceDevicesPage Ingestion issues tab reprocess action,POST /api/attendance/devices/issues/{id}/reprocess,AttendanceDeviceIntegrationService.IngestAsync,Attendance.Device.Sync,AttendanceDeviceIngestionEvents,1,ATT-DEV-023,0,,,
08-attendance,Devices - Lease,F-ATT-249,"Lease: one durable DB row per (TenantId, DeviceId), shared identically by the background worker and manual Sync Now; TryAcquireAsync denies a claim while a non-expired token exists (DeviceSyncAlreadyRunning), otherwise issues a new token with LeaseExpiresAtUtc=now+LeaseDurationSeconds (default 120s)",Implemented,AttendanceDevicesPage Sync Now action,POST /api/attendance/devices/{id}/sync,AttendanceDeviceLeaseService.TryAcquireAsync,Attendance.Device.Sync,AttendanceDeviceSyncLeases,1,ATT-DEV-024,0,,,
08-attendance,Devices - Lease,F-ATT-250,A stale/superseded lease token's Heartbeat and Release calls both fail silently (no throw) once a new owner has reclaimed the lease; an expired lease with no reclaim can be reclaimed by any new claimant,Implemented,n/a,n/a (internal to the worker/SyncNow pipeline),AttendanceDeviceLeaseService,n/a,AttendanceDeviceSyncLeases,1,ATT-DEV-025,0,,,
08-attendance,Devices - Lease,F-ATT-251,"The lease is double-checked both BEFORE starting the ingestion batch and AGAIN right before persisting the checkpoint - if reclaimed mid-batch by another owner, the whole ingestion transaction rolls back with Conflict DeviceSyncLeaseLost, zero punches, no checkpoint advance - the anti-split-brain guarantee",Implemented,n/a,POST /api/attendance/devices/{id}/sync,AttendanceDeviceIntegrationService.IngestAsync,Attendance.Device.Sync,n/a,1,ATT-DEV-026,0,,,
08-attendance,Devices - Lease,F-ATT-252,"Manual POST /import calls IngestAsync directly with LeaseToken=null, entirely bypassing the lease system - a manual import batch can run concurrently with an active Pull-worker cycle or manual Sync Now on the same device with NO coordination between them",Implemented (race risk - CR-118),AttendanceDevicesPage manual import,POST /api/attendance/devices/{id}/import,AttendanceDeviceIntegrationService.IngestAsync,Attendance.Device.Import,n/a,1,ATT-DEV-027,0,,,
08-attendance,Devices - Lease,F-ATT-253,The lease is always released in a finally block even when the sync fails before ingestion starts (e.g. unsupported provider) - no leaked lease under any failure path exercised,Implemented,n/a,POST /api/attendance/devices/{id}/sync,AttendanceDeviceOperationsService.SyncNowAsync,Attendance.Device.Sync,AttendanceDeviceSyncLeases,1,ATT-DEV-028,0,,,
08-attendance,Devices - Sync Recovery,F-ATT-254,"Sync retry loop classifies failures as Permanent (UnsupportedProvider, DeviceSyncAlreadyRunning/LeaseContended, Inactive, configuration, DeviceNotFound - never retried) vs Transient (DeviceSyncUnavailable, TimeoutException, HttpRequestException, DbUpdateException - retried with exponential backoff up to MaxRetries)",Implemented,n/a,n/a (internal retry wrapper around Sync Now),AttendanceDeviceSyncRecoveryService.ExecuteAsync,n/a,AttendanceDeviceSyncRuns,1,ATT-DEV-029,0,,,
08-attendance,Devices - Sync Recovery,F-ATT-255,"On success, ConsecutiveFailureCount resets to 0 and NextRetryAtUtc/LastFailureCode clear; on each failure, ConsecutiveFailureCount increments and a synthetic SyncRun row (Source='worker-retry') is written; NextRetryAtUtc is set only for Transient failures within budget, feeding the worker's own device-eligibility filter",Implemented,AttendanceDevicesPage Health tab,n/a,AttendanceDeviceSyncRecoveryService.RecordSuccessAsync/RecordFailureAsync,n/a,"AttendanceDevices, AttendanceDeviceSyncRuns",1,ATT-DEV-030,0,,,
08-attendance,Devices - Sync Recovery,F-ATT-256,"ReconcileStaleRunsAsync marks any Running SyncRun older than StaleRunThresholdSeconds (default 300s) as Failed/WorkerLeaseExpired, and independently clears any lease whose token is non-null but expired - the two reconciliations are independent of each other and run once per tenant per polling cycle before device processing",Implemented,AttendanceDevicesPage Health tab,n/a,AttendanceDeviceSyncRecoveryService.ReconcileStaleRunsAsync,n/a,"AttendanceDeviceSyncRuns, AttendanceDeviceSyncLeases",1,ATT-DEV-031,0,,,
08-attendance,Devices - Sync Recovery,F-ATT-257,A full process crash mid-batch leaves no partial punches (transaction fully commits or fully rolls back); the next process's reconciliation flips the orphaned Running run to Failed and frees the expired lease for a new owner,Implemented,n/a,n/a,AttendanceDeviceSyncRecoveryService,n/a,n/a,1,ATT-DEV-032,0,,,
08-attendance,Devices - Worker,F-ATT-258,"The background worker (AttendanceDevicePullWorker) does not start its polling loop at all if Enabled=false; when enabled it processes tenants deterministically ordered, a single tenant's exception is caught/logged and never aborts the cycle for remaining tenants",Implemented,n/a,n/a (background service),AttendanceDevicePullWorker,n/a,n/a,2,"ATT-DEV-033, ATT-DEV-034",0,,,
08-attendance,Devices - Worker,F-ATT-259,"Per-tenant device discovery is filtered server-side to Status=Active, ConnectionMode=Pull, and NextRetryAtUtc<=now (EligibleAtUtc) - Push/FileImport/ManualApi devices are never polled by the worker at all, only reachable via manual /import or an external push mechanism",Implemented,n/a,n/a,AttendanceDevicePullWorker.ProcessTenantAsync,n/a,n/a,1,ATT-DEV-035,0,,,
08-attendance,Devices - Worker,F-ATT-260,"The worker processes devices strictly SEQUENTIALLY within a tenant cycle (MaxConcurrent==1, no concurrency option exists) - a poison (always-failing) device does not block other devices in the same cycle, each device's failure is isolated",Implemented (deliberate design - sets performance expectations),n/a,n/a,AttendanceDevicePullWorker.ProcessTenantAsync,n/a,n/a,1,ATT-DEV-036,0,,,
08-attendance,Devices - Worker,F-ATT-261,A single tenant's device count is bounded per cycle by MaxDevicesPerCycle so a very large tenant does not starve a small tenant's first device from being processed within the same polling pass,Implemented,n/a,n/a,AttendanceDevicePullWorker.ProcessTenantsAsync,n/a,n/a,1,ATT-DEV-037,0,,,
08-attendance,Devices - Worker,F-ATT-262,Cancellation mid-device-sync propagates and no further device is started after the cancellation signal within the same cycle,Implemented,n/a,n/a,AttendanceDevicePullWorker,n/a,n/a,1,ATT-DEV-038,0,,,
08-attendance,Devices - Worker,F-ATT-263,"Replay across two consecutive worker cycles for the same device/event is idempotent - one punch, checkpoint set exactly once, no leaked lease",Implemented,n/a,n/a,AttendanceDevicePullWorker,n/a,n/a,1,ATT-DEV-039,0,,,
08-attendance,Devices - Concurrency/Provider,F-ATT-264,"No explicit pessimistic lock hint (SELECT FOR UPDATE / UPDLOCK,HOLDLOCK) is used anywhere in the device/lease/mapping module's own code - every mutating operation instead opens its own Serializable-isolation EF transaction, relying on DbUpdateException/DbUpdateConcurrencyException catches for conflict resolution uniformly across providers",Implemented (architecture note),n/a,n/a,AttendanceDeviceIntegrationService / AttendanceDeviceLeaseService / AttendanceDeviceOperationsService,n/a,n/a,1,ATT-DEV-040,0,,,
08-attendance,Devices - Concurrency/Provider,F-ATT-265,"Provider-acceptance suites run identical shared scenario code against both MySQL and SQL Server, deliberately inducing concurrent races (mapping create, duplicate ingestion) and asserting exactly one winner on both real providers - not just in-process SQLite",Implemented,n/a,n/a,AttendanceDeviceIntegrationProviderAcceptance / AttendanceDeviceSyncRecoveryProviderAcceptance,n/a,n/a,1,ATT-DEV-040,0,,,
08-attendance,Devices - Coverage Gap,F-ATT-266,"No HTTP-layer (WebApplicationFactory) test exists for AttendanceDevicesController at all - every existing test calls Application-layer services directly; the reflection test only confirms a [HasPermission] attribute is PRESENT on each of the 17 routes, never that a caller lacking it actually receives 403 over real HTTP",Implemented (coverage gap - CR-119),n/a,all /api/attendance/devices/* routes,n/a,n/a,n/a,1,ATT-DEV-041,0,,,
08-attendance,Devices - Permissions,F-ATT-267,"No IT-specific permission domain exists for device administration - all six device permissions live under the general Attendance.* namespace, and only TenantAdmin/SuperAdmin hold DeviceManage in the seeded matrix (TimeManager holds View/Sync/Mapping but not Manage; Employee/Manager hold none)",Implemented,n/a,n/a,SeedData.RolePermissionMap,n/a,n/a,1,ATT-DEV-042,0,,,
08-attendance,Devices - Frontend,F-ATT-268,"Device management is fully exposed in the frontend as a 5-tab admin UI (Devices, Employee mappings, Ingestion issues, Sync runs, Audit history), with permission-gated action visibility and credential values never rendered anywhere",Implemented,AttendanceDevicesPage,all /api/attendance/devices/* routes,n/a,Attendance.Device.*,n/a,1,ATT-DEV-043,0,,,
08-attendance,CR Carry-Forward,F-ATT-269,"CR-53 in Attendance: SubmitRegularizationAsync/SubmitOnDutyAsync check Employee.Status directly (not User.IsActive/EmploymentEligibility) - a GENUINE, self-contained eligibility gate distinct from every other module's CR-53 finding, blocking new submissions for ANY business date the instant Status != Active",Implemented,AttendanceRequestsPage,"POST /api/attendance/me/regularizations, /me/on-duty",AttendanceWorkflowService.SubmitRegularizationAsync/SubmitOnDutyAsync,Attendance.Regularization.Request / OnDuty.Request,Employees.Status,2,"ATT-INTEG-001, ATT-INTEG-002",0,,,
08-attendance,CR Carry-Forward,F-ATT-270,"AttendanceAuthorizationService.ResolveContextAsync separately checks User.IsActive (the RBAC-flavoured, CR-53-style gate) governing READ/authorization predicates, independent of the Employee.Status WRITE-path gate above - two distinct flags, two distinct gates, both present in Attendance",Implemented,n/a,n/a,AttendanceAuthorizationService.ResolveContextAsync,n/a,Users.IsActive,1,ATT-INTEG-003,0,,,
08-attendance,CR Carry-Forward,F-ATT-271,"Day processing, monthly processing, history reads, and manager-queue visibility are NOT gated by Employee.Status at all - only Employee row existence is checked - a separated employee's historical days/requests remain fully processed/visible exactly like every other module's CR-53 read-side gap","Implemented (CR-53 read-side gap, same pattern as other modules)",n/a,n/a (internal),AttendanceDayProcessor.ProcessAsync / AttendanceMonthlyProcessor / AttendanceWorkflowService.GetMy*Async,n/a,n/a,1,ATT-INTEG-004,0,,,
08-attendance,CR Carry-Forward,F-ATT-272,"CR-57 in Attendance: Attendance IS the origin, not a carried-forward consumer - EmployeeAccessScopeService.BuildPredicateAsync's narrowing is literally keyed off Attendance.MonthlyViewTeam/MonthlyViewAll, and AttendanceAuthorizationService is a first-class, direct caller of EmployeeAccessScopeService.BuildRoleScopePredicateAsync",Implemented,n/a,n/a,EmployeeAccessScopeService.BuildPredicateAsync/BuildRoleScopePredicateAsync,Attendance.MonthlyViewTeam / MonthlyViewAll,n/a,1,ATT-INTEG-005,0,,,
08-attendance,CR Carry-Forward,F-ATT-273,"CR-66 in Attendance: fully confirmed with no Attendance-specific carve-out - PageAccessService.UpdateAsync validates only 'is this permission name in Permissions.All', so Attendance.*/Attendance.Overtime.*/AttendanceDevice.* are all just as self-escalatable via PageAccess.Manage as Leave.* was in Module 7",Implemented,PageAccessManagementPage,PUT /api/page-access/roles/{roleId},PageAccessService.UpdateAsync,PageAccess.Manage,RolePermissions,1,ATT-INTEG-006,0,,,
08-attendance,CR Carry-Forward,F-ATT-274,"CR-77 in Attendance: AttendanceAuthorizationService is a distinct, independently-implemented mechanism from LeaveAuthorizationService (different class, own BuildCurrentManagerPredicate over EmployeeEmploymentHistory.ManagerId), sharing only the role-scope dimension (EmployeeAccessScopeService.BuildRoleScopePredicateAsync) - a 5th non-communicating 'who is whose manager' implementation across the product",Implemented,n/a,n/a,AttendanceAuthorizationService vs LeaveAuthorizationService,n/a,n/a,1,ATT-INTEG-007,0,,,
08-attendance,CR Carry-Forward,F-ATT-275,AttendanceWorkflowService's optional-DI legacy fallback (used when IAttendanceAuthorizationService is null) reproduces Leave's CR-83-style gap independently: GetManagerRegularizationsAsync/GetManagerOnDutyAsync/TransitionRegularization/TransitionOnDuty fall back to a raw IEmployeeManagerResolver-only check with ZERO role-scope (HRBP/SuperHR) fallback,Implemented (legacy-path gap - CR-124),n/a,n/a,AttendanceWorkflowService,n/a,n/a,1,ATT-INTEG-008,0,,,
08-attendance,CR Carry-Forward,F-ATT-276,"AttendanceFoundationService carries the identical optional-DI authorization pattern, with enforceAuthorization explicitly bypassable per-call (default true) - AttendanceDayProcessor.ProcessAsync calls ResolveAsync with enforceAuthorization:false so batch/monthly processing is never authorization-gated by a caller identity",Implemented (by design),n/a,n/a,AttendanceFoundationService.ResolveAsync,n/a,n/a,1,ATT-INTEG-009,0,,,
08-attendance,Leave Integration,F-ATT-277,"An approved Leave with zero punches produces OnLeave without mutating the LeaveRequest itself - AttendanceDayProcessor reads Leave via a plain unauthenticated db.LeaveRequestDays query, read-only against Leave",Implemented,MyAttendancePage,GET /api/attendance/me/days/{date},AttendanceDayProcessor.ProcessAsync,Attendance.View,LeaveRequestDays (read-only),1,ATT-INTEG-010,0,,,
08-attendance,Leave Integration,F-ATT-278,"Approving a Leave request re-runs AttendanceDayProcessor synchronously as part of Leave's own approval transaction - Leave approval actively PUSHES into Attendance (a Present/Absent day flips to OnLeave and disappears from the Absent-exception list), not merely read lazily",Implemented,AttendanceOperationsPage exception workbench,POST /api/leave-requests/{requestId}/approve,LeaveRequestApprovalService.ApproveAsync -> AttendanceDayProcessor.ProcessAsync,Leave.Approve,EmployeeAttendanceDays,1,ATT-INTEG-011,0,,,
08-attendance,Leave Integration,F-ATT-279,"Approved Leave coexisting with valid full-day punches yields Present (punches win over leave for status), with LeaveConflict=true flagged",Implemented,MyAttendancePage,GET /api/attendance/me/days/{date},AttendanceDayProcessor.ProcessAsync,Attendance.View,n/a,1,ATT-INTEG-012,0,,,
08-attendance,Leave Integration,F-ATT-280,"Approved Leave coexisting with an incomplete punch pattern (e.g. In-only, no AllowPresentOnSinglePunch) yields Incomplete with LeaveConflict=true still set - LeaveConflict is computed independently of the final Status",Implemented,MyAttendancePage,GET /api/attendance/me/days/{date},AttendanceDayProcessor.ProcessAsync,Attendance.View,n/a,1,ATT-INTEG-013,0,,,
08-attendance,Leave Integration,F-ATT-281,"Only Approved leave is consulted (the query filters Status==Approved) - PendingApproval/Rejected/Cancelled all behave identically to 'no leave' from Attendance's point of view, by construction of the single equality filter",Implemented,MyAttendancePage,GET /api/attendance/me/days/{date},AttendanceDayProcessor.ProcessAsync,Attendance.View,n/a,1,ATT-INTEG-014,0,,,
08-attendance,Leave Integration,F-ATT-282,"Leave application is strictly per-exact-date - an approved leave on an adjacent date has zero effect on the processing date, no date-range bleed",Implemented,MyAttendancePage,GET /api/attendance/me/days/{date},AttendanceDayProcessor.ProcessAsync,Attendance.View,n/a,1,ATT-INTEG-015,0,,,
08-attendance,Leave Integration,F-ATT-283,The Leave lookup inside AttendanceDayProcessor is tenant-scoped - an approved leave seeded in a different tenant has zero effect on this tenant's processing,Implemented,n/a,n/a,AttendanceDayProcessor.ProcessAsync,n/a,LeaveRequestDays,1,ATT-INTEG-016,0,,,
08-attendance,Leave Integration,F-ATT-284,"Existing automated coverage has no half-day-leave or month-boundary-spanning-leave test for the Leave<->Attendance integration - every seeded LeaveRequest in AttendanceLeaveIntegrationTests.cs is single-day (StartDate==EndDate); this is a test-coverage gap for manual QA to fill, not a proven defect",Implemented (untested combination),MyAttendancePage,GET /api/attendance/me/days/{date},AttendanceDayProcessor.ProcessAsync,Attendance.View,n/a,2,"ATT-INTEG-017, ATT-INTEG-018",0,,,
08-attendance,Separation Integration,F-ATT-285,"Post-separation, historical Attendance data is preserved byte-for-byte (Status, WorkedMinutes, FirstPunchAtUtc, LastPunchAtUtc unchanged) while new Regularization/On-Duty submissions for a date one day after FinalLwd are Forbidden BEFORE any day-processing side effect runs",Implemented,n/a,"POST /api/attendance/me/regularizations, /me/on-duty",SeparationExitService.ExecuteAsync / AttendanceWorkflowService,n/a,"EmployeeAttendanceDays (preserved), Employees.Status/EmployeeEmploymentHistory/Users.IsActive",1,ATT-INTEG-019,0,,,
08-attendance,Separation Integration,F-ATT-286,"Not directly asserted by any existing automated test but not blocked by any code found either: My Attendance/history READ access post-separation, manager-queue appearance of a PRE-EXISTING pending request after the requester separates, and monthly-processing inclusion for the separation month all remain open manual-QA scenarios per the CR-53 read-side gap","Implemented (untested combination, matches CR-53 pattern)",AttendanceRequestsPage manager approvals,"GET /api/attendance/manager/regularizations, POST /api/attendance/manager/regularizations/{id}/approve",AttendanceWorkflowService,Attendance.Regularization.Approve,n/a,2,"ATT-INTEG-020, ATT-INTEG-022",0,,,
08-attendance,Holiday/WeeklyOff Interaction,F-ATT-287,"Holiday strictly wins over WeeklyOff when both apply to the same date (WorkingDayCalendarResolver.CalculateAsync checks Holiday first, only falls through to WeeklyOff if no Holiday matches) - this same resolver is SHARED between Attendance and Leave",Implemented,AttendanceFoundationPage roster grid,GET /api/attendance/employees/{employeeId}/roster/{date},WorkingDayCalendarResolver.CalculateAsync,Attendance.View,n/a,1,ATT-INTEG-023,0,,,
08-attendance,Holiday/WeeklyOff Interaction,F-ATT-288,"ResolveAsync only consults the Holiday/WeeklyOff calendar in the FALLBACK branch (no matching Applicability rule AND no active default Shift) - if a Shift/Pattern applicability rule matches, the resolved day type is returned directly, NEVER cross-checked against the tenant Holiday table; a declared Holiday has zero automatic effect on an employee with an explicit/pattern-based Shift assignment for that date unless an admin re-runs AssignRosterAsync to apply a calendar override",Implemented (gap - CR-121),AttendanceFoundationPage roster grid,GET /api/attendance/employees/{employeeId}/roster/{date},AttendanceFoundationService.ResolveAsync,Attendance.View,n/a,2,"ATT-INTEG-024, ATT-INTEG-025",0,,,
08-attendance,Holiday/WeeklyOff Interaction,F-ATT-289,"An approved On Duty request unconditionally overwrites a Holiday/WeeklyOff day's Status to OnDuty (the on-duty branch runs after the Holiday/WeeklyOff branch with no exclusion) - RosterDayType still correctly records Holiday/WeeklyOff, but the user-facing Status field reports OnDuty instead, a Status/RosterDayType divergence",Implemented (gap - CR-122),MyAttendancePage,GET /api/attendance/me/days/{date},AttendanceDayProcessor.ProcessAsync,Attendance.View,n/a,1,ATT-INTEG-026,0,,,
08-attendance,Holiday/WeeklyOff Interaction,F-ATT-290,"On a Holiday/WeeklyOff day, Status stays Holiday/WeeklyOff regardless of an approved Leave on the same date (Leave never overrides a non-working calendar day's Status), but LeaveConflict is still computed unconditionally and can be true on a Holiday/WeeklyOff day with punches alongside an approved leave",Implemented,MyAttendancePage,GET /api/attendance/me/days/{date},AttendanceDayProcessor.ProcessAsync,Attendance.View,n/a,1,ATT-INTEG-027,0,,,
08-attendance,Separation Integration,F-ATT-291,"A manager can approve or reject a pending Regularization/On-Duty request from an employee who has since separated - the transition methods never re-check the target employee's current Status, only the creation-time submission path does",Implemented (gap - CR-123),AttendanceRequestsPage manager approvals,POST /api/attendance/manager/regularizations/{id}/approve,AttendanceWorkflowService.TransitionRegularization,Attendance.Regularization.Approve,n/a,1,ATT-INTEG-021,0,,,
08-attendance,Cross-Module Notes,F-ATT-292,"EmployeeSupervisor (L1-L5/Time/ERO/CHRO fields) is never used by Attendance's primary authorization path at all - Attendance's manager/reporting-line logic is built entirely on EmployeeEmploymentHistory.ManagerId; the only indirect touchpoint is via the shared EmployeeManagerResolver's LegacyConflict detection, reached only from Attendance's legacy/no-DI fallback",Implemented (architecture note),n/a,n/a,AttendanceAuthorizationService vs EmployeeManagerResolver,n/a,"EmployeeEmploymentHistory.ManagerId (authoritative), EmployeeSupervisors (unused by Attendance's primary path)",1,ATT-INTEG-028,0,,,
08-attendance,Frontend - My Attendance,F-ATT-293,"My Attendance page: month calendar with KPI tiles, day-detail dialog; a 403 renders a dedicated permission-unavailable banner distinct from generic errors; month navigation has no upper bound (no future-month warning)",Implemented,MyAttendancePage,"GET /api/attendance/me/calendar, /me/days/{date}",n/a,Attendance.View,n/a,2,"ATT-FE-001, ATT-FE-002",0,,,
08-attendance,Frontend - Manager Attendance,F-ATT-294,"Manager/Team Attendance page: From/To/Status/Variance filters, server-side pagination; NO client-side validation that fromDate<=ToDate; default range is today-only, easy to miss data without knowing to widen it",Implemented (usability gap),ManagerAttendancePage,"GET /api/attendance/manager/team, /manager/team/{employeeId}/{date}",n/a,Attendance.View,n/a,1,ATT-FE-003,0,,,
08-attendance,Frontend - Requests,F-ATT-295,"Attendance Requests page (Regularization + On Duty): manager approval card is CORRECTLY permission-gated (a positive counter-example to the anti-pattern); the Regularization form only ever submits requestType='MissingOutPunch' with a Corrected-Out field - there is no UI path to regularize a missing IN punch or set proposedInAtUtc, despite the API supporting it",Implemented (functional gap - CR-127),AttendanceRequestsPage,POST /api/attendance/me/regularizations,n/a,Attendance.Regularization.Request,n/a,2,"ATT-FE-004, ATT-FE-005",0,,,
08-attendance,Frontend - Requests,F-ATT-296,Reject actions on the Requests page send a HARD-CODED 'Rejected by manager' comment string with no UI to type an actual reason; Cancel/Approve/Reject all use native window.confirm dialogs rather than in-page confirmation UI,Implemented (UX gap - CR-127),AttendanceRequestsPage manager approvals,"POST /api/attendance/manager/regularizations/{id}/reject, /manager/on-duty/{id}/reject",n/a,Attendance.Regularization.Approve / OnDuty.Approve,n/a,1,ATT-FE-006,0,,,
08-attendance,Frontend - Overtime,F-ATT-297,Overtime page is an orphan route (/attendance/overtime) with ZERO nav entries and zero page-to-page links - only reachable by typing the URL directly,Implemented (gap - CR-126),OvertimePage (no nav item),n/a,n/a,n/a,n/a,1,ATT-FE-007,0,,,
08-attendance,Frontend - Overtime,F-ATT-298,"The Overtime page's 'Team Overtime' card Approve/Reject buttons render, correctly permission-gated, but have NO onClick handler at all and are wired to unrelated leftover state - no team-OT list is ever fetched on this screen; approveOvertimeRequest/rejectOvertimeRequest exist in the API client but are never called by any page - fully dead client code from the UI's perspective",Implemented (dead UI - CR-105 cross-reference),OvertimePage Team Overtime card,n/a (no API call is ever made by these buttons),n/a,Attendance.Overtime.Approve,n/a,1,ATT-FE-008,0,,,
08-attendance,Frontend - Overtime,F-ATT-299,"Overtime create form uses a free-text Employee ID field, not an employee picker - typo-prone, no client-side existence check before submit",Implemented (usability gap),OvertimePage create form,POST /api/attendance/overtime/requests,n/a,Attendance.Overtime.Request,n/a,1,ATT-FE-009,0,,,
08-attendance,Frontend - Comp-Off,F-ATT-300,"Comp-Off (self) page's Ledger history table has NO permission gate at all (always renders if the page is reached, unlike the redundantly-gated Earnings table); the page shows a '0 minutes' flash during load rather than an explicit loading indicator; the route itself does not wrap with RequireEmployeeIdentity even though its nav entry marks requiresEmployeeIdentity",Implemented (minor gaps),CompOffPage,"GET /api/attendance/comp-off/balance, /earnings, /ledger",n/a,Attendance.CompOff.ViewSelf,n/a,2,"ATT-FE-010, ATT-FE-011",0,,,
08-attendance,Frontend - Comp-Off Operations,F-ATT-301,"Comp-Off Operations page is an orphan route (/attendance/comp-off/operations) with ZERO nav entries and zero page-to-page links, matching the Overtime page's pattern; Approve/Reject buttons ARE correctly permission-gated and DO call the real approve/reject endpoints (a positive counter-example to Overtime's dead buttons), but have NO confirmation dialog at all, inconsistent with the rest of the module","Implemented (mixed: gap CR-126, positive wiring)",CompOffOperationsPage (no nav item),"POST /api/attendance/comp-off/earnings/{id}/approve, /reject",n/a,Attendance.CompOff.Approve,n/a,2,"ATT-FE-012, ATT-FE-013",0,,,
08-attendance,Frontend - Foundation,F-ATT-302,"Attendance Foundation page (Shifts/Applicability/Roster) renders the IDENTICAL full page across all 5 distinct routes/nav items (/attendance, /shifts, /applicability, /roster, /roster-upload) - clicking a different nav item changes only the URL, not what's rendered or scrolled to; the Shift form has NO required-field enforcement on Create/Update (button never disabled for blank Code/Name), unlike the Applicability/Roster forms which do block on incompleteness",Implemented (design/gap notes),AttendanceFoundationPage,GET/POST/PUT /api/attendance/shifts,n/a,Attendance.View / ShiftManage,n/a,2,"ATT-FE-014, ATT-FE-015",0,,,
08-attendance,Frontend - Foundation,F-ATT-303,"CONFIRMED anti-pattern instance: the Applicability Rules table's Edit and Delete buttons render UNCONDITIONALLY with NO canManage/permission check at all - any user with plain Attendance.View sees live Edit/Delete controls and can trigger a real updateApplicability/deleteApplicability API call, which only fails at the API layer for an unauthorized user; no existing test renders this page with a non-manager user and asserts these buttons are hidden",Implemented (gap - CR-125),AttendanceFoundationPage Applicability Rules table,PUT/DELETE /api/attendance/shift-applicability/{id},n/a,"Attendance.PatternManage (backend-enforced, not client-gated)",n/a,1,ATT-FE-016,0,,,
08-attendance,Frontend - Foundation,F-ATT-304,"The 'Save Applicability Rule' button on the Foundation page is gated client-side by canManage (Attendance.ShiftManage), but the backend actually enforces Attendance.PatternManage for applicability CRUD - a user holding PatternManage but not ShiftManage would not see the button at all even though their API call would succeed; a frontend-only under-permissioning mismatch, not a security hole",Implemented (gap - CR-93),AttendanceFoundationPage Applicability save button,"POST/PUT /api/attendance/applicability, /shift-applicability/{id}",n/a,"frontend checks ShiftManage, backend enforces PatternManage",n/a,1,ATT-FE-017,0,,,
08-attendance,Frontend - Shift Patterns,F-ATT-305,"Shift Patterns page's 'Create Pattern' button has NO permission gate at all and NO disabled condition on blank code/name - any user reaching the route (plain Attendance.View) sees an always-enabled Create button, even though Permissions.attendance.patternManage exists as a constant and is never referenced anywhere in this page's source",Implemented (gap - CR-93),ShiftPatternsPage,POST /api/attendance/patterns,n/a,frontend: none; backend: Attendance.PatternManage,n/a,1,ATT-FE-018,0,,,
08-attendance,Frontend - Shift Patterns,F-ATT-306,Shift Patterns page has no loading indicator and no empty-state message for zero configured patterns; a 366-day cycle renders 366 unvirtualized table rows,Implemented (usability gap),ShiftPatternsPage,GET /api/attendance/patterns,n/a,Attendance.View,n/a,1,ATT-FE-019,0,,,
08-attendance,Frontend - Coverage Gaps,F-ATT-307,"My Attendance Exceptions page has the cleanest three-state (loading Spinner / EmptyState / error Notice) handling in the module, but its ONLY Vitest test is a single render-smoke test - no test of the empty state, error state, or pagination despite all three being implemented in source",Implemented (test-coverage gap),MyAttendanceExceptionsPage,GET /api/attendance/me/exceptions,n/a,Attendance.View,n/a,1,ATT-FE-020,0,,,
08-attendance,Frontend - Coverage Gaps,F-ATT-308,"My Monthly Attendance page shows a SILENT BLANK TABLE during the initial fetch (no visible loading affordance at all, since query.data is undefined rather than an empty array during load); pagination is fixed at 50 rows with NO page-changing UI, so an employee with more than 50 monthly summaries (over 4 years of history) cannot reach later rows from this screen at all",Implemented (gap),MyMonthlyAttendancePage,GET /api/attendance/my/monthly-summary,n/a,Attendance.Monthly.ViewSelf,n/a,2,"ATT-FE-021, ATT-FE-022",0,,,
08-attendance,Frontend - Monthly Finalization,F-ATT-309,"Monthly Finalization page: Process/Finalize/Reopen buttons are individually permission-gated AND state-aware (hidden/shown based on the period's current status) - a positive counter-example; Finalize is correctly disabled unless the server-computed preview.canClose is true, and Reopen requires a non-blank reason client-side too",Implemented (positive pattern),AttendanceMonthlyFinalizationPage,"POST /api/attendance/periods/{id}/process, /close, /reopen",n/a,Attendance.Monthly.Process / Close / Reopen,n/a,1,ATT-FE-023,0,,,
08-attendance,Frontend - Monthly Finalization,F-ATT-310,"CONFIRMED functional defect: the Attendance periods table's Pagination control has onPageChange={() => undefined} - a genuine no-op. For a tenant with 50+ months of period history, clicking Previous/Next on THIS specific control does nothing at all, unlike the correctly-wired 'Finalization preview' summaries table below it (onPageChange={setPage})",Implemented (defect - CR-128),AttendanceMonthlyFinalizationPage periods table,GET /api/attendance/periods,n/a,Attendance.Monthly.ViewAll,n/a,1,ATT-FE-024,0,,,
08-attendance,Frontend - Operations,F-ATT-311,"Attendance Operations page: bulk-correction textarea is a free-text, pipe-delimited manual-entry UI with a hard 100-line client-side cap and a generic format-error message, but no per-line inline validation/highlighting, no employee picker, no date picker - error-prone manual entry",Implemented (usability gap),AttendanceOperationsPage bulk corrections,POST /api/attendance/operations/bulk-corrections,n/a,Attendance.AdminCorrection.Manage,n/a,1,ATT-FE-025,0,,,
08-attendance,Frontend - Operations,F-ATT-312,"Bulk approve/reject and single-row Acknowledge/Waive all route through window.prompt(...) native dialogs for the reason/comment, rather than an in-page field - not scriptable via normal form-field QA tooling",Implemented (UX/testability gap),AttendanceOperationsPage,"POST /api/attendance/operations/bulk, /exceptions/resolve",n/a,Attendance.Regularization.Approve / Attendance.Exception.View,n/a,1,ATT-FE-026,0,,,
08-attendance,Frontend - Operations,F-ATT-313,"Acknowledge/Waive buttons have NO dedicated frontend permission gate - any user reaching the page at all (holding only Attendance.Exception.View) can click them; there is no separate Permissions.attendance.exceptionResolve-style constant, matching the backend's own design (F-ATT-192) where View alone gates the write too - confirm this is intentional 'view implies resolve', not an oversight","Implemented (design question, matches backend)",AttendanceOperationsPage exception workbench,POST /api/attendance/operations/exceptions/resolve,n/a,Attendance.Exception.View (same as read),n/a,1,ATT-FE-027,0,,,
08-attendance,Frontend - Operations,F-ATT-314,"The maker-checker self-approval guard on the Operations page OMITS the selection checkbox entirely (not merely disables it) for a request whose Submitted-event actor is the current user - a good, well-tested client-side defense-in-depth pattern",Implemented (positive pattern),AttendanceOperationsPage maker-checker queue,n/a,n/a,Attendance.Regularization.Approve,n/a,1,ATT-FE-028,0,,,
08-attendance,Frontend - Operations,F-ATT-315,"Internal navigation on the Operations page uses plain <a href> tags (full browser page reload) instead of React Router <Link> for several links, inconsistent with AttendanceReportsPage's use of <Link> for the same kind of internal navigation - given the access token is in-memory only, a full reload forces re-bootstrapping auth state on every such click",Implemented (inconsistency),AttendanceOperationsPage,n/a,n/a,n/a,n/a,1,ATT-FE-029,0,,,
08-attendance,Frontend - Reports,F-ATT-316,"Attendance Reports landing/daily/monthly/exceptions routes correctly use real React Router <Link> for internal navigation, and the Exceptions route is the ONLY doubly-permission-gated route in the module (both reportView AND exceptionView required, nested RequirePermission)",Implemented (positive pattern),AttendanceReportsPage / AttendanceReportsLandingPage,GET /api/attendance/reports/*,n/a,Attendance.Report.View (+ Exception.View for exceptions),n/a,1,ATT-FE-030,0,,,
08-attendance,Frontend - Reports,F-ATT-317,"Year/Month report filter fields use inputMode='numeric' with min/max attributes on a plain (non-numeric) <input> - these min/max attributes have NO effect on this input type, so they are cosmetic only; any text can be typed and is converted via Number(), which could produce NaN sent as a query param",Implemented (client-validation gap),AttendanceReportsPage monthly filter,GET /api/attendance/reports/monthly,n/a,Attendance.Report.View,n/a,1,ATT-FE-031,0,,,
08-attendance,Frontend - Devices,F-ATT-318,"Device Integration page is the BEST-implemented page in the module: every mutating action individually and correctly permission-gated (Add/Edit/Activate/Deactivate on deviceManage, Sync Now on deviceSync AND Active+Pull device state, Mappings on deviceMapping, History on deviceViewHistory), consistent DataTable-driven loading/empty/error across all 5 tabs, and credential values deliberately never pre-filled or rendered anywhere, backed by dedicated negative tests for each gate",Implemented (best-practice reference pattern),AttendanceDevicesPage,all /api/attendance/devices/* routes,n/a,Attendance.Device.*,n/a,1,ATT-FE-032,0,,,
08-attendance,Frontend - Coverage Gaps,F-ATT-319,"Three page test files (ShiftPatternsPage, MyAttendanceExceptionsPage, MyMonthlyAttendancePage) contain EXACTLY ONE smoke-render test each, not exercising error states, empty states, or (for Shift Patterns) the create-submission flow at all - the thinnest coverage in the module relative to page functional surface",Implemented (test-coverage gap),ShiftPatternsPage / MyAttendanceExceptionsPage / MyMonthlyAttendancePage,n/a,n/a,n/a,n/a,1,ATT-FE-035,0,,,
08-attendance,Frontend - Coverage Gaps,F-ATT-320,"The API client modules attendance.ts/overtime.ts/compOff.ts/attendanceDevices.ts have ZERO dedicated unit tests of their own - every request-shape/param-mapping assertion comes indirectly through page-level tests; approveOvertimeRequest/rejectOvertimeRequest are exported but never imported by any page (dead from the UI's perspective, matching F-ATT-298)",Implemented (test-coverage gap),n/a,n/a,n/a,n/a,n/a,1,ATT-FE-035,0,,,
08-attendance,Frontend - Route Guards,F-ATT-321,"Every 'My ...' page except CompOffPage correctly wraps its route with RequireEmployeeIdentity (redirecting an unlinked account to /forbidden) - CompOffPage's route does NOT wrap with it even though its nav entry marks requiresEmployeeIdentity:true, an inconsistency between nav-level and route-level enforcement",Implemented (inconsistency),CompOffPage vs MyAttendancePage/MyMonthlyAttendancePage/MyAttendanceExceptionsPage/AttendanceRequestsPage,n/a,n/a,n/a,n/a,1,ATT-FE-033,0,,,
08-attendance,Frontend - State Persistence,F-ATT-322,"All Attendance page/tab/filter/pagination state is local component useState, never URL- or localStorage-backed - refreshing the browser or navigating away and back always resets to defaults across every page in the module","Implemented (consistent, module-wide behavior)",all Attendance pages,n/a,n/a,n/a,n/a,1,ATT-FE-034,0,,,
08-attendance,Concurrency/Provider - Monthly,F-ATT-323,"Monthly Processing/Period Lock/Admin Corrections/Payroll Snapshot use ONLY optimistic concurrency (plain int ConcurrencyVersion + DB unique indexes), with NO pessimistic row lock (no SELECT FOR UPDATE on MySQL, no UPDLOCK/HOLDLOCK on SQL Server) anywhere in this module's own code - a deliberate divergence from the repo's documented per-provider locking pattern used elsewhere; this design is provider-portable by construction, but the race-safety guarantees must still be independently verified on real MySQL and SQL Server, not assumed from SQLite",Implemented (architecture - CR-101),n/a,n/a,AttendanceMonthlyProcessor / AttendancePeriodLockService / AttendanceAdminCorrectionService,n/a,"AttendancePeriods.ConcurrencyVersion, AttendanceAdminCorrections (unique index), PayrollAttendanceSnapshots (2 unique indexes)",4,"ATT-CONC-001, ATT-CONC-002, ATT-CONC-003, ATT-CONC-011",0,,,
08-attendance,Concurrency/Provider - Workflow,F-ATT-324,"Regularization/On-Duty transitions use a conditional ExecuteUpdateAsync (WHERE Status=Pending AND ConcurrencyVersion=@expected) plus a real EF IsConcurrencyToken() as a second line of defense - both layers must be proven on real providers, not just SQLite's DbUpdateConcurrencyException emulation",Implemented,n/a,n/a,AttendanceWorkflowService.TransitionRegularization/TransitionOnDuty,n/a,"AttendanceRegularizationRequests.ConcurrencyVersion, AttendanceOnDutyRequests.ConcurrencyVersion",1,ATT-CONC-004,0,,,
08-attendance,Concurrency/Provider - Workflow,F-ATT-325,"A real MySQL replay of an already-approved On-Duty approval returns Conflict on the second call (idempotent-safe replay), independently proven against MySQL's binary(16)-style concurrency semantics, not merely SQLite's in-memory equivalent",Implemented,n/a,n/a,AttendanceWorkflowService.TransitionOnDuty,n/a,n/a,1,ATT-CONC-004,0,,,
08-attendance,Concurrency/Provider - Overtime,F-ATT-326,"Overtime approve/finalize/reopen races (Approve-vs-Approve, Finalize-vs-Finalize, Duplicate-current-snapshot) resolve to exactly one winner via the SAME optimistic-concurrency-plus-unique-index pattern as Monthly - provider-acceptance suites (MySQL and SQL Server) run the identical shared scenario code, not provider-specific lock syntax",Implemented,n/a,n/a,OvertimeService / OvertimeConcurrencyTests,n/a,PayrollOvertimeSnapshots (unique index),1,ATT-CONC-005,0,,,
08-attendance,Concurrency/Provider - Devices,F-ATT-327,"Device/lease/mapping code opens its own EF Serializable-isolation transaction per mutating operation and catches DbUpdateException/DbUpdateConcurrencyException for conflict resolution, uniformly across providers - no raw FOR UPDATE/UPDLOCK hint appears anywhere in this module either, mirroring the Monthly module's own architecture choice","Implemented (architecture note, cross-reference F-ATT-264)",n/a,n/a,AttendanceDeviceIntegrationService / AttendanceDeviceLeaseService / AttendanceDeviceOperationsService,n/a,n/a,2,"ATT-CONC-007, ATT-CONC-008",0,,,
08-attendance,Concurrency/Provider - Overtime,F-ATT-328,"The DoubleBenefitDenied (Comp-Off/Overtime exclusivity) guard is a pre-commit AnyAsync application check with NO backing DB unique constraint - the ONE genuinely race-susceptible boundary identified in this whole module, since every other race-sensitive path (Monthly, Workflow, Overtime finalize, Device lease/mapping) has a DB-level unique index as the ultimate backstop and this one does not",Implemented (genuine race risk - CR-110),n/a,n/a,OvertimeService.CreateRequestAsync / CompOffService,n/a,"OvertimeRequests, CompOffEarnings (no exclusivity constraint)",1,ATT-CONC-006,0,,,
08-attendance,Concurrency/Provider - Punch Ingestion,F-ATT-329,"Punch ingestion idempotency (duplicate ExternalPunchId, tenant-scoped uniqueness) is independently proven against real MySQL, not just SQLite - a duplicate-race and a same-external-id-different-tenant scenario both hold on a real provider",Implemented,n/a,n/a,AttendancePunchIngestionService.IngestAsync,n/a,AttendancePunches,2,"ATT-CONC-009, ATT-CONC-012",0,,,
08-attendance,Concurrency/Provider - Cross-Subsystem,F-ATT-330,"A cross-subsystem race between Leave approval (which reprocesses the Attendance day) and a concurrent Admin Correction on the same employee/date is NOT independently exercised by any existing provider-acceptance test found in this module's research - only same-subsystem races (Monthly-vs-Monthly, Correction-vs-Correction, Close-vs-Correction) have dedicated MySQL/SQL Server coverage; a Leave-approval-vs-Attendance-correction race is a genuine coverage gap worth a manual concurrency test on both real providers",Implemented (coverage gap),n/a,n/a,LeaveRequestApprovalService / AttendanceAdminCorrectionService,n/a,n/a,1,ATT-CONC-010,0,,,
08-attendance,Tenant Security,F-ATT-331,"Consolidated tenant-isolation matrix: every Attendance data category (attendance records/days, punches, regularization, on-duty, overtime, reports, devices, device events, admin corrections, monthly processing/periods, manager queues) is independently verified tenant-scoped across this module's 17 test areas - no single missed TenantId filter was found anywhere in the source read for this module",Implemented,n/a,all /api/attendance/* routes,n/a,n/a,n/a,1,ATT-SEC-001,0,,,
08-attendance,Tenant Security,F-ATT-332,"A cross-tenant Overtime request returns 401 at the host/tenant-resolution middleware layer (before controller authorization even runs), distinct from the 403/404 in-tenant patterns used by every other Attendance-family controller for out-of-scope access - a genuinely different failure-mode shape for the SAME underlying tenant-isolation guarantee",Implemented (contract note),n/a,any /api/attendance/overtime/* route,TenantShardResolutionMiddleware,n/a,n/a,1,ATT-SEC-002,0,,,
08-attendance,Tenant Security,F-ATT-333,"Out-of-scope access within the SAME tenant (a manager/employee lacking scope over a target) consistently returns NotFound rather than Forbidden across Roster assign/remove, Admin Corrections, Regularization/On-Duty read, and Manager-day reads - a deliberate anti-enumeration design choice applied uniformly, distinct from cross-permission denials (missing permission entirely), which DO return 403",Implemented (design pattern),n/a,multiple (see cases),n/a,n/a,n/a,1,ATT-SEC-003,0,,,
08-attendance,Authorization Matrix,F-ATT-334,"An unauthenticated caller (no token at all) is rejected with 401 on every single Attendance-family route, with no exceptions/AllowAnonymous anywhere in the module",Implemented,n/a,every /api/attendance/* route,n/a,n/a,n/a,1,ATT-SEC-004,0,,,
08-attendance,Authorization Matrix,F-ATT-335,"IT, Accounts, AccountLinkAdministrator, and AccountLinkAuditor roles hold ZERO Attendance/Overtime/CompOff/Device permissions of any kind in the seeded matrix, despite IT plausibly sounding relevant to device administration",Implemented (seeded matrix note),n/a,n/a,SeedData.RolePermissionMap,n/a,n/a,1,ATT-SEC-005,0,,,
08-attendance,Authorization Matrix,F-ATT-336,A direct API call bypassing the frontend entirely is subject to the exact same server-side authorization as a UI-driven call - no endpoint trusts a client-supplied role/permission claim beyond the validated JWT's own resolved permissions,Implemented,n/a (API-only verification),any mutating /api/attendance/* route,n/a,n/a,n/a,1,ATT-SEC-006,0,,,
08-attendance,Tenant Security,F-ATT-337,"A forged/cross-tenant JWT (valid signature, wrong tenant claim, or a tenant claim not matching the resolved host) is rejected before any Attendance business logic runs",Implemented,n/a,any /api/attendance/* route,TenantShardResolutionMiddleware,n/a,n/a,1,ATT-SEC-007,0,,,
08-attendance,Tenant Security,F-ATT-338,"Consolidated cross-subsystem tenant-isolation sweep: in a single pass, confirm zero Tenant A data leaks into Tenant B across attendance days/punches, regularization, on-duty, overtime, reports, devices/device-events, admin corrections, monthly processing/periods, and manager queues simultaneously",Implemented,n/a,multiple /api/attendance/* routes in one sweep,n/a,n/a,n/a,1,ATT-SEC-008,0,,,
