Module,Group,Functionality ID,Functionality,Implementation Status,UI,API,Service,Permission,DB Impact,Manual Case Count,Manual Test Cases,Existing Test Count,Existing Tests,Automation Tests (Playwright),Defects
07-leave,Leave Type,F-LEAVE-001,"List Leave Types, paged, filterable by search/isActive, ordered by Code",Implemented,LeaveTypesPage list,GET /api/leave-types,LeaveConfigurationService.GetLeaveTypesAsync,Leave.PolicyView,LeaveTypes,1,LEAVE-TYPE-001,0,,,
07-leave,Leave Type,F-LEAVE-002,Get a single Leave Type by id,Implemented,LeaveTypesPage edit drawer,GET /api/leave-types/{id},LeaveConfigurationService.GetLeaveTypeAsync,Leave.PolicyView,LeaveTypes,1,LEAVE-TYPE-002,0,,,
07-leave,Leave Type,F-LEAVE-003,"Create a Leave Type (Code, Name, Description, DefaultUnit, IsPaid, IsCompOff, IsActive); Code is case-insensitively unique per tenant",Implemented,LeaveTypesPage create dialog,POST /api/leave-types,LeaveConfigurationService.CreateLeaveTypeAsync,Leave.TypeManage,LeaveTypes,1,LEAVE-TYPE-003,0,,,
07-leave,Leave Type,F-LEAVE-004,"Duplicate Leave Type code (case-insensitive) is rejected as Conflict, both at pre-check and at the DB unique-constraint fallback",Implemented,LeaveTypesPage create dialog error banner,POST /api/leave-types,LeaveConfigurationService.CreateLeaveTypeAsync,Leave.TypeManage,LeaveTypes,1,LEAVE-TYPE-004,0,,,
07-leave,Leave Type,F-LEAVE-005,"Update a Leave Type's fields, gated by an optimistic ConcurrencyToken (stale token => Conflict)",Implemented,LeaveTypesPage edit dialog,PUT /api/leave-types/{id},LeaveConfigurationService.UpdateLeaveTypeAsync,Leave.TypeManage,LeaveTypes,1,LEAVE-TYPE-005,0,,,
07-leave,Leave Type,F-LEAVE-006,"A LeaveType's Code becomes IMMUTABLE once any LeavePolicyRule referencing it belongs to a Published policy version - an attempted rename is rejected 400, independent of the new code's own uniqueness",Implemented,LeaveTypesPage edit dialog error,PUT /api/leave-types/{id},LeaveConfigurationService.UpdateLeaveTypeAsync,Leave.TypeManage,"LeaveTypes, LeavePolicyRules, LeavePolicyVersions",1,LEAVE-TYPE-006,0,,,
07-leave,Leave Type,F-LEAVE-007,"Deactivating a Leave Type (IsActive=false) does not retroactively affect existing LeaveRequests, balances, or Published policy rules referencing it - it only removes it from future request-option/availability lists",Implemented,LeaveTypesPage IsActive toggle,PUT /api/leave-types/{id},LeaveConfigurationService.UpdateLeaveTypeAsync; LeaveRequestOptionsController (IsActive=true filter),Leave.TypeManage,LeaveTypes,1,LEAVE-TYPE-007,0,,,
07-leave,Leave Type,F-LEAVE-008,An inactive Leave Type is rejected (400) if referenced by a NEW leave request even if a Published policy rule still names it,Implemented,n/a (server-side only; the request-options list already excludes it),POST /api/leave-requests/preview,LeaveRequestValidationService.ValidateAsync (leaveType.IsActive check),Leave.RequestCreate,LeaveTypes,1,LEAVE-TYPE-007,0,,,
07-leave,Leave Type,F-LEAVE-009,"Only LeaveUnit=Day is supported by the request runtime - an Hour-unit LeaveType (a legal, creatable configuration) is rejected as Unsupported at preview/submit, not at Leave Type create/update time",Needs clarification,LeaveTypesPage DefaultUnit dropdown offers Day and Hour with no runtime-support warning,POST /api/leave-requests/preview,LeaveRequestValidationService.ValidateAsync (leaveType.DefaultUnit != LeaveUnit.Day => Unsupported),Leave.RequestCreate,LeaveTypes,1,LEAVE-TYPE-008,0,,,
07-leave,Leave Type,F-LEAVE-010,IsCompOff flags a LeaveType as the Comp-Off consumption type - submission/approval/cancellation route its balance accounting through CompOffService instead of LeaveBalanceAccountingService,Implemented,LeaveTypesPage IsCompOff checkbox,POST /api/leave-requests (IsCompOff leave type),LeaveRequestSubmissionService.SubmitAttemptAsync (isCompOff branch),Leave.RequestCreate,"LeaveTypes, CompOffLeaveAllocations, CompOffLedgerEntries",1,LEAVE-TYPE-009,0,,,
07-leave,Leave Type,F-LEAVE-011,Leave Type list/detail/create/update all require an authenticated tenant; unauthenticated calls are rejected,Implemented,n/a,GET/POST/PUT /api/leave-types*,LeaveConfigurationService (HasTenant/_tenant.TenantId checks),Leave.PolicyView / Leave.TypeManage,n/a,1,LEAVE-TYPE-010,0,,,
07-leave,Leave Type,F-LEAVE-012,Leave Type reads are implicitly tenant-scoped via the tenant's own shard database (no cross-tenant Code collision is possible; two tenants may both use code 'CL'),Implemented,n/a,GET /api/leave-types,LeaveConfigurationService.GetLeaveTypesAsync,Leave.PolicyView,LeaveTypes,1,LEAVE-TYPE-011,0,,,
07-leave,Leave Policy,F-LEAVE-013,"List Leave Policies, paged/searchable, each row reporting versionCount, currentVersionNumber, and overlapCount (informational only)",Implemented,LeavePoliciesPage list,GET /api/leave-policies,LeaveConfigurationService.GetPoliciesAsync,Leave.PolicyView,"LeavePolicies, LeavePolicyVersions, LeavePolicyRules",1,LEAVE-POLICY-001,0,,,
07-leave,Leave Policy,F-LEAVE-014,"overlapCount counts OTHER policies with a Published version sharing a LeaveType and an overlapping effective-date range - it is a passive badge, never a blocking check at Publish time",Needs clarification,LeavePoliciesPage 'Overlaps' column,GET /api/leave-policies,LeaveConfigurationService.GetPoliciesAsync (overlapPolicyIds computation),Leave.PolicyView,"LeavePolicyVersions, LeavePolicyRules",1,LEAVE-POLICY-002,0,,,
07-leave,Leave Policy,F-LEAVE-015,"Create a Leave Policy (Code, Name, Description, IsActive); Code is case-insensitively unique per tenant",Implemented,LeavePoliciesPage create dialog,POST /api/leave-policies,LeaveConfigurationService.CreatePolicyAsync,Leave.PolicyManage,LeavePolicies,1,LEAVE-POLICY-003,0,,,
07-leave,Leave Policy,F-LEAVE-016,"Update a Leave Policy's Code/Name/Description/IsActive, gated by ConcurrencyToken",Implemented,LeavePoliciesPage edit dialog,PUT /api/leave-policies/{policyId},LeaveConfigurationService.UpdatePolicyAsync,Leave.PolicyManage,LeavePolicies,1,LEAVE-POLICY-003,0,,,
07-leave,Leave Policy,F-LEAVE-017,A LeavePolicy's Code becomes IMMUTABLE once ANY of its versions has ever been Published (even a later Retired version still counts),Implemented,LeavePoliciesPage edit dialog error,PUT /api/leave-policies/{policyId},LeaveConfigurationService.UpdatePolicyAsync,Leave.PolicyManage,"LeavePolicies, LeavePolicyVersions",1,LEAVE-POLICY-004,0,,,
07-leave,Leave Policy,F-LEAVE-018,"Deactivating a LeavePolicy (IsActive=false) removes it from LeavePolicyResolver's candidate set for all future resolutions, even if a version remains Published",Implemented,LeavePoliciesPage IsActive toggle,PUT /api/leave-policies/{policyId},LeavePolicyResolver.ResolveAsync (x.LeavePolicy.IsActive filter),Leave.PolicyManage,LeavePolicies,1,LEAVE-POLICY-005,0,,,
07-leave,Leave Policy,F-LEAVE-019,"Create a Draft version of a policy with EffectiveFrom (required), EffectiveTo (optional/open-ended), and Priority; VersionNumber auto-increments per policy",Implemented,LeavePolicyEditorPage 'New version',POST /api/leave-policies/{policyId}/versions,LeavePolicyFoundationService.CreateDraftVersionAsync,Leave.PolicyManage,LeavePolicyVersions,1,LEAVE-POLICY-006,0,,,
07-leave,Leave Policy,F-LEAVE-020,A draft version can optionally be created by copying rules/applicability from an existing version (copyFromVersionId),Implemented,LeavePolicyEditorPage 'New version' copy-from picker,POST /api/leave-policies/{policyId}/versions,LeavePolicyFoundationService / LeaveConfigurationService.CreateVersionAsync,Leave.PolicyManage,"LeavePolicyVersions, LeavePolicyRules, LeavePolicyApplicabilitySets",1,LEAVE-POLICY-007,0,,,
07-leave,Leave Policy,F-LEAVE-021,EffectiveTo before EffectiveFrom is rejected 400 on both draft creation and update,Implemented,LeavePolicyEditorPage version dialog,POST/PUT /api/leave-policies/{policyId}/versions[/{versionId}],LeavePolicyFoundationService.CreateDraftVersionAsync; LeavePolicyVersionRequestValidator,Leave.PolicyManage,LeavePolicyVersions,1,LEAVE-POLICY-006,0,,,
07-leave,Leave Policy,F-LEAVE-022,A Draft version's EffectiveFrom/EffectiveTo/Priority can be edited freely (Draft is mutable); a Published or Retired version's dates/priority cannot,Implemented,LeavePolicyEditorPage version dialog (fields disabled once not Draft),PUT /api/leave-policies/{policyId}/versions/{versionId},LeaveConfigurationService.UpdateVersionAsync,Leave.PolicyManage,LeavePolicyVersions,1,LEAVE-POLICY-008,0,,,
07-leave,Leave Policy,F-LEAVE-023,"allowedActions (canEdit/canValidate/canPublish/canRetire/canCreateVersion) on the version DTO are computed server-side from its Status, so the UI cannot show an action the API would reject",Implemented,LeavePolicyEditorPage version action buttons,GET /api/leave-policies/{policyId}/versions[/{versionId}],LeaveConfigurationService (ToDto allowedActions projection),Leave.PolicyView,n/a,1,LEAVE-POLICY-008,0,,,
07-leave,Leave Policy,F-LEAVE-024,BeginEdit (POST .../edit) is the entry point the UI uses to get an editable snapshot - it does not itself mutate a Published version; edits to a Published version's rules are only possible by creating a new Draft version,Implemented,LeavePolicyEditorPage load,POST /api/leave-policies/{policyId}/edit,LeaveConfigurationService.BeginEditAsync,Leave.PolicyManage,n/a,1,LEAVE-POLICY-009,0,,,
07-leave,Leave Policy,F-LEAVE-025,Assign the set of Leave Types a policy version's rules apply to (SetVersionLeaveTypes); duplicate ids in one request are rejected 400,Implemented,LeavePolicyEditorPage LeaveTypes tab,PUT /api/leave-policies/{policyId}/versions/{versionId}/leave-types,LeaveConfigurationService.SetVersionLeaveTypesAsync; LeaveTypeSelectionRequestValidator,Leave.PolicyManage,LeavePolicyRules,1,LEAVE-POLICY-010,0,,,
07-leave,Leave Policy,F-LEAVE-026,A LeaveType may appear at most once as an ACTIVE rule within one policy version - Publish is blocked if this invariant is violated,Implemented,"n/a (server-enforced at Publish, not at LeaveTypes-tab save time)",POST /api/leave-policies/{policyId}/versions/{versionId}/publish,LeavePolicyFoundationService.ValidateForPublishAsync,Leave.PolicyPublish,LeavePolicyRules,1,LEAVE-POLICY-011,0,,,
07-leave,Leave Policy,F-LEAVE-027,Applicability groups (Gender + 15 org/master dimensions) scope a version to a subset of the tenant - zero groups means the version is tenant-wide for every LeaveType it covers,Implemented,LeavePolicyEditorPage Applicability tab,GET/PUT /api/leave-policies/{policyId}/versions/{versionId}/applicability,LeaveConfigurationService.GetApplicabilityAsync/SetApplicabilityAsync,Leave.PolicyView / Leave.PolicyManage,LeavePolicyApplicabilitySets,1,LEAVE-POLICY-012,0,,,
07-leave,Leave Policy,F-LEAVE-028,"Every applicability master-reference (Department, Grade, WorkLocation, etc.) must belong to the tenant, checked in bulk at Publish time - an id from another tenant or a nonexistent id blocks publication",Implemented,n/a (surfaces as a Publish validation error),POST /api/leave-policies/{policyId}/versions/{versionId}/publish,LeavePolicyFoundationService.MissingMasterErrorsAsync,Leave.PolicyPublish,"LeavePolicyApplicabilitySets, Departments/Grades/WorkLocations/etc.",1,LEAVE-POLICY-013,0,,,
07-leave,Leave Policy,F-LEAVE-029,"Configure per-LeaveType Eligibility rule (EligibilityMode Immediate/MinimumService, MinimumServiceValue+Unit, ProbationMode, NoticePeriodMode)",Implemented,LeavePolicyEligibilitySection,GET/PUT .../leave-types/{leaveTypeId}/eligibility,LeaveConfigurationService.GetEligibilityAsync/SaveEligibilityAsync,Leave.PolicyView / Leave.PolicyManage,LeavePolicyEligibilityRules,1,LEAVE-POLICY-014,0,,,
07-leave,Leave Policy,F-LEAVE-030,"Configure per-LeaveType Entitlement rule (EntitlementMode Allocated/Unlimited/NoBalanceRequired, EntitlementSource, quantity, AccrualFrequency/Timing, proration, MaximumAccumulation, CarryForward fields)",Implemented,LeavePolicyEntitlementSection,GET/PUT .../leave-types/{leaveTypeId}/entitlement,LeaveConfigurationService.GetEntitlementAsync/SaveEntitlementAsync,Leave.PolicyView / Leave.PolicyManage,LeavePolicyEntitlementRules,1,LEAVE-POLICY-015,0,,,
07-leave,Leave Policy,F-LEAVE-031,"Configure per-LeaveType Request rule (min/max quantity, max consecutive, minimum advance notice, backdating mode+limit, per-period request/quantity caps, PartialDayMode)",Implemented,LeavePolicyRequestRulesSection,GET/PUT .../leave-types/{leaveTypeId}/request-rules,LeaveConfigurationService.GetRequestRuleAsync/SaveRequestRuleAsync,Leave.PolicyView / Leave.PolicyManage,LeavePolicyRequestRules,1,LEAVE-POLICY-016,0,,,
07-leave,Leave Policy,F-LEAVE-032,"Configure per-LeaveType Calendar rule (HolidayTreatment, WeekOffTreatment, SandwichMode + prefix/suffix/between flags) - the UI allows every SandwichMode value even though only Disabled is runtime-supported (CR-81)",Implemented,LeavePolicyCalendarSection,GET/PUT .../leave-types/{leaveTypeId}/calendar,LeaveConfigurationService.GetCalendarRuleAsync/SaveCalendarRuleAsync,Leave.PolicyView / Leave.PolicyManage,LeavePolicyCalendarRules,1,LEAVE-POLICY-017,0,,,
07-leave,Leave Policy,F-LEAVE-033,Configure per-LeaveType Attachment rule (None/Optional/Required/RequiredAboveQuantity + threshold + document label) - the UI allows every value even though only None is runtime-supported (CR-81),Implemented,LeavePolicyAttachmentSection,GET/PUT .../leave-types/{leaveTypeId}/attachments,LeaveConfigurationService.GetAttachmentRuleAsync/SaveAttachmentRuleAsync,Leave.PolicyView / Leave.PolicyManage,LeavePolicyAttachmentRules,1,LEAVE-POLICY-018,0,,,
07-leave,Leave Policy,F-LEAVE-034,Configure Clubbing rules (NotAllowed relation between two LeaveTypes within a version) - the UI allows saving them even though ANY clubbing rule referencing a rule makes it entirely unusable for requests (CR-81),Implemented,LeavePolicyClubbingSection,GET/PUT .../versions/{versionId}/clubbing,LeaveConfigurationService.GetClubbingAsync/SaveClubbingAsync,Leave.PolicyView / Leave.PolicyManage,LeavePolicyClubbingRules,1,LEAVE-POLICY-019,0,,,
07-leave,Leave Policy,F-LEAVE-035,"Configure per-LeaveType Cancellation rule (WithdrawAllowed, CancelAllowed, ModifyAllowed)",Implemented,LeavePolicyCancellationSection,GET/PUT .../leave-types/{leaveTypeId}/cancellation,LeaveConfigurationService.GetCancellationRuleAsync/SaveCancellationRuleAsync,Leave.PolicyView / Leave.PolicyManage,LeavePolicyCancellationRules,1,LEAVE-POLICY-020,0,,,
07-leave,Leave Policy,F-LEAVE-036,Validate a Draft version on demand (isValid/errors/warnings) without publishing it,Implemented,LeavePolicyEditorPage 'Validate',POST /api/leave-policies/{policyId}/versions/{versionId}/validate,LeaveConfigurationService.ValidateAsync,Leave.PolicyManage,n/a,1,LEAVE-POLICY-021,0,,,
07-leave,Leave Policy,F-LEAVE-037,"Publish a Draft version - requires at least one active rule, no duplicate LeaveType rules, all applicability masters resolvable, and (if acknowledgeOverlap is not set) no OTHER Published version of the SAME policy overlapping in date range",Implemented,LeavePolicyEditorPage 'Publish',POST /api/leave-policies/{policyId}/versions/{versionId}/publish,LeavePolicyFoundationService.PublishAsync/ValidateForPublishAsync,Leave.PolicyPublish,LeavePolicyVersions,2,"LEAVE-POLICY-022, LEAVE-POLICY-023",0,,,
07-leave,Leave Policy,F-LEAVE-038,"acknowledgeOverlap=true on Publish is the ONLY override available - it bypasses the same-policy overlapping-Published-version block; there is no equivalent override or warning for a CROSS-policy overlap (see F-LEAVE-014, CR-87)",Needs clarification,LeavePolicyEditorPage overlap-acknowledgement checkbox,POST /api/leave-policies/{policyId}/versions/{versionId}/publish,LeavePolicyFoundationService.PublishAsync,Leave.PolicyPublish,LeavePolicyVersions,1,LEAVE-POLICY-024,0,,,
07-leave,Leave Policy,F-LEAVE-039,"Only a Draft version can be Published; Retire moves a Published version to Retired (both are one-way, no un-publish/un-retire)",Implemented,LeavePolicyEditorPage 'Retire',POST /api/leave-policies/{policyId}/versions/{versionId}/retire,LeavePolicyFoundationService/LeaveConfigurationService.RetireAsync,Leave.PolicyPublish,LeavePolicyVersions,1,LEAVE-POLICY-025,0,,,
07-leave,Leave Policy,F-LEAVE-040,"Leave Policy administration (Types, Periods, Policies, Publish, Balance Import/Adjust) requires SuperAdmin or TenantAdmin in the seeded matrix - HRAdmin, the operational HR role, holds none of these permissions (CR-78)",Needs clarification,LeaveTypesPage/LeavePoliciesPage/LeavePeriodsPage/LeaveBalanceImportPage render for HRAdmin but every mutating action is 403,"POST/PUT /api/leave-types, /api/leave-policies, /api/leave-periods, /api/leave-balances/import/*",SeedData.RolePermissionMap[HRAdmin],Leave.TypeManage / Leave.PolicyManage / Leave.PolicyPublish / Leave.PeriodManage / Leave.BalanceImport,n/a,1,LEAVE-POLICY-026,0,,,
07-leave,Policy Effective Dating,F-LEAVE-041,"Resolution considers only Published versions whose own LeavePolicy IsActive=true, whose EffectiveFrom<=date<=EffectiveTo(or open-ended), that carry an active rule for the requested LeaveType, and whose applicability (if any) matches the employee's CURRENT effective-employment snapshot for that date",Implemented,n/a,POST /api/leave-policies/test,LeavePolicyResolver.ResolveAsync,Leave.PolicyView,"LeavePolicyVersions, LeavePolicyRules, LeavePolicyApplicabilitySets",1,LEAVE-DATE-001,0,,,
07-leave,Policy Effective Dating,F-LEAVE-042,A date one day before a version's EffectiveFrom does not resolve to that version (NoPolicy if nothing else matches),Implemented,n/a,POST /api/leave-policies/test,LeavePolicyResolver.ResolveAsync,Leave.PolicyView,LeavePolicyVersions,1,LEAVE-DATE-002,0,,,
07-leave,Policy Effective Dating,F-LEAVE-043,A date exactly equal to EffectiveFrom resolves (inclusive lower bound),Implemented,n/a,POST /api/leave-policies/test,LeavePolicyResolver.ResolveAsync,Leave.PolicyView,LeavePolicyVersions,1,LEAVE-DATE-002,0,,,
07-leave,Policy Effective Dating,F-LEAVE-044,A date exactly equal to EffectiveTo resolves (inclusive upper bound); the day after does not,Implemented,n/a,POST /api/leave-policies/test,LeavePolicyResolver.ResolveAsync,Leave.PolicyView,LeavePolicyVersions,1,LEAVE-DATE-003,0,,,
07-leave,Policy Effective Dating,F-LEAVE-045,"An open-ended version (EffectiveTo=null) resolves for every date on or after EffectiveFrom, indefinitely",Implemented,n/a,POST /api/leave-policies/test,LeavePolicyResolver.ResolveAsync,Leave.PolicyView,LeavePolicyVersions,1,LEAVE-DATE-004,0,,,
07-leave,Policy Effective Dating,F-LEAVE-046,"A version whose EffectiveFrom is in the future never resolves for today's date (NoPolicy, unless another version covers today)",Implemented,n/a,POST /api/leave-policies/test,LeavePolicyResolver.ResolveAsync,Leave.PolicyView,LeavePolicyVersions,1,LEAVE-DATE-005,0,,,
07-leave,Policy Effective Dating,F-LEAVE-047,A version whose EffectiveTo has already passed never resolves for today (expired),Implemented,n/a,POST /api/leave-policies/test,LeavePolicyResolver.ResolveAsync,Leave.PolicyView,LeavePolicyVersions,1,LEAVE-DATE-005,0,,,
07-leave,Policy Effective Dating,F-LEAVE-048,Two non-overlapping Published versions of the SAME policy (sequential date ranges) each resolve correctly for dates in their own range - no ambiguity,Implemented,n/a,POST /api/leave-policies/test,LeavePolicyResolver.ResolveAsync,Leave.PolicyView,LeavePolicyVersions,1,LEAVE-DATE-006,0,,,
07-leave,Policy Effective Dating,F-LEAVE-049,"A gap between two versions of the same policy (no version covers a date range) resolves as NoPolicy for dates inside the gap, even though earlier/later dates resolve fine",Implemented,n/a,POST /api/leave-policies/test,LeavePolicyResolver.ResolveAsync,Leave.PolicyView,LeavePolicyVersions,1,LEAVE-DATE-007,0,,,
07-leave,Policy Effective Dating,F-LEAVE-050,"Two Published versions of the SAME policy overlapping in date range (a data-integrity anomaly Publish should have blocked, or force-created via acknowledgeOverlap) resolve as ConfigurationAmbiguity (409), not a silent pick",Implemented,n/a,POST /api/leave-policies/test,LeavePolicyResolver.ResolveAsync (samePolicyVersions check),Leave.PolicyView,LeavePolicyVersions,1,LEAVE-DATE-008,0,,,
07-leave,Policy Effective Dating,F-LEAVE-051,"Two DIFFERENT policies both applicable on the same date for the same LeaveType are resolved deterministically by Priority (higher wins), then by Specificity (most-populated matching applicability set wins) among equal-priority candidates",Implemented,LeavePolicyEditorPage 'Test Policy' tab shows competingPolicies with isWinner,POST /api/leave-policies/test,LeavePolicyResolver.ResolveAsync,Leave.PolicyView,"LeavePolicyVersions, LeavePolicyApplicabilitySets",1,LEAVE-DATE-009,0,,,
07-leave,Policy Effective Dating,F-LEAVE-052,"A tenant-wide version (zero applicability sets, specificity=0) loses to any applicable version with a matching non-empty applicability set at the same priority",Implemented,LeavePolicyEditorPage 'Test Policy' tab,POST /api/leave-policies/test,LeavePolicyResolver.ResolveAsync (Specificity computation),Leave.PolicyView,LeavePolicyApplicabilitySets,1,LEAVE-DATE-010,0,,,
07-leave,Policy Effective Dating,F-LEAVE-053,"Two equally-specific, equal-priority candidates from DIFFERENT policies resolve as ConfigurationAmbiguity (409), surfaced with the full competingPolicies diagnostic list",Implemented,LeavePolicyEditorPage 'Test Policy' tab error state,POST /api/leave-policies/test,LeavePolicyResolver.ResolveAsync,Leave.PolicyView,LeavePolicyVersions,1,LEAVE-DATE-011,0,,,
07-leave,Policy Effective Dating,F-LEAVE-054,"A backdated Leave request resolves the policy AS OF the request's own StartDate, not today's date - a policy that has since expired/changed is still honored for that historical date",Implemented,n/a,POST /api/leave-requests/preview,LeaveRequestValidationService.ResolveContextAsync (date = input.StartDate),Leave.RequestCreate,LeavePolicyVersions,1,LEAVE-DATE-012,0,,,
07-leave,Policy Effective Dating,F-LEAVE-055,"A future-dated Leave request resolves the policy that will be effective on that FUTURE date, which may differ from the policy in effect today",Implemented,n/a,POST /api/leave-requests/preview,LeaveRequestValidationService.ResolveContextAsync,Leave.RequestCreate,LeavePolicyVersions,1,LEAVE-DATE-013,0,,,
07-leave,Policy Effective Dating,F-LEAVE-056,A multi-day request that CROSSES a policy-version boundary (different rule/version/period/employment applies on different days within the same request) is rejected 400 - the runtime requires one single context for the whole span,Implemented,n/a,POST /api/leave-requests/preview,LeaveRequestValidationService.ValidateSingleContextAsync,Leave.RequestCreate,n/a,1,LEAVE-DATE-014,0,,,
07-leave,Leave Periods,F-LEAVE-057,"List Leave Periods, paged/searchable, optionally filtered onDate (periods containing a given date)",Implemented,LeavePeriodsPage list,GET /api/leave-periods,LeaveConfigurationService.GetLeavePeriodsAsync,Leave.PolicyView,LeavePeriods,1,LEAVE-PERIOD-001,0,,,
07-leave,Leave Periods,F-LEAVE-058,"Create a Leave Period (Code, Name, StartDate, EndDate, IsActive); Code is case-insensitively unique per tenant; StartDate must be on/before EndDate",Implemented,LeavePeriodsPage create dialog,POST /api/leave-periods,LeaveConfigurationService.CreateLeavePeriodAsync,Leave.PeriodManage,LeavePeriods,2,"LEAVE-PERIOD-002, LEAVE-PERIOD-003",0,,,
07-leave,Leave Periods,F-LEAVE-059,An ACTIVE period's date range must not overlap another ACTIVE period in the tenant (checked on create and update); an INACTIVE period is exempt from the overlap check,Implemented,LeavePeriodsPage create/edit dialog error,POST/PUT /api/leave-periods[/{id}],LeaveConfigurationService.HasPeriodOverlapAsync,Leave.PeriodManage,LeavePeriods,1,LEAVE-PERIOD-004,0,,,
07-leave,Leave Periods,F-LEAVE-060,"Update a Leave Period's fields, gated by ConcurrencyToken; only Yearly-style single ranges are modeled - there is no distinct 'monthly period' type, any StartDate/EndDate span is accepted",Implemented,LeavePeriodsPage edit dialog,PUT /api/leave-periods/{id},LeaveConfigurationService.UpdateLeavePeriodAsync,Leave.PeriodManage,LeavePeriods,1,LEAVE-PERIOD-005,0,,,
07-leave,Leave Periods,F-LEAVE-061,"'Closing' a period is not a distinct IsActive-style status field - it is modeled entirely by LeavePeriodCloseProcessor's own occurrence ledger; deactivating a LeavePeriod (IsActive=false) is a SEPARATE, purely-configuration action with no automatic close-processing side effect",Needs clarification,n/a - no 'Close Period' button anywhere in LeavePeriodsPage,n/a,LeavePeriodCloseProcessor.ProcessAsync (source.EndDate <= asOf gate); LeaveConfigurationService.UpdateLeavePeriodAsync (independent IsActive toggle),Leave.PeriodManage,"LeavePeriods, LeavePeriodCloseOccurrences",1,LEAVE-PERIOD-006,0,,,
07-leave,Leave Periods,F-LEAVE-062,"A request whose date falls in a gap with NO active LeavePeriod containing it is rejected NotFound at preview/submit, even if a valid policy would otherwise apply",Implemented,n/a,POST /api/leave-requests/preview,LeavePeriodResolver.ResolveAsync (NotConfigured); LeaveRequestValidationService.ResolveContextAsync,Leave.RequestCreate,LeavePeriods,1,LEAVE-PERIOD-007,0,,,
07-leave,Leave Periods,F-LEAVE-063,"Two overlapping ACTIVE LeavePeriods (a data anomaly the create/update overlap guard should prevent, reachable only via a race or direct DB edit) resolve as ConfigurationAmbiguity (409) rather than picking one silently",Implemented,n/a,POST /api/leave-requests/preview,LeavePeriodResolver.ResolveAsync,Leave.RequestCreate,LeavePeriods,1,LEAVE-PERIOD-008,0,,,
07-leave,Leave Periods,F-LEAVE-064,"LeavePeriodCloseProcessor requires a subsequent active period starting after the source period's EndDate to exist before it will process anything (no destination => no-op, all counters zero)",Implemented,"n/a - operator/worker-invoked, no dedicated UI button","n/a (invoked by ILeavePeriodCloseProcessor, not a public HTTP endpoint)",LeavePeriodCloseProcessor.ProcessAsync (destination lookup),n/a,"LeavePeriods, EmployeeLeaveBalances",1,LEAVE-PERIOD-009,0,,,
07-leave,Leave Periods,F-LEAVE-065,"Reopening a closed period is not supported - LeavePeriodCloseOccurrence rows are append-only per (source,destination,employee,leaveType) key and a repeat close attempt with the same key is idempotent (Processed rows are skipped, not reprocessed)",Needs clarification,n/a,n/a,LeavePeriodCloseProcessor.ClaimAsync (row.Status == 'Processed' => null/skip),n/a,LeavePeriodCloseOccurrences,1,LEAVE-PERIOD-010,0,,,
07-leave,Leave Periods,F-LEAVE-066,Leave Periods are tenant-scoped by construction (own shard database); Code uniqueness and overlap checks never consider another tenant's periods,Implemented,n/a,GET/POST/PUT /api/leave-periods*,LeaveConfigurationService,Leave.PolicyView / Leave.PeriodManage,LeavePeriods,1,LEAVE-PERIOD-011,0,,,
07-leave,Eligibility,F-LEAVE-067,An employee whose Account<->Employee link is Unlinked cannot preview/submit ANY leave request - identity resolution fails before eligibility is even reached,Implemented,MyLeaveRequestsPage / leave request form is unreachable without a resolvable identity,POST /api/leave-requests/preview,LeaveRequestValidationService.ValidateAsync (IEmployeeIdentityResolver failure),Leave.RequestCreate,AccountEmployeeCurrentLinks,1,LEAVE-ELIGIBILITY-001,0,,,
07-leave,Eligibility,F-LEAVE-068,"An employee with NO effective-employment snapshot resolvable for the request's start date (e.g. before DateOfJoining, or a gap in EmploymentHistory) is rejected via EffectiveEmploymentResolver's own NotFound/ConfigurationAmbiguity status",Implemented,n/a,POST /api/leave-requests/preview,LeaveRequestValidationService.ResolveContextAsync (IEffectiveEmploymentResolver),Leave.RequestCreate,EmployeeEmploymentHistory,1,LEAVE-ELIGIBILITY-002,0,,,
07-leave,Eligibility,F-LEAVE-069,"A request start date strictly before the employee's DateOfJoining is rejected Forbidden ('InactiveEmployment'), even if the policy/period/eligibility rule would otherwise allow it",Implemented,n/a,POST /api/leave-requests/preview,LeaveRequestValidationService.ValidateEmploymentContext,Leave.RequestCreate,Employees,1,LEAVE-ELIGIBILITY-003,0,,,
07-leave,Eligibility,F-LEAVE-070,A request start date strictly after the employee's DateOfLeaving (for an already-separated employee) is rejected Forbidden ('InactiveEmployment'),Implemented,n/a,POST /api/leave-requests/preview,LeaveRequestValidationService.ValidateEmploymentContext,Leave.RequestCreate,Employees,1,LEAVE-ELIGIBILITY-003,0,,,
07-leave,Eligibility,F-LEAVE-071,Employee.Status must be Active at request time (checked independently of the employment-history snapshot) - a non-Active Employee.Status is rejected Forbidden even before eligibility rules run,Implemented,n/a,POST /api/leave-requests/preview,LeaveRequestValidationService.ValidateAsync (employee.Status != Active),Leave.RequestCreate,Employees,1,LEAVE-ELIGIBILITY-004,0,,,
07-leave,Eligibility,F-LEAVE-072,EligibilityMode=Immediate imposes no minimum-service wait - any request date on/after DateOfJoining is eligible on this dimension,Implemented,LeavePolicyEligibilitySection EligibilityMode=Immediate,POST /api/leave-requests/preview,LeaveRequestValidationService.ValidateEligibility,Leave.RequestCreate,LeavePolicyEligibilityRules,1,LEAVE-ELIGIBILITY-005,0,,,
07-leave,Eligibility,F-LEAVE-073,EligibilityMode=MinimumService (Days or Months unit) computes an eligible-from date = DateOfJoining + value; a request before that date is rejected Invalid ('MinimumServiceNotMet'); on/after is eligible,Implemented,LeavePolicyEligibilitySection EligibilityMode=MinimumService,POST /api/leave-requests/preview,LeaveRequestValidationService.ValidateEligibility,Leave.RequestCreate,LeavePolicyEligibilityRules,1,LEAVE-ELIGIBILITY-006,0,,,
07-leave,Eligibility,F-LEAVE-074,"A MinimumService rule missing its MinimumServiceValue/Unit (a data-integrity gap the Policy Editor's own validator should prevent, reachable via a partially-saved or directly-written rule) is rejected as UnsupportedConfiguration rather than silently treated as zero",Implemented,n/a,POST /api/leave-requests/preview,LeaveRequestValidationService.ValidateEligibility,Leave.RequestCreate,LeavePolicyEligibilityRules,1,LEAVE-ELIGIBILITY-007,0,,,
07-leave,Eligibility,F-LEAVE-075,"ProbationMode=NotAllowed rejects a request Invalid ('ProbationNotAllowed') when the employee's JobStatus (Employee.JobStatus, falling back to Employment.JobStatus) equals 'Probation'; if JobStatus is blank AND there is no ConfirmationDate, the rule is UnsupportedConfiguration rather than silently permissive",Implemented,LeavePolicyEligibilitySection ProbationMode=NotAllowed,POST /api/leave-requests/preview,LeaveRequestValidationService.ValidateEligibility,Leave.RequestCreate,"Employees, EmployeeEmploymentHistory",1,LEAVE-ELIGIBILITY-008,0,,,
07-leave,Eligibility,F-LEAVE-076,ProbationMode=AfterConfirmation requires an authoritative Employment.ConfirmationDate; a request before that date is Invalid ('ConfirmationNotMet'); missing ConfirmationDate entirely is UnsupportedConfiguration,Implemented,LeavePolicyEligibilitySection ProbationMode=AfterConfirmation,POST /api/leave-requests/preview,LeaveRequestValidationService.ValidateEligibility,Leave.RequestCreate,EmployeeEmploymentHistory,1,LEAVE-ELIGIBILITY-009,0,,,
07-leave,Eligibility,F-LEAVE-077,ProbationMode=Allowed imposes no probation-related restriction regardless of JobStatus/ConfirmationDate,Implemented,LeavePolicyEligibilitySection ProbationMode=Allowed,POST /api/leave-requests/preview,LeaveRequestValidationService.ValidateEligibility,Leave.RequestCreate,n/a,1,LEAVE-ELIGIBILITY-010,0,,,
07-leave,Eligibility,F-LEAVE-078,"Eligibility, notice-period and probation checks run in a fixed order (MinimumService -> Probation -> NoticePeriod) after the base employment/status/policy gates - the FIRST failing rule's error is returned, not an aggregate of all violations",Implemented,n/a,POST /api/leave-requests/preview,LeaveRequestValidationService.ValidateEligibility,Leave.RequestCreate,n/a,1,LEAVE-ELIGIBILITY-011,0,,,
07-leave,Eligibility,F-LEAVE-079,"Gender-scoped applicability (e.g. a Maternity-only policy) is enforced entirely through LeavePolicyResolver's applicability matching, not through a separate eligibility field - a non-matching gender simply fails to resolve any applicable policy (NoPolicy), not a distinct 'ineligible' reason",Implemented,LeavePolicyEditorPage Applicability tab Gender selector,POST /api/leave-requests/preview,LeavePolicyResolver.Matches (s.Gender check),Leave.RequestCreate,LeavePolicyApplicabilitySets,1,LEAVE-ELIGIBILITY-012,0,,,
07-leave,Notice Period,F-LEAVE-080,NoticePeriodMode=Allowed imposes no restriction regardless of NoticeStatus/NoticeStartDate/NoticeEndDate,Implemented,LeavePolicyEligibilitySection NoticePeriodMode=Allowed,POST /api/leave-requests/preview,LeaveRequestValidationService.ValidateEligibility,Leave.RequestCreate,n/a,1,LEAVE-NOTICE-001,0,,,
07-leave,Notice Period,F-LEAVE-081,"NoticePeriodMode=NotAllowed rejects a request Invalid ('NoticePeriodNotAllowed') only when NoticeStatus=Active AND the request date falls within [NoticeStartDate, NoticeEndDate] (or NoticeEndDate is null, i.e. open-ended notice)",Implemented,LeavePolicyEligibilitySection NoticePeriodMode=NotAllowed,POST /api/leave-requests/preview,LeaveRequestValidationService.ValidateEligibility,Leave.RequestCreate,EmployeeEmploymentHistory (NoticeStatus/NoticeStartDate/NoticeEndDate),1,LEAVE-NOTICE-002,0,,,
07-leave,Notice Period,F-LEAVE-082,NoticePeriodMode=AllowedWithApproval does NOT itself change the validation outcome versus NotAllowed in the current runtime - both modes are gated by the same in-notice-period check (Enum.IsDefined only distinguishes an undefined value); there is no separate 'requires extra approval' code path anywhere in submission/approval,Needs clarification,LeavePolicyEligibilitySection NoticePeriodMode=AllowedWithApproval,POST /api/leave-requests/preview,LeaveRequestValidationService.ValidateEligibility (rule.NoticePeriodMode is NotAllowed or AllowedWithApproval => same in-notice check),Leave.RequestCreate,n/a,1,LEAVE-NOTICE-003,0,,,
07-leave,Notice Period,F-LEAVE-083,NoticeStatus=Completed or Cancelled never blocks a request under NotAllowed/AllowedWithApproval - only Active status is evaluated against the date window,Implemented,n/a,POST /api/leave-requests/preview,LeaveRequestValidationService.ValidateEligibility,Leave.RequestCreate,EmployeeEmploymentHistory,1,LEAVE-NOTICE-004,0,,,
07-leave,Notice Period,F-LEAVE-084,NoticeStatus=Active with a missing NoticeStartDate (malformed data) is rejected UnsupportedConfiguration rather than silently allowed or silently blocked,Implemented,n/a,POST /api/leave-requests/preview,LeaveRequestValidationService.ValidateEligibility,Leave.RequestCreate,EmployeeEmploymentHistory,1,LEAVE-NOTICE-005,0,,,
07-leave,Notice Period,F-LEAVE-085,A request exactly ON NoticeStartDate or exactly ON NoticeEndDate is treated as INSIDE the notice period (inclusive both ends); the day before NoticeStartDate and the day after NoticeEndDate are outside it,Implemented,n/a,POST /api/leave-requests/preview,LeaveRequestValidationService.ValidateEligibility (requestStart >= noticeStart && requestStart <= noticeEnd),Leave.RequestCreate,n/a,1,LEAVE-NOTICE-002,0,,,
07-leave,Notice Period,F-LEAVE-086,"An undefined/out-of-range NoticeStatus enum value (unreachable through normal product flows, only via direct data manipulation) is rejected UnsupportedConfiguration defensively rather than crashing",Implemented,n/a,POST /api/leave-requests/preview,LeaveRequestValidationService.ValidateEligibility (Enum.IsDefined guard),Leave.RequestCreate,n/a,1,LEAVE-NOTICE-006,0,,,
07-leave,Entitlement/Accrual,F-LEAVE-087,"EntitlementMode=Allocated + AccrualFrequency=Upfront grants the FULL EntitlementQuantity as an Opening-style credit with no recurring accrual - LeaveAccrualProcessor explicitly SKIPS Upfront (and None) as 'not its job'; upfront crediting is a Balance Import / ExternalGrant concern, not this processor's",Needs clarification,LeavePolicyEntitlementSection AccrualFrequency=Upfront,n/a - no dedicated 'grant upfront entitlement' endpoint was found; this is exercised via Balance Import or an as-yet-unbuilt bulk-grant tool,LeaveAccrualProcessor.ProcessAsync (AccrualFrequency.Upfront explicitly excluded),n/a,LeaveEntitlementGrants,1,LEAVE-ACCRUAL-001,0,,,
07-leave,Entitlement/Accrual,F-LEAVE-088,"AccrualFrequency=Monthly, AccrualTiming=StartOfPeriod credits on day 1 of each calendar month; EndOfPeriod credits on the LAST calendar day of the month (DateTime.DaysInMonth)",Implemented,LeavePolicyEntitlementSection AccrualFrequency=Monthly,"n/a (LeaveAccrualWorker/ILeaveAccrualProcessor, not a public HTTP endpoint)",LeaveAccrualProcessor.IsDue,n/a,"LeaveAccrualOccurrences, LeaveBalanceTransactions",1,LEAVE-ACCRUAL-002,0,,,
07-leave,Entitlement/Accrual,F-LEAVE-089,"AccrualFrequency=Annual/Yearly, AccrualTiming=StartOfPeriod credits exactly on the LeavePeriod's own StartDate; EndOfPeriod credits exactly on the LeavePeriod's own EndDate",Implemented,LeavePolicyEntitlementSection AccrualFrequency=Annual,n/a,LeaveAccrualProcessor.IsDue,n/a,LeaveAccrualOccurrences,1,LEAVE-ACCRUAL-003,0,,,
07-leave,Entitlement/Accrual,F-LEAVE-090,AccrualFrequency=Daily is due every single day (each day's ProcessAsync pass credits a full daily increment) - the only frequency with no periodic gating,Implemented,LeavePolicyEntitlementSection AccrualFrequency=Daily,n/a,LeaveAccrualProcessor.IsDue,n/a,LeaveAccrualOccurrences,1,LEAVE-ACCRUAL-004,0,,,
07-leave,Entitlement/Accrual,F-LEAVE-091,"ProratePartialPeriod=true on Monthly proportions the credited quantity by EligibleDays(joining,leaving,monthStart,monthEnd)/DaysInMonth - a mid-month joiner or leaver receives a fractional credit for that month only",Implemented,LeavePolicyEntitlementSection ProratePartialPeriod checkbox,n/a,LeaveAccrualProcessor.Quantity/EligibleDays,n/a,n/a,2,"LEAVE-ACCRUAL-005, LEAVE-ACCRUAL-006",0,,,
07-leave,Entitlement/Accrual,F-LEAVE-092,"ProratePartialPeriod=true on Annual/Yearly proportions by EligibleDays(joining,leaving,periodStart,periodEnd)/(total days in the period) - a mid-year joiner receives a proportional annual credit, not the full configured quantity",Implemented,LeavePolicyEntitlementSection ProratePartialPeriod checkbox,n/a,LeaveAccrualProcessor.Quantity/EligibleDays,n/a,n/a,1,LEAVE-ACCRUAL-007,0,,,
07-leave,Entitlement/Accrual,F-LEAVE-093,ProratePartialPeriod=false credits the FULL configured EntitlementQuantity on every due occurrence regardless of a mid-period joining/leaving date,Implemented,LeavePolicyEntitlementSection ProratePartialPeriod unchecked,n/a,LeaveAccrualProcessor.Quantity,n/a,n/a,1,LEAVE-ACCRUAL-008,0,,,
07-leave,Entitlement/Accrual,F-LEAVE-094,"An end-of-year joiner (DateOfJoining after the period's own accrual occurrence date but before throughDate) never has that occurrence claimed for them - ClaimAsync's own occurrence-key includes the employee, so no partial-period grant is fabricated retroactively for dates before joining",Implemented,n/a,n/a,LeaveAccrualProcessor.ProcessAsync (employee.DateOfJoining <= throughDate gate; the per-day loop bounds start at DateOfJoining),n/a,n/a,1,LEAVE-ACCRUAL-009,0,,,
07-leave,Entitlement/Accrual,F-LEAVE-095,"MaximumAccumulation caps a single credit so GrantedQuantity-ConsumedQuantity ('held') never exceeds the cap - a credit that would exceed it is truncated to the remaining headroom, or produces ZERO credit and is marked Skipped if headroom is already exhausted",Implemented,LeavePolicyEntitlementSection MaximumAccumulation,n/a,LeaveAccrualProcessor.CreditAsync,n/a,"EmployeeLeaveBalances, LeaveAccrualOccurrences",1,LEAVE-ACCRUAL-010,0,,,
07-leave,Entitlement/Accrual,F-LEAVE-096,"Balance precision is fixed at 3 decimal places throughout accounting (decimal.Round(...,3) in Balance Import; ChargeableQuantity/RequestedQuantity are plain decimal elsewhere with no explicit rounding beyond that) - verify no silent precision loss across accrual->reservation->consumption chains",Needs clarification,n/a,n/a,"LeaveAccrualProcessor.Quantity; LeaveBalanceImportService.ValidateAsync (decimal.Round(quantity,3))",n/a,"EmployeeLeaveBalances, LeaveBalanceTransactions",1,LEAVE-ACCRUAL-011,0,,,
07-leave,Entitlement/Accrual,F-LEAVE-097,Running the accrual processor twice for the SAME throughDate is idempotent - the occurrence key (tenant:employee:leaveType:version:frequency:date) is claimed exactly once; the second run finds the row already Processed/Skipped and does not re-credit,Implemented,n/a,n/a,LeaveAccrualProcessor.ClaimAsync,n/a,LeaveAccrualOccurrences,1,LEAVE-ACCRUAL-012,0,,,
07-leave,Entitlement/Accrual,F-LEAVE-098,A previously Failed occurrence is retried on the next processor pass up to MaxAttempts (default 5); once MaxAttempts is reached the occurrence is left Failed permanently (ClaimAsync's own attempt-count gate returns null),Implemented,n/a,n/a,LeaveAccrualProcessor.ClaimAsync (row.AttemptCount >= _options.MaxAttempts),n/a,LeaveAccrualOccurrences,1,LEAVE-ACCRUAL-013,0,,,
07-leave,Entitlement/Accrual,F-LEAVE-099,"A crediting failure inside CreditAsync (e.g. the poster rejects the command) is caught, the occurrence is finalized Failed with a FailureCode, and processing continues to the next employee/leaveType pair rather than aborting the whole run",Implemented,n/a,n/a,LeaveAccrualProcessor.ProcessAsync (try/catch around CreditAsync),n/a,LeaveAccrualOccurrences,1,LEAVE-ACCRUAL-014,0,,,
07-leave,Entitlement/Accrual,F-LEAVE-100,"LeaveAccrualWorker and LeaveApprovalReminderWorker are BOTH disabled by default (LeaveAccrualOptions.Enabled=false, LeaveReminderOptions.Enabled=false) - neither runs in a fresh Development environment unless explicitly turned on in configuration",Needs clarification,n/a,n/a,LeaveAccrualWorker.ExecuteAsync / LeaveApprovalReminderWorker.ExecuteAsync (_options.Enabled gate),n/a,n/a,1,LEAVE-ACCRUAL-015,0,,,
07-leave,Entitlement/Accrual,F-LEAVE-101,"An entitlement configuration change mid-period (e.g. editing EntitlementQuantity on a still-Draft version, or publishing a NEW version with a different quantity effective partway through the current LeavePeriod) affects only FUTURE accrual occurrences - occurrences already claimed/processed under the prior rule are never retroactively adjusted",Implemented,n/a,n/a,"LeaveAccrualProcessor.ProcessAsync (resolves the rule fresh per-date via LeavePolicyResolver, but never revisits an already-Processed occurrence)",n/a,LeaveAccrualOccurrences,1,LEAVE-ACCRUAL-016,0,,,
07-leave,Entitlement/Accrual,F-LEAVE-102,"CarryForwardEnabled + LeavePeriodCloseProcessor carries min(AvailableQuantity, MaximumCarryForwardQuantity) into the destination period as a new LeaveEntitlementGrant with SourceType=CarryForward, and lapses the remainder (AvailableQuantity-carry) as an Expiry debit against the SOURCE period",Implemented,LeavePolicyEntitlementSection CarryForwardEnabled + MaximumCarryForwardQuantity,n/a,LeavePeriodCloseProcessor.ProcessAsync,n/a,"LeaveEntitlementGrants, LeaveBalanceTransactions, LeavePeriodCloseOccurrences",1,LEAVE-ACCRUAL-017,0,,,
07-leave,Entitlement/Accrual,F-LEAVE-103,CarryForwardExpiryDays sets the carried grant's own ExpiresOn = destination period's StartDate + N days; a null value carries forward with no expiry,Implemented,LeavePolicyEntitlementSection CarryForwardExpiryDays,n/a,LeavePeriodCloseProcessor.ProcessAsync,n/a,LeaveEntitlementGrants,1,LEAVE-ACCRUAL-017,0,,,
07-leave,Entitlement/Accrual,F-LEAVE-104,"LeaveEntitlementExpiryProcessor finds CarryForward-sourced grants whose ExpiresOn<=throughDate and are still Active, debits their remaining AvailableQuantity as an Expiry transaction, and marks the grant Expired (a zero-available grant is marked Expired with no debit posted)",Implemented,n/a,n/a,LeaveEntitlementExpiryProcessor.ProcessAsync,n/a,"LeaveEntitlementGrants, LeaveBalanceTransactions",1,LEAVE-ACCRUAL-018,0,,,
07-leave,Entitlement/Accrual,F-LEAVE-105,"Period-close is itself idempotent per (source,destination,employee,leaveType) occurrence key - a repeat close run for an already-Processed pairing is a no-op (all counters return zero for that pairing)",Implemented,n/a,n/a,LeavePeriodCloseProcessor.ClaimAsync,n/a,LeavePeriodCloseOccurrences,1,LEAVE-ACCRUAL-019,0,,,
07-leave,Entitlement/Accrual,F-LEAVE-106,"Numerical example - a policy granting 1.5 days/month, no proration, Monthly/StartOfPeriod, over a 12-month LeavePeriod for an employee who joined before the period start: 12 monthly credits of 1.5 = 18.000 granted by period end (manually computed expectation for a deterministic test)",Implemented,n/a,n/a,LeaveAccrualProcessor.ProcessAsync,n/a,EmployeeLeaveBalances,1,LEAVE-ACCRUAL-006,0,,,
07-leave,Entitlement/Accrual,F-LEAVE-107,"Numerical example - a policy granting 12 days/year with proration, Annual/StartOfPeriod, for an employee joining exactly at the period's midpoint (day 183 of a 365-day period): expected prorated credit = 12 * (365-183+1)/365 = 6.016... days, confirming EligibleDays/period-length arithmetic",Implemented,n/a,n/a,LeaveAccrualProcessor.Quantity/EligibleDays,n/a,EmployeeLeaveBalances,1,LEAVE-ACCRUAL-005,0,,,
07-leave,Leave Balance,F-LEAVE-108,"GET /api/leave-balances/mine returns one row per active LeaveType: Allocated types show Granted/Reserved/Consumed/Available (=Granted-Reserved-Consumed), Unlimited types show only entitlementMode with all quantities null, NoBalanceRequired types are OMITTED from the response entirely",Implemented,MyLeaveRequestsPage / LeaveRequestPreviewPage balance panel,GET /api/leave-balances/mine,LeaveBalanceSummaryReader.GetMineAsync,Leave.BalanceViewOwn,"EmployeeLeaveBalances, LeavePolicyEntitlementRules",1,LEAVE-BAL-001,0,,,
07-leave,Leave Balance,F-LEAVE-109,"Available = Granted - Reserved - Consumed, always projected live from EmployeeLeaveBalances - there is no separate cached 'available' column to drift out of sync",Implemented,LeaveBalanceSummary panel,GET /api/leave-balances/mine,LeaveBalanceSummaryReader.GetMineAsync,Leave.BalanceViewOwn,EmployeeLeaveBalances,1,LEAVE-BAL-002,0,,,
07-leave,Leave Balance,F-LEAVE-110,A LeaveType with an Allocated policy but NO EmployeeLeaveBalance row yet (never accrued/imported) is simply absent from GetMineAsync's result for that LeaveType - it is not synthesized as a zero row,Needs clarification,LeaveBalanceSummary panel (LeaveType silently missing),GET /api/leave-balances/mine,LeaveBalanceSummaryReader.GetMineAsync,Leave.BalanceViewOwn,EmployeeLeaveBalances,1,LEAVE-BAL-003,0,,,
07-leave,Leave Balance,F-LEAVE-111,"A zero-Available balance (fully reserved/consumed) is reported as Available=0, not omitted or negative - LeaveBalanceAccountingService's own ApplyProjection rejects any operation that would drive Available below zero (Conflict), so a persisted negative balance should never be observable through this API",Implemented,LeaveBalanceSummary panel zero-state,GET /api/leave-balances/mine,LeaveBalanceAccountingService.ApplyProjection,Leave.BalanceViewOwn,EmployeeLeaveBalances,1,LEAVE-BAL-004,0,,,
07-leave,Leave Balance,F-LEAVE-112,There is no supported 'negative balance allowed' policy switch anywhere in LeavePolicyEntitlementRule/RequestRule - every reservation/consumption path (LeaveBalanceAccountingService.ApplyProjection) hard-rejects Conflict if it would drive Available/Reserved/Consumed below zero; negative balances are not a configurable business rule in this codebase,Needs clarification,n/a - no such toggle exists in LeavePolicyEntitlementSection,n/a,LeaveBalanceAccountingService.ApplyProjection,n/a,n/a,1,LEAVE-BAL-005,0,,,
07-leave,Leave Balance,F-LEAVE-113,Multiple LeaveTypes each carry independent EmployeeLeaveBalance rows (one row per EmployeeId+LeaveTypeId+LeavePeriodId) - a reservation against one LeaveType never touches another's Granted/Reserved/Consumed,Implemented,LeaveBalanceSummary panel (multiple rows),GET /api/leave-balances/mine,LeaveBalanceSummaryReader.GetMineAsync,Leave.BalanceViewOwn,EmployeeLeaveBalances,1,LEAVE-BAL-006,0,,,
07-leave,Leave Balance,F-LEAVE-114,"A balance is scoped to one LeavePeriod - crossing a period boundary requires the LeavePeriodCloseProcessor's own carry-forward mechanism, not a live cross-period read",Implemented,LeaveBalanceSummary panel (LeavePeriodName column),GET /api/leave-balances/mine,LeaveBalanceSummaryReader.GetMineAsync,Leave.BalanceViewOwn,EmployeeLeaveBalances,1,LEAVE-BAL-007,0,,,
07-leave,Leave Balance,F-LEAVE-115,GET /api/leave-balances/mine is tenant- and self-scoped by construction (filters on the resolved identity's own TenantId+EmployeeId) - there is no HR-wide 'view any employee's balance' endpoint (Leave.BalanceView exists as a permission but is enforced nowhere - CR-80),Needs clarification,"n/a - HR views balances only through LeaveReportsController's balances report, gated by Leave.ReportsView, not Leave.BalanceView",GET /api/leave-balances/mine,LeaveBalanceSummaryReader.GetMineAsync,Leave.BalanceViewOwn,EmployeeLeaveBalances,1,LEAVE-BAL-008,0,,,
07-leave,Balance Import,F-LEAVE-116,"Download a fixed CSV header template (EmployeeCode,LeaveTypeCode,LeavePeriod,OpeningBalance,EffectiveDate,Remarks)",Implemented,LeaveBalanceImportPage 'Download template',GET /api/leave-balances/import/template,"LeaveBalanceImportsController.Template (static content, no service call)",Leave.BalanceImport,n/a,1,LEAVE-IMPORT-001,0,,,
07-leave,Balance Import,F-LEAVE-117,"Upload+validate a CSV (max 5,000,000 bytes) - parses rows, per-row validates required fields, numeric OpeningBalance (positive, <=3 decimals), yyyy-MM-dd EffectiveDate, and writes a Batch+Row set with per-row Valid/Invalid status; the file itself is never persisted, only its parsed rows",Implemented,LeaveBalanceImportPage upload dropzone,POST /api/leave-balances/import/validate,LeaveBalanceImportService.ValidateAsync,Leave.BalanceImport,"LeaveBalanceImportBatches, LeaveBalanceImportRows",1,LEAVE-IMPORT-002,0,,,
07-leave,Balance Import,F-LEAVE-118,A non-.csv file extension is rejected 400 before any parsing occurs,Implemented,LeaveBalanceImportPage upload error,POST /api/leave-balances/import/validate,LeaveBalanceImportService.ValidateAsync,Leave.BalanceImport,n/a,1,LEAVE-IMPORT-003,0,,,
07-leave,Balance Import,F-LEAVE-119,"An empty file, or a file with only a header row (zero data rows), is rejected 400",Implemented,LeaveBalanceImportPage upload error,POST /api/leave-balances/import/validate,LeaveBalanceImportService.ValidateAsync/ParseAsync,Leave.BalanceImport,n/a,1,LEAVE-IMPORT-004,0,,,
07-leave,Balance Import,F-LEAVE-120,A missing required CSV header (any of EmployeeCode/LeaveTypeCode/LeavePeriod/OpeningBalance/EffectiveDate) rejects the whole file 400 before per-row validation,Implemented,LeaveBalanceImportPage upload error,POST /api/leave-balances/import/validate,LeaveBalanceImportService.ParseAsync,Leave.BalanceImport,n/a,1,LEAVE-IMPORT-005,0,,,
07-leave,Balance Import,F-LEAVE-121,"A duplicate (EmployeeCode,LeaveTypeCode,LeavePeriod) combination WITHIN the same file is flagged Invalid on the second occurrence, not silently deduplicated or silently overwritten",Implemented,LeaveBalanceImportPage row-error table,POST /api/leave-balances/import/validate,LeaveBalanceImportService.ValidateAsync (seen HashSet),Leave.BalanceImport,LeaveBalanceImportRows,1,LEAVE-IMPORT-006,0,,,
07-leave,Balance Import,F-LEAVE-122,"An EmployeeCode not found (or found but not Employee.Status=Active) in the tenant is flagged Invalid per-row, with a specific error message distinguishing it from other row errors",Implemented,LeaveBalanceImportPage row-error table,POST /api/leave-balances/import/validate,LeaveBalanceImportService.ValidateAsync,Leave.BalanceImport,Employees,1,LEAVE-IMPORT-007,0,,,
07-leave,Balance Import,F-LEAVE-123,"A LeaveTypeCode not found, or found but IsActive=false, is flagged Invalid per-row",Implemented,LeaveBalanceImportPage row-error table,POST /api/leave-balances/import/validate,LeaveBalanceImportService.ValidateAsync,Leave.BalanceImport,LeaveTypes,1,LEAVE-IMPORT-008,0,,,
07-leave,Balance Import,F-LEAVE-124,"A LeavePeriod code not found, or ambiguous (more than one active period sharing the code - a data anomaly), is flagged Invalid per-row with a distinct message for 'not found' vs 'ambiguous'",Implemented,LeaveBalanceImportPage row-error table,POST /api/leave-balances/import/validate,LeaveBalanceImportService.ValidateAsync,Leave.BalanceImport,LeavePeriods,1,LEAVE-IMPORT-009,0,,,
07-leave,Balance Import,F-LEAVE-125,"OpeningBalance must be a positive decimal with AT MOST 3 decimal places (decimal.Round(x,3)==x check) - zero, negative, or a 4th-decimal value is rejected Invalid",Implemented,LeaveBalanceImportPage row-error table,POST /api/leave-balances/import/validate,LeaveBalanceImportService.ValidateAsync,Leave.BalanceImport,n/a,1,LEAVE-IMPORT-010,0,,,
07-leave,Balance Import,F-LEAVE-126,"EffectiveDate must be yyyy-MM-dd formatted AND fall within the resolved LeavePeriod's own [StartDate,EndDate] - a date outside the period is Invalid even if every other field is correct",Implemented,LeaveBalanceImportPage row-error table,POST /api/leave-balances/import/validate,LeaveBalanceImportService.ValidateAsync,Leave.BalanceImport,LeavePeriods,1,LEAVE-IMPORT-011,0,,,
07-leave,Balance Import,F-LEAVE-127,"A row whose (Employee,LeaveType,Period) opening balance was ALREADY imported previously (idempotency key already exists in LeaveBalanceTransactions) is flagged Invalid on THIS validate pass - re-importing the same opening balance twice is blocked, not silently re-applied",Implemented,LeaveBalanceImportPage row-error table,POST /api/leave-balances/import/validate,LeaveBalanceImportService.ValidateAsync (IdempotencyKey AnyAsync check),Leave.BalanceImport,LeaveBalanceTransactions,1,LEAVE-IMPORT-012,0,,,
07-leave,Balance Import,F-LEAVE-128,"A mixed valid/invalid-row file is fully persisted as a batch (Status=Invalid) with per-row status, but CANNOT be committed until every row is fixed and re-validated - Commit rejects (Conflict) any batch whose InvalidRows!=0",Implemented,LeaveBalanceImportPage 'Commit' button disabled while any row is invalid,POST /api/leave-balances/import/{batchId}/commit,LeaveBalanceImportService.CommitAsync,Leave.BalanceImport,LeaveBalanceImportBatches,1,LEAVE-IMPORT-013,0,,,
07-leave,Balance Import,F-LEAVE-129,"Commit is ATOMIC per-batch (single transaction) - a mid-commit failure (e.g. the poster rejects one row) rolls back the ENTIRE batch, so a Committed batch is all-or-nothing, never partially imported",Implemented,LeaveBalanceImportPage commit error banner,POST /api/leave-balances/import/{batchId}/commit,LeaveBalanceImportService.CommitAsync (BeginTransactionAsync/RollbackAsync),Leave.BalanceImport,"LeaveBalanceImportBatches, LeaveBalanceImportRows, EmployeeLeaveBalances, LeaveBalanceTransactions",1,LEAVE-IMPORT-014,0,,,
07-leave,Balance Import,F-LEAVE-130,"Committing an already-Committed batch a second time is idempotent (returns success with 'already committed', re-posts nothing)",Implemented,n/a,POST /api/leave-balances/import/{batchId}/commit,LeaveBalanceImportService.CommitAsync,Leave.BalanceImport,LeaveBalanceImportBatches,1,LEAVE-IMPORT-015,0,,,
07-leave,Balance Import,F-LEAVE-131,List import history (most recent 100 batches) and fetch a batch's own invalid-row detail list,Implemented,LeaveBalanceImportPage History tab,"GET /api/leave-balances/import/history, GET /api/leave-balances/import/{batchId}/errors",LeaveBalanceImportService.HistoryAsync/ErrorsAsync,Leave.BalanceViewImportHistory / Leave.BalanceImport,"LeaveBalanceImportBatches, LeaveBalanceImportRows",1,LEAVE-IMPORT-016,0,,,
07-leave,Balance Import,F-LEAVE-132,"Every committed row posts an Opening-type LeaveBalanceTransaction with ActorType=User+ActorUserId=the uploader and SourceType=BalanceImport - a full, attributable audit trail exists per credited row",Implemented,LeaveBalanceImportPage batch detail,POST /api/leave-balances/import/{batchId}/commit,LeaveBalanceImportService.CommitAsync,Leave.BalanceImport,LeaveBalanceTransactions,1,LEAVE-IMPORT-017,0,,,
07-leave,Balance Import,F-LEAVE-133,Balance Import mutation (Validate/Commit) and History require SuperAdmin/TenantAdmin in the seeded matrix - no other role holds Leave.BalanceImport or Leave.BalanceViewImportHistory (mirrors CR-78),Needs clarification,"LeaveBalanceImportPage renders for any authenticated user with the nav item visible, but every action 403s for non-SuperAdmin/TenantAdmin","POST /api/leave-balances/import/validate, /commit; GET /history",SeedData.RolePermissionMap,Leave.BalanceImport / Leave.BalanceViewImportHistory,n/a,1,LEAVE-IMPORT-018,0,,,
07-leave,Balance Import,F-LEAVE-134,"Employee/LeaveType/Period lookups inside ValidateAsync query by Code alone (no explicit x.TenantId==tenantId clause on the Employees/LeaveTypes/LeavePeriods queries) - correctness currently depends entirely on the per-tenant shard database boundary, not a belt-and-suspenders tenant filter",Needs clarification,n/a,POST /api/leave-balances/import/validate,LeaveBalanceImportService.ValidateAsync,Leave.BalanceImport,"Employees, LeaveTypes, LeavePeriods",1,LEAVE-IMPORT-019,0,,,
07-leave,Request Options,F-LEAVE-135,"GET /api/leave-types/available returns only IsActive=true LeaveTypes (page=1,pageSize=100 fixed), for the CURRENTLY authenticated employee identity - it is a static Active-type list, not itself filtered by policy applicability, balance, or notice status for that employee",Needs clarification,LeaveRequestPreviewPage LeaveType dropdown,GET /api/leave-types/available,LeaveRequestOptionsController.GetLeaveTypes -> LeaveConfigurationService.GetLeaveTypesAsync,Leave.TypeViewAvailable,LeaveTypes,1,LEAVE-OPT-001,0,,,
07-leave,Request Options,F-LEAVE-136,"An inactive LeaveType never appears in the available-options list, even if a Published policy still names it - the real per-employee eligibility (policy resolved, balance sufficient, notice/probation clear) is only discovered later, at Preview time, not filtered out of this options list up front",Needs clarification,LeaveRequestPreviewPage LeaveType dropdown,GET /api/leave-types/available,LeaveConfigurationService.GetLeaveTypesAsync (IsActive=true filter only),Leave.TypeViewAvailable,LeaveTypes,1,LEAVE-OPT-002,0,,,
07-leave,Request Options,F-LEAVE-137,"A LeaveType with NO applicable Published policy for this employee/date still appears in the available-options list (it is Active) - selecting it and requesting leave fails later at Preview with NoPolicy, rather than being pre-filtered out",Needs clarification,LeaveRequestPreviewPage selecting an unavailable LeaveType then Preview error,GET /api/leave-types/available then POST /api/leave-requests/preview,LeaveConfigurationService.GetLeaveTypesAsync; LeavePolicyResolver.ResolveAsync,Leave.TypeViewAvailable / Leave.RequestCreate,"LeaveTypes, LeavePolicyVersions",1,LEAVE-OPT-002,0,,,
07-leave,Request Options,F-LEAVE-138,"The options endpoint requires a resolvable employee identity - an unlinked account's call fails with the identity-resolution error, not an empty list",Implemented,n/a,GET /api/leave-types/available,LeaveRequestOptionsController.GetLeaveTypes (identityResolver.ResolveCurrentAsync failure branch),Leave.TypeViewAvailable,n/a,1,LEAVE-OPT-003,0,,,
07-leave,Request Options,F-LEAVE-139,"There is no dedicated 'request options' endpoint that pre-computes balance/period/notice availability per LeaveType before submission - Preview (POST /api/leave-requests/preview) IS the de facto options/availability check, performed one LeaveType+date-range at a time",Needs clarification,LeaveRequestPreviewPage 'Preview' step,POST /api/leave-requests/preview,LeaveRequestValidationService.ValidateAsync,Leave.RequestCreate,n/a,1,LEAVE-OPT-004,0,,,
07-leave,Request Creation,F-LEAVE-140,"Preview (POST .../preview) runs the FULL validation pipeline (identity, employment, policy, eligibility, notice, calendar, limits) side-effect-free - it creates no request/event/balance row, and can be called repeatedly with no idempotency concern",Implemented,LeaveRequestPreviewPage 'Preview' step,POST /api/leave-requests/preview,LeaveRequestValidationService.ValidateAsync,Leave.RequestCreate,n/a,1,LEAVE-REQ-001,0,,,
07-leave,Request Creation,F-LEAVE-141,"Submit (POST /api/leave-requests) re-runs the SAME validation TWICE (once before, once again after acquiring the per-employee serialization lock) - a change that invalidates the request between the two checks (e.g. a concurrent policy retirement) fails the SECOND check inside the transaction, which is rolled back cleanly",Implemented,LeaveRequestPreviewPage 'Submit' step,POST /api/leave-requests,LeaveRequestSubmissionService.SubmitAttemptAsync,Leave.RequestCreate,LeaveRequests,1,LEAVE-REQ-002,0,,,
07-leave,Request Creation,F-LEAVE-142,Only FullDayOnly requests are supported end-to-end - every requested day is chargeable at exactly 1.000 (or 0 if excluded by calendar); a policy configured for HalfDayAllowed makes EVERY request against it fail Preview/Submit with UnsupportedConfiguration (CR-81) - there is no single-half-day or multi-day-with-a-half-day-edge submission path anywhere in the runtime,Needs clarification,LeaveRequestPreviewPage has no half-day selector at all,POST /api/leave-requests/preview,LeaveRequestValidationService.ValidateSupportedPolicy,Leave.RequestCreate,n/a,1,LEAVE-REQ-003,0,,,
07-leave,Request Creation,F-LEAVE-143,"A single-day request (StartDate==EndDate) is valid and charges exactly the one day (or zero if it is a holiday/weekly-off and the policy excludes it, in which case quantity=0 is rejected as 'no working days')",Implemented,LeaveRequestPreviewPage single-day picker,POST /api/leave-requests/preview,LeaveRequestValidationService.ValidateAsync (BuildDayResults),Leave.RequestCreate,n/a,1,LEAVE-REQ-004,0,,,
07-leave,Request Creation,F-LEAVE-144,"A multi-day request spans StartDate..EndDate inclusive, one LeaveRequestDay row per calendar day (chargeable per-day per the resolved calendar rule)",Implemented,LeaveRequestPreviewPage date-range picker,POST /api/leave-requests,LeaveRequestSubmissionService.SubmitAttemptAsync,Leave.RequestCreate,"LeaveRequests, LeaveRequestDays",1,LEAVE-REQ-005,0,,,
07-leave,Request Creation,F-LEAVE-145,"Allocated entitlement with sufficient Available balance reserves the exact ChargeableQuantity atomically alongside request creation (same transaction) - Reserved increases, Available decreases by the same amount immediately on submit, before any approval",Implemented,LeaveRequestPreviewPage submit success -> balance panel updates,POST /api/leave-requests,LeaveRequestSubmissionService.SubmitAttemptAsync; LeaveBalanceAccountingService.ReserveAsync,Leave.RequestCreate,"EmployeeLeaveBalances, LeaveBalanceTransactions, LeaveEntitlementGrants",1,LEAVE-REQ-006,0,,,
07-leave,Request Creation,F-LEAVE-146,"Insufficient Available balance for an Allocated LeaveType rejects the WHOLE submission Conflict ('InsufficientLeaveBalance') - no partial reservation, no request row is persisted (transaction rolled back)",Implemented,LeaveRequestPreviewPage submit error banner,POST /api/leave-requests,LeaveBalanceAccountingService.ApplyGrantAllocationsAsync/ApplyProjection,Leave.RequestCreate,EmployeeLeaveBalances,1,LEAVE-REQ-007,0,,,
07-leave,Request Creation,F-LEAVE-147,"A new request whose date range overlaps ANY day of the employee's own existing PendingApproval or Approved request is rejected Conflict ('Overlap') - checked at the LeaveRequestDay grain, so even a one-day overlap within a longer range blocks the whole new request",Implemented,LeaveRequestPreviewPage submit error banner,POST /api/leave-requests,LeaveRequestSubmissionService.HasBlockingOverlapAsync,Leave.RequestCreate,LeaveRequestDays,1,LEAVE-REQ-008,0,,,
07-leave,Request Creation,F-LEAVE-148,"A duplicate submission (SAME idempotencyKey, employee) replays the ORIGINAL result (200, not 201) if the payload fingerprint matches exactly - a resubmission with the same key but a DIFFERENT payload (different dates/leaveType) is rejected Conflict ('IdempotencyConflict')",Implemented,"n/a (client-generated idempotency key, e.g. a UUID per form-submit click)",POST /api/leave-requests,LeaveRequestSubmissionService.FindExistingAsync/ReplayOrConflictAsync,Leave.RequestCreate,LeaveRequests,1,LEAVE-REQ-009,0,,,
07-leave,Request Creation,F-LEAVE-149,"A past date (before today) is accepted only if the resolved RequestRule's BackdatedRequestMode allows it (Allowed unconditionally, or AllowedUpToDays within the configured day limit) - otherwise Invalid ('BackdatedRequestNotAllowed'/'BackdateLimitExceeded')",Implemented,LeaveRequestPreviewPage date picker allows past dates; server enforces the real rule,POST /api/leave-requests/preview,LeaveRequestValidationService.ValidateRequestTiming,Leave.RequestCreate,n/a,1,LEAVE-REQ-010,0,,,
07-leave,Request Creation,F-LEAVE-150,Today's date is accepted subject to MinimumAdvanceNoticeDays (0 imposes no restriction on same-day requests; >0 rejects a same-day or near-term request as 'AdvanceNoticeNotMet'),Implemented,LeaveRequestPreviewPage date picker,POST /api/leave-requests/preview,LeaveRequestValidationService.ValidateRequestTiming,Leave.RequestCreate,n/a,1,LEAVE-REQ-011,0,,,
07-leave,Request Creation,F-LEAVE-151,A future date beyond MinimumAdvanceNoticeDays is always accepted on the timing dimension regardless of how far in the future (no maximum-advance-booking limit exists in the runtime),Implemented,LeaveRequestPreviewPage date picker,POST /api/leave-requests/preview,LeaveRequestValidationService.ValidateRequestTiming,Leave.RequestCreate,n/a,1,LEAVE-REQ-012,0,,,
07-leave,Request Creation,F-LEAVE-152,"EndDate before StartDate is rejected 400 at the shape-validation stage, before any identity/policy lookup occurs",Implemented,LeaveRequestPreviewPage date-range picker validation,POST /api/leave-requests/preview,LeaveRequestValidationService.ValidateShape,Leave.RequestCreate,n/a,1,LEAVE-REQ-013,0,,,
07-leave,Request Creation,F-LEAVE-153,"A date range whose every day is excluded (all weekly-off/holiday, chargeable quantity sums to zero) is rejected Invalid ('no working days') even though the shape and policy resolution otherwise succeed",Implemented,LeaveRequestPreviewPage submit error,POST /api/leave-requests/preview,LeaveRequestValidationService.ValidateAsync (quantity==0 check),Leave.RequestCreate,n/a,1,LEAVE-REQ-014,0,,,
07-leave,Request Creation,F-LEAVE-154,"MinimumRequestQuantity/MaximumRequestQuantity bound the request's total ChargeableQuantity (not RequestedQuantity) - a request whose chargeable total (after excluding holidays/weekly-offs) falls outside the configured range is Invalid, even if the RAW calendar span would have been in range",Implemented,LeaveRequestPreviewPage submit error,POST /api/leave-requests/preview,LeaveRequestValidationService.ValidateAsync,Leave.RequestCreate,n/a,1,LEAVE-REQ-015,0,,,
07-leave,Request Creation,F-LEAVE-155,MaximumConsecutiveQuantity bounds the LONGEST unbroken run of consecutive chargeable days within the request (a weekly-off/holiday in the middle resets the run) - exceeding it is Invalid ('MaximumConsecutiveLeaveExceeded'),Implemented,LeaveRequestPreviewPage submit error,POST /api/leave-requests/preview,LeaveRequestValidationService.MaximumConsecutiveQuantity,Leave.RequestCreate,n/a,1,LEAVE-REQ-016,0,,,
07-leave,Request Creation,F-LEAVE-156,"MaximumRequestsPerPeriod/MaximumQuantityPerPeriod, scoped to RequestLimitPeriod=Month, aggregate the CANDIDATE request together with the employee's OTHER PendingApproval/Approved requests whose days fall in the SAME calendar month(s) the candidate touches - a candidate spanning 2 months is checked against each month's own cap independently",Implemented,LeaveRequestPreviewPage submit error,POST /api/leave-requests/preview,LeaveRequestValidationService.ValidatePeriodLimitsAsync,Leave.RequestCreate,LeaveRequestDays,1,LEAVE-REQ-017,0,,,
07-leave,Request Creation,F-LEAVE-157,MaximumRequestsPerPeriod/MaximumQuantityPerPeriod scoped to RequestLimitPeriod=LeavePeriod aggregate across the WHOLE resolved LeavePeriod instead of per-month,Implemented,LeaveRequestPreviewPage submit error,POST /api/leave-requests/preview,LeaveRequestValidationService.ValidatePeriodLimitsAsync,Leave.RequestCreate,LeaveRequests,1,LEAVE-REQ-018,0,,,
07-leave,Request Creation,F-LEAVE-158,"A request under revalidation for its OWN idempotency key excludes its own prior (if any) rows from the period-limit aggregation, so retrying/replaying the identical key never double-counts itself",Implemented,n/a,POST /api/leave-requests/preview,LeaveRequestValidationService.ValidatePeriodLimitsAsync (IdempotencyKey != this key filter),Leave.RequestCreate,LeaveRequests,1,LEAVE-REQ-019,0,,,
07-leave,Request Creation,F-LEAVE-159,"'Reason' / free-text remarks and file attachments have NO field anywhere in LeaveRequestSubmissionRequest/LeaveRequest - the submission payload is exactly {leaveTypeId, startDate, endDate, idempotencyKey}; there is no reason/comment/attachment capability in the current runtime at all (long-reason, special-character, and attachment test intents from the brief have no surface to exercise)",Needs clarification,LeaveRequestPreviewPage has no reason/comment/attachment field,POST /api/leave-requests,LeaveRequestSubmissionInput/LeaveRequestSubmissionRequest,Leave.RequestCreate,LeaveRequests,1,LEAVE-REQ-020,0,,,
07-leave,Request Creation,F-LEAVE-160,"A request against a policy in a CLOSED (i.e. already period-closed) LeavePeriod is not specially detected as 'closed' - LeavePeriod itself has no IsClosed flag; only IsActive and date containment gate resolution, so a request whose date falls within an inactive/expired period's range simply fails LeavePeriodResolver's own NotConfigured/date-window checks like any other unmatched date",Needs clarification,n/a,POST /api/leave-requests/preview,LeavePeriodResolver.ResolveAsync,Leave.RequestCreate,LeavePeriods,1,LEAVE-REQ-021,0,,,
07-leave,Request Creation,F-LEAVE-161,"A request against an INACTIVE LeavePolicy or a Draft/Retired-only version resolves NoPolicy and is rejected, identically to having no policy configured at all",Implemented,n/a,POST /api/leave-requests/preview,LeavePolicyResolver.ResolveAsync,Leave.RequestCreate,"LeavePolicies, LeavePolicyVersions",1,LEAVE-REQ-022,0,,,
07-leave,Request Creation,F-LEAVE-162,A request for an employee whose EMPLOYMENT status resolves to non-Active at the request date is rejected Forbidden regardless of every other check passing,Implemented,n/a,POST /api/leave-requests/preview,LeaveRequestValidationService.ValidateEmploymentContext,Leave.RequestCreate,EmployeeEmploymentHistory,1,LEAVE-REQ-023,0,,,
07-leave,Request Creation,F-LEAVE-163,"There is no 'manager unavailable' concept in submission itself - submission never resolves or requires a manager; manager resolution happens only later, at Approval-inbox read time (F-LEAVE-186+) - a request submits successfully even for an employee who currently has NO resolvable manager, and simply never appears in anyone's approval inbox until one is assigned",Needs clarification,n/a,POST /api/leave-requests,LeaveRequestSubmissionService.SubmitAttemptAsync (no manager resolution call),Leave.RequestCreate,LeaveRequests,1,LEAVE-REQ-024,0,,,
07-leave,Working Days,F-LEAVE-164,"Manage Holidays (Name, Date, optional CountryLocationId/WorkLocationId scoping, IsActive) - a holiday with neither Country nor WorkLocation is tenant-wide",Implemented,LeaveWorkingDayCalendarPage Holidays tab,GET/POST/PUT/DELETE /api/holidays[/{id}],LeaveWorkingDayConfigurationService.*HolidayAsync,Leave.PolicyView / Leave.PolicyManage,Holidays,1,LEAVE-WD-001,0,,,
07-leave,Working Days,F-LEAVE-165,"DELETE /api/holidays/{id} is a soft-deactivate (IsActive=false), not a row delete - history/reporting continue to reference the holiday",Implemented,LeaveWorkingDayCalendarPage Holidays tab delete action,DELETE /api/holidays/{id},LeaveWorkingDayConfigurationService.DeactivateHolidayAsync,Leave.PolicyManage,Holidays,1,LEAVE-WD-002,0,,,
07-leave,Working Days,F-LEAVE-166,"Manage Weekly-Off configurations (effective-dated, optional Country/WorkLocation scope, a SET of DayOfWeek values) - overlapping active configurations for the SAME scope (Country+WorkLocation) are rejected Conflict",Implemented,LeaveWorkingDayCalendarPage Weekly Off tab,GET/POST/PUT /api/weekly-off-configurations[/{id}],LeaveWorkingDayConfigurationService.SaveWeeklyOffAsync,Leave.PolicyView / Leave.PolicyManage,"WeeklyOffConfigurations, WeeklyOffDays",1,LEAVE-WD-003,0,,,
07-leave,Working Days,F-LEAVE-167,"An empty Days set, or any undefined DayOfWeek value, is rejected 400 on Weekly-Off create/update",Implemented,LeaveWorkingDayCalendarPage Weekly Off tab validation,POST/PUT /api/weekly-off-configurations[/{id}],LeaveWorkingDayConfigurationService.SaveWeeklyOffAsync,Leave.PolicyManage,n/a,1,LEAVE-WD-004,0,,,
07-leave,Working Days,F-LEAVE-168,Alternate/rotating weekly-off patterns (e.g. every 2nd/4th Saturday) are NOT supported - Weekly-Off is a fixed SET of DayOfWeek values effective over a date range; there is no rotation/rule-based weekend model in this codebase,Needs clarification,LeaveWorkingDayCalendarPage Weekly Off tab (fixed day checkboxes only),POST /api/weekly-off-configurations,WeeklyOffConfigurationRequest (Days: number[] only),Leave.PolicyManage,WeeklyOffDays,1,LEAVE-WD-005,0,,,
07-leave,Working Days,F-LEAVE-169,"A request whose CalendarRule.HolidayTreatment/WeekOffTreatment=Include (the day counts as chargeable leave even though it is a holiday/weekly-off) is honored per-day in BuildDayResults - the day's own ChargeableQuantity is 1.000 instead of 0, with CalculationReason recorded as 'Included by Leave policy'",Implemented,LeavePolicyCalendarSection HolidayTreatment/WeekOffTreatment=Include,POST /api/leave-requests/preview,LeaveRequestValidationService.BuildDayResults,Leave.RequestCreate,n/a,1,LEAVE-WD-006,0,,,
07-leave,Working Days,F-LEAVE-170,"Exclude (the default) zeroes ChargeableQuantity for a holiday/weekly-off day, with a distinct CalculationReason ('Holiday: {name}' vs 'Weekly off')",Implemented,LeaveRequestPreviewPage per-day breakdown,POST /api/leave-requests/preview,LeaveRequestValidationService.BuildDayResults,Leave.RequestCreate,n/a,1,LEAVE-WD-007,0,,,
07-leave,Working Days,F-LEAVE-171,A request starting or ending exactly on a weekly-off/holiday day still submits successfully as long as at least one other day in the range is chargeable,Implemented,LeaveRequestPreviewPage per-day breakdown,POST /api/leave-requests/preview,LeaveRequestValidationService.ValidateAsync,Leave.RequestCreate,n/a,1,LEAVE-WD-008,0,,,
07-leave,Working Days,F-LEAVE-172,"Sandwich rules (treating a weekly-off/holiday BETWEEN two leave days, or a prefix/suffix day adjacent to leave, as chargeable) are a fully modeled configuration (SandwichMode, ApplyToPrefix/Suffix/Between) but are UNREACHABLE at runtime - ValidateSupportedPolicy rejects any non-Disabled sandwich configuration outright (CR-81); a request spanning a weekend/holiday under such a policy never reaches day-by-day sandwich logic because Preview fails first with UnsupportedConfiguration",Needs clarification,LeavePolicyCalendarSection Sandwich fields,POST /api/leave-requests/preview,LeaveRequestValidationService.ValidateSupportedPolicy,Leave.RequestCreate,n/a,1,LEAVE-WD-009,0,,,
07-leave,Working Days,F-LEAVE-173,A change to the Weekly-Off configuration (e.g. adding Sunday as a working day) or a newly added Holiday applies only to FUTURE Preview/Submit calls that resolve the calendar for an affected date - it has no retroactive effect on already-persisted LeaveRequestDay rows for approved/past requests,Implemented,LeaveWorkingDayCalendarPage save,POST /api/leave-requests/preview (after a config change),IWorkingDayCalendarResolver.CalculateAsync (resolved fresh per call),Leave.RequestCreate,"Holidays, WeeklyOffConfigurations",1,LEAVE-WD-010,0,,,
07-leave,Working Days,F-LEAVE-174,"Working-day resolution is DATE-only (DateOnly) throughout the Leave runtime - there is no timezone-aware calculation; a Holiday/WeeklyOff date match is a plain calendar-date equality, with no client-timezone-vs-server-timezone ambiguity to test beyond date-boundary correctness",Implemented,n/a,POST /api/leave-requests/preview,LeaveRequestValidationService/IWorkingDayCalendarResolver,Leave.RequestCreate,n/a,1,LEAVE-WD-011,0,,,
07-leave,Reservation/Concurrency,F-LEAVE-175,"Submission reserves balance against the OLDEST-expiring LeaveEntitlementGrant(s) first (grants ordered by ExpiresOn nulls-last, then GrantedOn, then Id) - a single request may span MULTIPLE grants if the first grant's own AvailableQuantity is insufficient alone",Implemented,n/a,POST /api/leave-requests,LeaveBalanceAccountingService.ApplyGrantAllocationsAsync (Reservation branch),Leave.RequestCreate,"LeaveEntitlementGrants, LeaveBalanceReservationAllocations",1,LEAVE-CONC-001,0,,,
07-leave,Reservation/Concurrency,F-LEAVE-176,Approval CONSUMES the existing reservation (Reserved->Consumed transfer on both the aggregate balance and each underlying grant/allocation) - it never creates a fresh reservation; approving a request with no matching reservation (an inconsistent state) is rejected Conflict ('AllocatedReservationNotFound'),Implemented,n/a,POST /api/leave-requests/{requestId}/approve,LeaveRequestApprovalService.ApplyAllocatedAccountingAsync; LeaveBalanceAccountingService.ConsumeReservationAsync,Leave.Approve,"EmployeeLeaveBalances, LeaveEntitlementGrants, LeaveBalanceReservationAllocations",2,"LEAVE-CONC-002, LEAVE-CONC-003",0,,,
07-leave,Reservation/Concurrency,F-LEAVE-177,"Rejection RELEASES the reservation (Reserved decreases, Available increases back) via the same grant-allocation rows, distinct from Approval's Consume path",Implemented,n/a,POST /api/leave-requests/{requestId}/reject,LeaveRequestApprovalService.ApplyAllocatedAccountingAsync; LeaveBalanceAccountingService.ReleaseReservationAsync,Leave.Approve,"EmployeeLeaveBalances, LeaveEntitlementGrants",1,LEAVE-CONC-004,0,,,
07-leave,Reservation/Concurrency,F-LEAVE-178,Withdrawal (of a still-PendingApproval request) releases the reservation identically to Rejection,Implemented,n/a,POST /api/leave-requests/{requestId}/withdraw,LeaveRequestWithdrawalService.AttemptAsync; LeaveBalanceAccountingService.ReleaseReservationAsync,Leave.RequestWithdrawOwn,EmployeeLeaveBalances,1,LEAVE-CONC-005,0,,,
07-leave,Reservation/Concurrency,F-LEAVE-179,"Cancellation (of an Approved request) RESTORES the consumed quantity back to Available (Consumed decreases) via RestoreConsumptionAsync - the inverse of Approval's Consume, not a second Release",Implemented,n/a,POST /api/leave-requests/{requestId}/cancel,LeaveRequestCancellationService.AttemptAsync; LeaveBalanceAccountingService.RestoreConsumptionAsync,Leave.RequestCancelOwn,"EmployeeLeaveBalances, LeaveEntitlementGrants",1,LEAVE-CONC-006,0,,,
07-leave,Reservation/Concurrency,F-LEAVE-180,Two concurrent submissions for the SAME employee are serialized by IEmployeeSerializationLock (an Employee-scoped advisory lock acquired before the balance read) - only one can observe/consume the Available balance at a time; the second either succeeds against the now-reduced balance or fails Conflict if insufficient,Implemented,n/a,POST /api/leave-requests (concurrent),LeaveRequestSubmissionService.AttemptAsync (_submissionLock.AcquireAsync),Leave.RequestCreate,EmployeeLeaveBalances,1,LEAVE-CONC-007,0,,,
07-leave,Reservation/Concurrency,F-LEAVE-181,Two concurrent requests whose COMBINED chargeable quantity exceeds Available balance: only the first to acquire the lock and pass the balance check succeeds; the second sees the now-reduced Available and is rejected Conflict ('InsufficientLeaveBalance') - no over-reservation is possible under the employee lock,Implemented,n/a,"POST /api/leave-requests (concurrent, same employee)",LeaveBalanceAccountingService.ApplyProjection,Leave.RequestCreate,EmployeeLeaveBalances,1,LEAVE-CONC-007,0,,,
07-leave,Reservation/Concurrency,F-LEAVE-182,"A transient deadlock (classified via IDatabaseTransientErrorClassifier) during submission/approval/withdrawal/cancellation is retried up to LeaveRequestSubmissionRetryPolicy.MaximumAttempts (3) with a short fixed delay; exhausting retries returns Conflict ('ConcurrencyConflict'), never an unhandled 500",Implemented,n/a,"POST /api/leave-requests, /approve, /reject, /withdraw, /cancel",LeaveRequestSubmissionRetryPolicy.ExecuteAsync,n/a,n/a,1,LEAVE-CONC-008,0,,,
07-leave,Reservation/Concurrency,F-LEAVE-183,"MySQL's submission/approval/withdrawal/cancellation locking uses MySqlLeaveRequestSubmissionLock (an application-level lock, e.g. GET_LOCK/advisory row); deadlock 1213 is retried, lock-wait-timeout 1205 is deliberately NOT retried (surfaces as a conflict immediately) - per CLAUDE.md's documented provider divergence",Implemented,n/a,POST /api/leave-requests (MySQL provider),MySqlLeaveRequestSubmissionLock,n/a,n/a,1,LEAVE-CONC-009,0,,,
07-leave,Reservation/Concurrency,F-LEAVE-184,"SQL Server's equivalent locking uses SqlServerLeaveRequestSubmissionLock (UPDLOCK, HOLDLOCK semantics) with SqlServerLeaveRequestSubmissionDeadlockClassifier recognizing SQL Server's own deadlock error number for the retry policy - a SEPARATE code path from the MySQL lock, exercised only when HRMS_SQLSERVER_TEST_CONNECTION is set",Implemented,n/a,POST /api/leave-requests (SQL Server provider),SqlServerLeaveRequestSubmissionLock; SqlServerLeaveRequestSubmissionDeadlockClassifier,n/a,n/a,1,LEAVE-CONC-010,0,,,
07-leave,Reservation/Concurrency,F-LEAVE-185,"A worker/process restart mid-accrual or mid-reminder-run is safe by construction - occurrence/delivery claim rows use a lease (ClaimToken+LeaseExpiresAtUtc) that expires and becomes reclaimable, so an abandoned in-flight item is eventually retried rather than stuck forever",Implemented,n/a,n/a,LeaveAccrualProcessor.ClaimAsync; LeaveApprovalReminderProcessor.TryClaimAsync,n/a,"LeaveAccrualOccurrences, LeaveReminderDeliveries",1,LEAVE-CONC-011,0,,,
07-leave,Approval,F-LEAVE-186,"An employee cannot approve/reject their OWN request under any circumstance - AuthorizeAsync's first check is an unconditional identity.EmployeeId==request.EmployeeId => Forbidden, evaluated before any permission/manager/scope lookup",Implemented,LeaveApprovalsPage never lists the caller's own requests (query itself excludes self),POST /api/leave-requests/{requestId}/approve,LeaveRequestApprovalService.AuthorizeAsync,Leave.Approve,n/a,1,LEAVE-APPR-001,0,,,
07-leave,Approval,F-LEAVE-187,"The CURRENT direct manager (resolved as-of TODAY via IEmployeeManagerResolver against EmployeeEmploymentHistory.ManagerId, non-superseded, effective-dated) may approve/reject, provided they also hold Leave.Approve",Implemented,LeaveApprovalsPage inbox,POST /api/leave-requests/{requestId}/approve,"LeaveRequestApprovalService.AuthorizeAsync (legacy path) / LeaveAuthorizationService.CanAccessEmployeeAsync (new path, includeManager)",Leave.Approve,EmployeeEmploymentHistory,1,LEAVE-APPR-002,0,,,
07-leave,Approval,F-LEAVE-188,An UNRELATED manager (holds Leave.Approve but is not this employee's current manager and has no matching role-scope) cannot approve/reject - Forbidden ('ApproverNotAuthorized'),Implemented,LeaveApprovalsPage inbox excludes the request entirely,POST /api/leave-requests/{requestId}/approve,LeaveRequestApprovalService.AuthorizeAsync,Leave.Approve,n/a,1,LEAVE-APPR-003,0,,,
07-leave,Approval,F-LEAVE-189,"Approving/rejecting a request that is no longer PendingApproval (already Approved/Rejected/Withdrawn/Cancelled) is rejected Conflict ('InvalidStatusTransition') - repeated approval/rejection is NOT idempotent, unlike some other Leave transitions",Implemented,LeaveApprovalsPage action buttons disabled once status changes,POST /api/leave-requests/{requestId}/approve (second call),LeaveRequestApprovalService.AttemptAsync,Leave.Approve,LeaveRequests,1,LEAVE-APPR-004,0,,,
07-leave,Approval,F-LEAVE-190,"Approval after the employee has since Cancelled/Withdrawn their own request (a race between the two actors) fails Conflict for whichever caller loses the race, under the shared per-employee lock",Implemented,n/a,POST /api/leave-requests/{requestId}/approve (concurrent with /cancel or /withdraw),LeaveRequestApprovalService.AttemptAsync (_employeeLock.AcquireAsync),Leave.Approve,LeaveRequests,1,LEAVE-APPR-005,0,,,
07-leave,Approval,F-LEAVE-191,"Approval after the EMPLOYEE'S OWN status has since changed (e.g. separated) is NOT specially blocked by the approval service itself - AuthorizeAsync checks the APPROVER's identity/permission/manager relationship, never the request-owning employee's current Employee.Status; approval succeeds as long as the request is still PendingApproval and the approver is authorized (see CR-53 cross-reference)",Needs clarification,n/a,POST /api/leave-requests/{requestId}/approve,LeaveRequestApprovalService.AttemptAsync,Leave.Approve,Employees,1,LEAVE-APPR-006,0,,,
07-leave,Approval,F-LEAVE-192,"If the employee's manager CHANGES after a request is already submitted, approval authority is resolved against the CURRENT (today's) manager relationship at the moment Approve/Reject is called - the OLD manager (who was the manager at submission time) loses approval rights, the NEW manager gains them, for the SAME still-pending request",Implemented,n/a,POST /api/leave-requests/{requestId}/approve,"LeaveRequestApprovalService.AuthorizeAsync (asOfDate = today, not request.SubmittedAtUtc)",Leave.Approve,EmployeeEmploymentHistory,1,LEAVE-APPR-007,0,,,
07-leave,Approval,F-LEAVE-193,"A FUTURE-dated manager change (EffectiveFrom in the future) does NOT yet grant the new manager approval rights - IEmployeeManagerResolver's own current-manager resolution requires the assignment to be effective as of TODAY, unlike the Module-6 CR-70 Manager-ROLE-grant gap which fires early; here the LEAVE approval-scope check is correctly bounded by EffectiveFrom",Implemented,n/a,POST /api/leave-requests/{requestId}/approve,LeaveRequestApprovalService.AuthorizeAsync; IEmployeeManagerResolver.ResolveAsync,Leave.Approve,EmployeeEmploymentHistory,1,LEAVE-APPR-008,0,,,
07-leave,Approval,F-LEAVE-194,"An employee with NO current manager (ManagerId null on the effective employment row) can never have their request approved via the manager path - only a role-scoped approver (HRBP/SuperHR/etc. holding Leave.Approve with a matching scope) can act on it; if neither exists, the request is permanently stuck PendingApproval with no supported escalation",Needs clarification,LeaveApprovalsPage - request never appears in ANY inbox,GET /api/leave-approvals,LeaveApprovalReadService.GetInboxAsync,Leave.Approve,EmployeeEmploymentHistory,1,LEAVE-APPR-009,0,,,
07-leave,Approval,F-LEAVE-195,"There is no HR-blanket-approval or multi-level/escalation approval path anywhere in the Leave module - exactly one Approve/Reject action by one authorized actor resolves the request; HRBP/SuperHR act as an ALTERNATIVE authorized approver via role-scope, not a second required approval step",Implemented,n/a,POST /api/leave-requests/{requestId}/approve,LeaveRequestApprovalService.TransitionAsync,Leave.Approve,n/a,1,LEAVE-APPR-010,0,,,
07-leave,Approval,F-LEAVE-196,"Approving Allocated-entitlement leave, when the entitlement mode/reservation is somehow inconsistent (e.g. the balance-accounting service is unavailable), fails Conflict ('AllocatedReservationNotFound') rather than silently approving without accounting",Implemented,n/a,POST /api/leave-requests/{requestId}/approve,LeaveRequestApprovalService.ApplyAllocatedAccountingAsync,Leave.Approve,n/a,1,LEAVE-APPR-011,0,,,
07-leave,Approval,F-LEAVE-197,Approving a request whose LeaveType.IsCompOff=true routes through CompOffService.ConsumeAsync instead of LeaveBalanceAccountingService - a mismatched/unavailable Comp-Off service fails the approval Conflict rather than silently falling back to standard Leave accounting,Implemented,n/a,POST /api/leave-requests/{requestId}/approve (Comp-Off leave type),LeaveRequestApprovalService.ApplyAllocatedAccountingAsync,Leave.Approve,"CompOffLeaveAllocations, CompOffLedgerEntries",1,LEAVE-APPR-012,0,,,
07-leave,Approval,F-LEAVE-198,Approval of a request that has attendance integration wired (IAttendanceDayProcessor present) re-processes the Attendance day for every date in the approved range AFTER the DB save but BEFORE commit - a processing failure rolls back the ENTIRE approval transaction (the leave stays PendingApproval),Implemented,n/a,POST /api/leave-requests/{requestId}/approve,LeaveRequestApprovalService.AttemptAsync (attendance processing loop),Leave.Approve,EmployeeAttendanceDays,1,LEAVE-APPR-013,0,,,
07-leave,Manager Inbox,F-LEAVE-199,"The inbox (GET /api/leave-approvals) lists ONLY PendingApproval requests whose employee is within the caller's authorized scope (current direct reports via includeManager, plus any role-scope match via includeRoleScope) - it is a live, always-current query, not a stored assignment",Implemented,LeaveApprovalsPage inbox list,GET /api/leave-approvals,LeaveApprovalReadService.GetInboxAsync,Leave.Approve,"LeaveRequests, Employees",1,LEAVE-INBOX-001,0,,,
07-leave,Manager Inbox,F-LEAVE-200,"An unrelated employee's PendingApproval request NEVER appears in a manager's inbox, even if that manager holds Leave.Approve broadly",Implemented,LeaveApprovalsPage inbox,GET /api/leave-approvals,LeaveApprovalReadService.GetInboxAsync,Leave.Approve,n/a,1,LEAVE-INBOX-001,0,,,
07-leave,Manager Inbox,F-LEAVE-201,"Inbox rows carry the employee's code/name (joined from Employee) and the request's own fields - paged (page/pageSize, 1-100 bounds validated) and sorted by SubmittedAtUtc desc then Id desc",Implemented,LeaveApprovalsPage inbox columns/pagination,GET /api/leave-approvals,LeaveApprovalReadService.GetInboxAsync,Leave.Approve,Employees,1,LEAVE-INBOX-002,0,,,
07-leave,Manager Inbox,F-LEAVE-202,"A page/pageSize outside [1,∞)/[1,100] is rejected Invalid before any query executes",Implemented,n/a,GET /api/leave-approvals?page=0,LeaveApprovalReadService.GetInboxAsync,Leave.Approve,n/a,1,LEAVE-INBOX-002,0,,,
07-leave,Manager Inbox,F-LEAVE-203,"A large inbox (many pending requests across many direct/scoped reports) is served through the same paged query with no separate large-data code path - correctness under volume is a matter of index/query-plan efficiency, not application logic branching",Implemented,LeaveApprovalsPage pagination controls,GET /api/leave-approvals?pageSize=100,LeaveApprovalReadService.GetInboxAsync,Leave.Approve,LeaveRequests,1,LEAVE-INBOX-003,0,,,
07-leave,Manager Inbox,F-LEAVE-204,"GetById (single-request detail read) applies the SAME scope check as the inbox list - a request outside the caller's scope 404s (NotFound), not 403, to avoid confirming the request's existence to an unauthorized caller",Implemented,LeaveApprovalsPage detail drawer,GET /api/leave-approvals/{requestId},LeaveApprovalReadService.GetByIdAsync,Leave.Approve,n/a,1,LEAVE-INBOX-004,0,,,
07-leave,Manager Inbox,F-LEAVE-205,"A HISTORICAL (already Approved/Rejected) request is visible via GetById as long as the caller is still in scope TODAY - scope is re-evaluated at read time, not frozen at the time the request was actioned",Implemented,"LeaveApprovalsPage detail drawer, historical tab",GET /api/leave-approvals/{requestId},LeaveApprovalReadService.GetByIdAsync,Leave.Approve,n/a,1,LEAVE-INBOX-005,0,,,
07-leave,Manager Inbox,F-LEAVE-206,Tenant A's approver never sees Tenant B's pending requests in the inbox - enforced by the same tenant-shard database boundary as every other Leave query (no explicit belt-and-suspenders TenantId filter was found missing here),Implemented,n/a,GET /api/leave-approvals,LeaveApprovalReadService.GetInboxAsync,Leave.Approve,LeaveRequests,1,LEAVE-INBOX-006,0,,,
07-leave,Cancellation,F-LEAVE-207,"Withdraw is the employee's OWN action on a still-PendingApproval request (before any manager has acted) - it releases the reservation and sets Status=Withdrawn; only the OWNING employee may withdraw (a mismatched EmployeeId is NotFound, not Forbidden)",Implemented,MyLeaveRequestsPage 'Withdraw' action,POST /api/leave-requests/{requestId}/withdraw,LeaveRequestWithdrawalService.AttemptAsync,Leave.RequestWithdrawOwn,LeaveRequests,2,"LEAVE-CANCEL-001, LEAVE-CANCEL-002",0,,,
07-leave,Cancellation,F-LEAVE-208,Withdrawing a request that is no longer PendingApproval (already Approved/Rejected/Withdrawn/Cancelled) is rejected Conflict ('InvalidStatusTransition'),Implemented,MyLeaveRequestsPage 'Withdraw' button disabled once status changes,POST /api/leave-requests/{requestId}/withdraw,LeaveRequestWithdrawalService.AttemptAsync,Leave.RequestWithdrawOwn,LeaveRequests,1,LEAVE-CANCEL-003,0,,,
07-leave,Cancellation,F-LEAVE-209,"Cancel is the employee's OWN action on an ALREADY-Approved request - it is gated by the resolved policy rule's own CancellationRule.CancelAllowed (false blocks it Conflict, 'CancellationNotAllowed'), and restores the CONSUMED quantity (not a reservation release, since Approval already consumed it)",Implemented,MyLeaveRequestsPage 'Cancel' action (visible only when CancelAllowed),POST /api/leave-requests/{requestId}/cancel,LeaveRequestCancellationService.AttemptAsync,Leave.RequestCancelOwn,"LeaveRequests, EmployeeLeaveBalances",2,"LEAVE-CANCEL-004, LEAVE-CANCEL-005",0,,,
07-leave,Cancellation,F-LEAVE-210,"Cancelling a request that is not currently Approved (e.g. already Cancelled, still Pending, or Rejected) is rejected Conflict ('InvalidStatusTransition') - only Approved->Cancelled is a legal transition for this action",Implemented,MyLeaveRequestsPage 'Cancel' button hidden/disabled otherwise,POST /api/leave-requests/{requestId}/cancel,LeaveRequestCancellationService.AttemptAsync,Leave.RequestCancelOwn,LeaveRequests,1,LEAVE-CANCEL-006,0,,,
07-leave,Cancellation,F-LEAVE-211,"There is no MANAGER-initiated cancellation anywhere in the API surface - LeaveRequestsController's Cancel action is gated by Leave.RequestCancelOwn only, and the service itself hard-requires request.EmployeeId==identity.EmployeeId; a manager cannot cancel a direct report's approved leave on their behalf",Needs clarification,LeaveApprovalsPage has no Cancel action for a historical Approved request,POST /api/leave-requests/{requestId}/cancel (as the request's manager),LeaveRequestCancellationService.AttemptAsync (request.EmployeeId != identity.EmployeeId check),Leave.RequestCancelOwn,n/a,1,LEAVE-CANCEL-007,0,,,
07-leave,Cancellation,F-LEAVE-212,"Cancellation after the LeavePeriod containing the request has since closed (LeavePeriodCloseProcessor has already run and lapsed/carried the balance) is NOT specially detected - RestoreConsumptionAsync restores into the SAME EmployeeLeaveBalance row the original consumption came from, which may already be zeroed out by period close; verify whether this can drive Consumed negative or silently succeed against a stale balance",Needs clarification,n/a,POST /api/leave-requests/{requestId}/cancel (after period close),LeaveBalanceAccountingService.ApplyProjection (CancellationRestore branch),Leave.RequestCancelOwn,"EmployeeLeaveBalances, LeavePeriodCloseOccurrences",1,LEAVE-CANCEL-008,0,,,
07-leave,Cancellation,F-LEAVE-213,"A repeated Cancel/Withdraw call on an already-Cancelled/Withdrawn request is rejected Conflict, not idempotently accepted - unlike SuperHR-revocation-style idempotency seen elsewhere in the product, Leave's own lifecycle transitions are strictly single-shot",Implemented,n/a,POST /api/leave-requests/{requestId}/cancel (second call),LeaveRequestCancellationService.AttemptAsync,Leave.RequestCancelOwn,n/a,1,LEAVE-CANCEL-009,0,,,
07-leave,Cancellation,F-LEAVE-214,"Another employee attempting to cancel/withdraw a request that is not their own is rejected NotFound (the query itself filters by identity.EmployeeId, so the row is invisible rather than producing a 403)",Implemented,n/a,POST /api/leave-requests/{otherEmployeesRequestId}/cancel,LeaveRequestCancellationService.AttemptAsync,Leave.RequestCancelOwn,n/a,1,LEAVE-CANCEL-010,0,,,
07-leave,Comp Off,F-LEAVE-215,"Comp-Off is minute-based and policy-driven (CompOffPolicy: AllowWeekOff/AllowHoliday/AllowOvertimeSource, MinimumWorkedMinutes, CreditRatio, RoundingMode/Minutes, per-day/per-month credit caps, ExpiryDays/Months, RequireCreditApproval, BenefitMode) - configured via CompOffController's admin endpoints, no dedicated policy-editor page was found in the frontend inventory (verify against CompOffPage/CompOffOperationsPage)",Implemented,n/a - policy management appears API-only; CompOffPage/CompOffOperationsPage are self-service and operational views only,POST /api/attendance/comp-off/policies,CompOffService.CreatePolicyAsync,Attendance.CompOff.Manage,CompOffPolicies,2,"LEAVE-COMPOFF-001, LEAVE-COMPOFF-030",0,,,
07-leave,Comp Off,F-LEAVE-216,"Earning a Comp-Off credit requires a RESOLVED (not Incomplete/NotProcessed) authoritative Attendance day, an effective policy for the work date, and the correct source-type gate (WeekOff requires AllowWeekOff+RosterDayType.WeeklyOff; Holiday requires AllowHoliday+RosterDayType.Holiday; Overtime requires AllowOvertimeSource)",Implemented,"n/a - system/attendance-triggered, not a self-service action",POST /api/attendance/comp-off/earnings,CompOffService.EarnAsync,Attendance.CompOff.Manage,"CompOffEarnings, EmployeeAttendanceDays",2,"LEAVE-COMPOFF-002, LEAVE-COMPOFF-003",0,,,
07-leave,Comp Off,F-LEAVE-217,BenefitMode governs monetary-Overtime vs Comp-Off exclusivity - OvertimeOnly always denies a Comp-Off credit; any source already tied to an Overtime snapshot is denied UNLESS BenefitMode=DualBenefit ('DoubleBenefitDenied'),Implemented,n/a,POST /api/attendance/comp-off/earnings,CompOffService.EarnAsync,Attendance.CompOff.Manage,CompOffPolicies,2,"LEAVE-COMPOFF-004, LEAVE-COMPOFF-005",0,,,
07-leave,Comp Off,F-LEAVE-218,"Credited minutes = Round(eligibleMinutes*CreditRatio, RoundingMode/Minutes), capped by MaximumCreditMinutesPerDay then by the REMAINING MaximumCreditMinutesPerMonth headroom (prior same-month non-Rejected credits are summed first)",Implemented,n/a,POST /api/attendance/comp-off/earnings,CompOffService.EarnAsync/Round,Attendance.CompOff.Manage,CompOffEarnings,3,"LEAVE-COMPOFF-006, LEAVE-COMPOFF-007, LEAVE-COMPOFF-008",0,,,
07-leave,Comp Off,F-LEAVE-219,"A duplicate Earn call for the SAME (AttendanceDayId, AttendanceVersion) source key is idempotent - it returns the EXISTING earning ('The source credit already exists') rather than double-crediting",Implemented,n/a,POST /api/attendance/comp-off/earnings (repeated),CompOffService.EarnAsync (sourceKey SingleOrDefaultAsync),Attendance.CompOff.Manage,CompOffEarnings,1,LEAVE-COMPOFF-009,0,,,
07-leave,Comp Off,F-LEAVE-220,RequireCreditApproval=true credits enter PendingApproval and post NO ledger credit until Approved; false credits immediately as Approved with an immediate ledger Credit entry,Implemented,CompOffOperationsPage pending-approval filter,POST /api/attendance/comp-off/earnings/{earningId}/approve,CompOffService.DecideAsync,Attendance.CompOff.Approve,"CompOffEarnings, CompOffLedgerEntries",2,"LEAVE-COMPOFF-010, LEAVE-COMPOFF-011",0,,,
07-leave,Comp Off,F-LEAVE-221,A Rejected earning posts no ledger credit and never becomes available balance; deciding an already-decided (non-PendingApproval) earning is rejected Conflict,Implemented,CompOffOperationsPage,POST /api/attendance/comp-off/earnings/{earningId}/reject,CompOffService.DecideAsync,Attendance.CompOff.Approve,CompOffEarnings,2,"LEAVE-COMPOFF-011, LEAVE-COMPOFF-012",0,,,
07-leave,Comp Off,F-LEAVE-222,"GET .../balance/.../earnings/.../ledger are SELF-service-only (CurrentEmployee() resolved from the caller's own identity) - there is no {employeeId} route parameter, so a caller cannot view another employee's Comp-Off through these three endpoints regardless of permission",Implemented,CompOffPage self-service balance/earnings/ledger tabs,"GET /api/attendance/comp-off/balance, /earnings, /ledger",CompOffController.Balance/Earnings/Ledger (CurrentEmployee helper),Attendance.CompOff.ViewSelf,"CompOffLedgerEntries, CompOffEarnings",1,LEAVE-COMPOFF-013,0,,,
07-leave,Comp Off,F-LEAVE-223,A withdrawn/deleted employee identity (CurrentEmployee() resolves null) is rejected Unauthorized rather than defaulting to an empty balance,Implemented,n/a,GET /api/attendance/comp-off/balance,CompOffController.Balance,Attendance.CompOff.ViewSelf,n/a,1,LEAVE-COMPOFF-014,0,,,
07-leave,Comp Off,F-LEAVE-224,"The Operations query (manager/HR-facing, multi-employee) has NO [HasPermission] attribute on its controller action at all - only the controller-level [Authorize] gates it; authorization is enforced entirely INSIDE CompOffService.BuildOperationalScopeAsync, which itself tries CompOffViewAll -> CompOffViewTeam -> CompOffManage -> CompOffApprove -> CompOffViewHistory in turn and uses whichever first succeeds",Needs clarification,CompOffOperationsPage,GET /api/attendance/comp-off/operations,CompOffController.Operations; CompOffService.BuildOperationalScopeAsync,n/a (no declarative HasPermission - see CR-82),n/a,1,LEAVE-COMPOFF-015,0,,,
07-leave,Comp Off,F-LEAVE-225,"An Employee-role caller (holds only CompOffViewSelf, none of the 5 operational permissions) is rejected Forbidden by BuildOperationalScopeAsync's own fallback when calling Operations directly",Implemented,n/a,GET /api/attendance/comp-off/operations (as plain Employee),CompOffService.BuildOperationalScopeAsync,n/a,n/a,1,LEAVE-COMPOFF-016,0,,,
07-leave,Comp Off,F-LEAVE-226,"A Manager's Operations query is narrowed to self+direct-reports (CompOffViewTeam, includeManager=true); an unrelated employee's Comp-Off rows are excluded even though the endpoint itself has no HasPermission gate",Implemented,CompOffOperationsPage (Manager view),GET /api/attendance/comp-off/operations,CompOffService.BuildOperationalScopeAsync,n/a,n/a,1,LEAVE-COMPOFF-017,2,"xUnit CompOffOperationalQueryTests.Manager_operational_query_excludes_non_team_employee
xUnit CompOffOperationalQueryTests.Manager_operational_query_returns_team_only",,
07-leave,Comp Off,F-LEAVE-227,An HRBP's Operations query respects their own role-scope (e.g. Department) exactly as RoleScopeResolver/IAttendanceAuthorizationService defines it for Attendance-family permissions,Implemented,CompOffOperationsPage (HRBP view),GET /api/attendance/comp-off/operations,CompOffService.BuildOperationalScopeAsync,n/a,n/a,1,LEAVE-COMPOFF-018,1,xUnit CompOffOperationalQueryTests.HRBP_operational_query_respects_scope,,
07-leave,Comp Off,F-LEAVE-228,Comp-Off leave reservation (a request against an IsCompOff LeaveType) allocates against the OLDEST-expiring APPROVED earning(s) first - insufficient total available Comp-Off across all earnings rejects the whole reservation Conflict ('InsufficientCompOffBalance'),Implemented,n/a (transparent to the employee submitting a Comp-Off-type leave request),POST /api/leave-requests (Comp-Off leave type),CompOffService.ApplyLeaveAsync,Leave.RequestCreate,"CompOffLeaveAllocations, CompOffLedgerEntries",2,"LEAVE-COMPOFF-019, LEAVE-COMPOFF-020",2,"xUnit CompOffLeaveIntegrationTests.Insufficient_comp_off_blocks_leave
xUnit CompOffLeaveIntegrationTests.Multiple_earnings_allocate_earliest_expiry_first",,
07-leave,Comp Off,F-LEAVE-229,"Approving Comp-Off leave Consumes the reservation; Rejecting/Withdrawing Releases it; Cancelling an approved Comp-Off leave Restores it - the same 4-state ledger lifecycle as standard Allocated leave, mirrored through CompOffLedgerEntryType instead of LeaveBalanceTransactionType",Implemented,n/a,POST /api/leave-requests/{requestId}/approve|reject|withdraw|cancel (Comp-Off leave type),CompOffService.TransitionLeaveAsync,Leave.Approve / Leave.RequestWithdrawOwn / Leave.RequestCancelOwn,"CompOffLeaveAllocations, CompOffLedgerEntries",2,"LEAVE-COMPOFF-021, LEAVE-COMPOFF-022",2,"xUnit CompOffLeaveIntegrationTests.Leave_approval_consumes_reserved_comp_off
xUnit CompOffLeaveIntegrationTests.Leave_cancellation_restores_comp_off",,
07-leave,Comp Off,F-LEAVE-230,"A repeated Reserve call for the same LeaveRequestId that already has a 'Reserved' allocation is idempotent (returns success with 'Reservation already exists', no double-reservation)",Implemented,n/a,POST /api/attendance/comp-off/leave/{leaveRequestId}/reserve,CompOffService.ApplyLeaveAsync,Attendance.CompOff.Manage,CompOffLeaveAllocations,2,"LEAVE-COMPOFF-023, LEAVE-COMPOFF-024",0,,,
07-leave,Comp Off,F-LEAVE-231,"Comp-Off earnings expire per-earning ExpiresOn (ExpiryDays or ExpiryMonths from the source work date) - ExpireAsync posts an Expire ledger entry for each earning's remaining available minutes as of a given date, and marks the earning Expired only if nothing is still Reserved against it",Implemented,n/a - operator/worker-invoked,POST /api/attendance/comp-off/expiry,CompOffService.ExpireAsync,Attendance.CompOff.Manage,"CompOffEarnings, CompOffLedgerEntries",2,"LEAVE-COMPOFF-025, LEAVE-COMPOFF-026",1,xUnit CompOffLeaveIntegrationTests.Expired_comp_off_cannot_be_consumed,,
07-leave,Comp Off,F-LEAVE-232,A source Attendance-day correction (CorrectSourceAsync) supersedes the OLD earning (Status=Superseded) and creates a REPLACEMENT earning with an incremented SourceAttendanceVersion - consumed history on the old earning is preserved via a ledger Reversal/extra-Credit entry; a correction that would reduce credited minutes BELOW already-consumed minutes is rejected Conflict ('CorrectionRequiresAdjustment'),Implemented,"n/a - operator/HR-invoked correction tool, not found in the frontend page inventory",n/a (ICompOffService.CorrectSourceAsync - verify whether any controller route exposes this),CompOffService.CorrectSourceAsync,Attendance.CompOff.Manage,"CompOffEarnings, CompOffLedgerEntries",2,"LEAVE-COMPOFF-027, LEAVE-COMPOFF-028",2,"xUnit CompOffConsumedCreditCorrectionTests
xUnit CompOffCorrectionEndToEndTests",,
07-leave,Comp Off,F-LEAVE-233,Comp-Off's Attendance.CompOff.* permissions are tenant-scoped by the same shard-database boundary as every other Leave/Attendance table - Tenant B never sees Tenant A's Comp-Off earnings/ledger/policies,Implemented,n/a,GET /api/attendance/comp-off/balance,CompOffService,Attendance.CompOff.ViewSelf,"CompOffEarnings, CompOffLedgerEntries",1,LEAVE-COMPOFF-029,0,,,
07-leave,Calendar,F-LEAVE-234,"GET /api/leave-calendar?from&to always includes the caller's OWN Approved and PendingApproval requests, plus other employees' events depending on which code path is wired (see CR-83)",Implemented,MyLeaveRequestsPage / TeamLeaveCalendarPage,GET /api/leave-calendar,LeaveCalendarService.GetAsync,Leave.RequestViewOwn,LeaveRequests,1,LEAVE-CAL-001,0,,,
07-leave,Calendar,F-LEAVE-235,"from/to must satisfy from<=to and span at most 366 days - otherwise Invalid, before any query executes",Implemented,TeamLeaveCalendarPage date-range picker,GET /api/leave-calendar,LeaveCalendarService.GetAsync,Leave.RequestViewOwn,n/a,1,LEAVE-CAL-002,0,,,
07-leave,Calendar,F-LEAVE-236,"WITH ILeaveAuthorizationService wired (the 'new' path): a direct-report's or role-scoped employee's PendingApproval requests are ALSO visible to the authorized viewer, not just Approved ones - see F-LEAVE-234/CR-83",Needs clarification,TeamLeaveCalendarPage,GET /api/leave-calendar,LeaveCalendarService.GetAsync (authorizationEnabled branch),Leave.RequestViewOwn,n/a,1,LEAVE-CAL-003,0,,,
07-leave,Calendar,F-LEAVE-237,"WITHOUT ILeaveAuthorizationService wired (the 'legacy' fallback): a non-self viewer sees only Approved events UNLESS they hold Leave.Approve, in which case PendingApproval events also show - but ONLY for employees who resolve as their CURRENT direct report (no role-scope fallback at all in this path)",Needs clarification,n/a - exercised only by whichever test/DI configuration omits the authorization service,GET /api/leave-calendar,LeaveCalendarService.GetAsync (legacy branch),Leave.RequestViewOwn,n/a,1,LEAVE-CAL-004,0,,,
07-leave,Calendar,F-LEAVE-238,"An unrelated employee's calendar events (any status) are never visible to a caller with no manager/role-scope relationship to them, under either code path",Implemented,TeamLeaveCalendarPage,GET /api/leave-calendar,LeaveCalendarService.GetAsync,Leave.RequestViewOwn,n/a,2,"LEAVE-CAL-003, LEAVE-CAL-005",0,,,
07-leave,Calendar,F-LEAVE-239,Calendar events carry no privacy-sensitive fields beyond employee code/name/leaveType/date-range/quantity/status - there is no 'reason' field to leak (F-LEAVE-159) and no distinct private/public visibility flag per request,Implemented,TeamLeaveCalendarPage event tooltip,GET /api/leave-calendar,LeaveCalendarService.GetAsync,Leave.RequestViewOwn,n/a,1,LEAVE-CAL-006,0,,,
07-leave,Calendar,F-LEAVE-240,Tenant A's calendar never includes Tenant B's employees or requests (identity.Value.TenantId scoping plus the shard boundary),Implemented,n/a,GET /api/leave-calendar,LeaveCalendarService.GetAsync,Leave.RequestViewOwn,LeaveRequests,1,LEAVE-CAL-007,0,,,
07-leave,Dashboard,F-LEAVE-241,"GET /api/leave-dashboard/hr-summary defaults its date window to the CURRENT LeavePeriod's own StartDate/EndDate if resolvable, else [today-30, today+30]; from/to are otherwise explicit query overrides bounded to 366 days",Implemented,LeaveDashboardPage,GET /api/leave-dashboard/hr-summary,HrLeaveDashboardService.GetSummaryAsync,Leave.DashboardViewAll,"LeaveRequests, LeavePeriods",1,LEAVE-DASH-001,0,,,
07-leave,Dashboard,F-LEAVE-242,"KPIs (employeesOnLeaveToday, activeEmployeeCount, upcomingApprovedRequests, pendingApprovalRequests, approvedRequests, rejectedRequests, cancelledOrWithdrawnRequests), status breakdown, leave-type usage, balances-by-type, approval-aging buckets, top-10 pending, top-20 upcoming absences, department/location groupings, and a monthly trend are all computed from ONE date-bounded LeaveRequests query plus a separate EmployeeLeaveBalances query",Implemented,LeaveDashboardPage widgets,GET /api/leave-dashboard/hr-summary,HrLeaveDashboardService.GetSummaryAsync,Leave.DashboardViewAll,"LeaveRequests, EmployeeLeaveBalances",1,LEAVE-DASH-002,0,,,
07-leave,Dashboard,F-LEAVE-243,leaveTypeId/departmentId/workLocationId filters narrow the underlying LeaveRequests query (and the balances query for leaveTypeId) before every widget is computed from the same filtered set,Implemented,LeaveDashboardPage filter bar,GET /api/leave-dashboard/hr-summary?leaveTypeId=...&departmentId=...&workLocationId=...,HrLeaveDashboardService.GetSummaryAsync,Leave.DashboardViewAll,LeaveRequests,1,LEAVE-DASH-003,0,,,
07-leave,Dashboard,F-LEAVE-244,"WITH ILeaveAuthorizationService wired, the dashboard is scoped to the caller's authorized employees (role-scope only, includeManager=false) - an HRBP scoped to one Department sees dashboard numbers computed ONLY from that department's requests, not the whole tenant",Implemented,LeaveDashboardPage (HRBP session),GET /api/leave-dashboard/hr-summary,HrLeaveDashboardService.GetSummaryAsync (BuildEmployeePredicateAsync),Leave.DashboardViewAll,n/a,1,LEAVE-DASH-004,0,,,
07-leave,Dashboard,F-LEAVE-245,"HRAdmin, who DOES hold Leave.DashboardViewAll (F-LEAVE-040 notwithstanding), sees the FULL tenant-wide dashboard (no role-scope narrows a tenant-wide role) - contrast with HRManager, who holds NO Leave.DashboardViewAll at all and cannot open the dashboard",Needs clarification,LeaveDashboardPage nav item absent for HRManager,GET /api/leave-dashboard/hr-summary,SeedData.RolePermissionMap[HRAdmin]/[HRManager],Leave.DashboardViewAll,n/a,1,LEAVE-DASH-005,0,,,
07-leave,Dashboard,F-LEAVE-246,"An empty tenant/date-window (zero matching requests) returns a well-formed summary with all counts at 0 and empty arrays, not an error",Implemented,LeaveDashboardPage empty state,GET /api/leave-dashboard/hr-summary?from=<far future>&to=<far future+1>,HrLeaveDashboardService.GetSummaryAsync,Leave.DashboardViewAll,n/a,1,LEAVE-DASH-006,0,,,
07-leave,Dashboard,F-LEAVE-247,The dashboard's own from/to bound (366-day cap) is the only guard against a pathologically large query - there is no separate 'large tenant' pagination; correctness under high request volume depends on the query's own aggregate efficiency,Implemented,n/a,"GET /api/leave-dashboard/hr-summary?from=...&to=... (366-day span, large tenant)",HrLeaveDashboardService.GetSummaryAsync,Leave.DashboardViewAll,LeaveRequests,1,LEAVE-DASH-007,0,,,
07-leave,Dashboard,F-LEAVE-248,Tenant B's HRAdmin never sees Tenant A's dashboard numbers (shard boundary plus the identical query pattern used elsewhere),Implemented,n/a,GET /api/leave-dashboard/hr-summary,HrLeaveDashboardService.GetSummaryAsync,Leave.DashboardViewAll,n/a,1,LEAVE-DASH-008,2,"xUnit HrLeaveDashboardAuthorizationTests.Summary_endpoint_requires_the_dedicated_view_all_permission
xUnit MySqlHrLeaveDashboardIntegrationTests.MySql_hr_dashboard_aggregates_operational_data_and_keeps_tenant_scope",,
07-leave,Reports,F-LEAVE-249,"Seven report kinds exist: requests, employees/{id}/history (a filtered requests view), balances, usage, accounting, pending, organization, calendar - each with its own row shape and independent filter/sort/paging support",Implemented,LeaveReportsPage report-type tabs,GET /api/leave-reports/{requests|balances|usage|accounting|pending|organization|calendar},LeaveReportService.Get*Async,Leave.ReportsView,"LeaveRequests, EmployeeLeaveBalances, LeaveBalanceTransactions, LeaveAccrualOccurrences, LeavePeriodCloseOccurrences, Holidays, WeeklyOffConfigurations",1,LEAVE-RPT-001,0,,,
07-leave,Reports,F-LEAVE-250,"The Requests/Pending/Usage/Organization reports share the SAME date-bounded, scope-filtered LeaveRequests source (RequestSource+ApplyRequestFilters) - a filter or scope change to one conceptually affects all four consistently",Implemented,LeaveReportsPage,"GET /api/leave-reports/requests, /pending, /usage, /organization",LeaveReportService.RequestSource/ApplyRequestFilters,Leave.ReportsView,LeaveRequests,1,LEAVE-RPT-002,0,,,
07-leave,Reports,F-LEAVE-251,"Sorting (SortBy: employeeCode/employee/leaveType/status/startDate, Descending) is supported only on the Requests report; other reports use a fixed server-side order",Implemented,LeaveReportsPage Requests tab column sort,GET /api/leave-reports/requests?sortBy=startDate&descending=true,LeaveReportService.ApplyRequestSort,Leave.ReportsView,n/a,1,LEAVE-RPT-003,0,,,
07-leave,Reports,F-LEAVE-252,"Every paged report validates page>=1 and 1<=pageSize<=100 up front, Invalid otherwise",Implemented,LeaveReportsPage pagination controls,GET /api/leave-reports/requests?page=0,LeaveReportService.ValidatePaging,Leave.ReportsView,n/a,1,LEAVE-RPT-004,0,,,
07-leave,Reports,F-LEAVE-253,"The Balances report additionally synthesizes a row per Unlimited-mode LeaveType that has NO EmployeeLeaveBalance row yet (so Unlimited types still appear, with null quantities) - Allocated types with no balance row are simply absent, mirroring F-LEAVE-110",Implemented,LeaveReportsPage Balances tab,GET /api/leave-reports/balances,LeaveReportService.GetBalancesAsync,Leave.ReportsView,"EmployeeLeaveBalances, LeaveTypes",1,LEAVE-RPT-005,0,,,
07-leave,Reports,F-LEAVE-254,"The Accounting report merges THREE independent sources (LeaveBalanceTransactions for Accrual/CarryForward/Expiry, LeaveAccrualOccurrences for the raw calculated-vs-credited numbers, and LeavePeriodCloseOccurrences for carry/lapse pairs) into one unified, date-filtered, employee/leaveType-filtered timeline",Implemented,LeaveReportsPage Accounting tab,GET /api/leave-reports/accounting,LeaveReportService.GetAccountingAsync,Leave.ReportsView,"LeaveBalanceTransactions, LeaveAccrualOccurrences, LeavePeriodCloseOccurrences",1,LEAVE-RPT-006,0,,,
07-leave,Reports,F-LEAVE-255,The Pending report's agingBucket (0-1/2-3/4-7/8+ days) is computed from SubmittedAtUtc.Date vs. today's date - identical bucket boundaries to the HR Dashboard's own aging computation,Implemented,LeaveReportsPage Pending tab aging column,GET /api/leave-reports/pending,LeaveReportService.GetPendingAsync,Leave.ReportsView,n/a,1,LEAVE-RPT-007,0,,,
07-leave,Reports,F-LEAVE-256,"The Organization report groups by Department or WorkLocation (organizationDimension query param), each group reporting distinct approved-employee count, total request count, pending count, and approved quantity",Implemented,LeaveReportsPage Organization tab dimension toggle,GET /api/leave-reports/organization?organizationDimension=workLocation,LeaveReportService.GetOrganizationAsync,Leave.ReportsView,n/a,1,LEAVE-RPT-008,0,,,
07-leave,Reports,F-LEAVE-257,"The Calendar report is UNSCOPED by employee authorization (ResolveScopeAsync is called for its date bounds only; EnsureEmployeeAccessAsync/_authorizedEmployeeIds is never consulted) - it lists tenant-wide Holidays and WeeklyOffConfigurations regardless of the caller's Leave role-scope, since neither entity carries an EmployeeId to scope by",Implemented,LeaveReportsPage Calendar tab,GET /api/leave-reports/calendar,LeaveReportService.GetCalendarAsync,Leave.ReportsView,"Holidays, WeeklyOffConfigurations",1,LEAVE-RPT-009,0,,,
07-leave,Reports,F-LEAVE-258,"CSV export (GET .../{report}/export.csv) reuses the SAME filtered query as the interactive report, paging through internally up to MaxExportRows (50,000); exceeding that cap rejects the export Invalid rather than silently truncating the file",Implemented,LeaveReportsPage 'Export CSV' button,GET /api/leave-reports/{report}/export.csv,LeaveReportService.ExportCsvAsync,Leave.ReportsExport,n/a,2,"LEAVE-RPT-010, LEAVE-RPT-011",0,,,
07-leave,Reports,F-LEAVE-259,An unsupported report name in the export route is rejected Invalid ('report') rather than 404 or 500,Implemented,n/a,GET /api/leave-reports/not-a-real-report/export.csv,LeaveReportService.ExportCsvAsync,Leave.ReportsExport,n/a,1,LEAVE-RPT-012,0,,,
07-leave,Reports,F-LEAVE-260,"Self/Manager/HR scope on Reports is entirely determined by whichever employee-predicate ILeaveAuthorizationService.BuildEmployeePredicateAsync(Leave.ReportsView, includeManager:false, includeRoleScope:true) returns - a Manager with only Leave.Approve (not Leave.ReportsView) cannot open Reports at all; a Manager who ALSO happens to hold Leave.ReportsView (e.g. via a custom role) sees a role-scope-only view with NO automatic direct-report inclusion (includeManager is explicitly false here, unlike Approval/Calendar)",Needs clarification,LeaveReportsPage,GET /api/leave-reports/requests,LeaveReportService.EnsureEmployeeAccessAsync (includeManager: false),Leave.ReportsView,n/a,1,LEAVE-RPT-013,0,,,
07-leave,Reports,F-LEAVE-261,"An out-of-range date filter (ToDate before FromDate, or a span exceeding 366 days) is rejected Invalid on every interactive report",Implemented,LeaveReportsPage date-range picker,GET /api/leave-reports/requests?fromDate=2026-06-01&toDate=2026-01-01,LeaveReportService.ResolveScopeAsync,Leave.ReportsView,n/a,1,LEAVE-RPT-014,0,,,
07-leave,Reports,F-LEAVE-262,Tenant B's reports never include Tenant A's requests/balances/transactions/occurrences/holidays (shard boundary; RequestSource/GetBalancesAsync/etc. all filter on the resolved _tenant.TenantId),Implemented,n/a,GET /api/leave-reports/*,LeaveReportService,Leave.ReportsView,n/a,1,LEAVE-RPT-015,1,xUnit MySqlLeaveReportsIntegrationTests.MySql_leave_reports_use_authoritative_rows_filters_and_safe_csv,,
07-leave,Reminder Worker,F-LEAVE-263,A PendingApproval request becomes reminder-eligible once now >= SubmittedAtUtc + InitialDelayHours (default 24h) - a request submitted less than InitialDelayHours ago is NOT yet due and is excluded from the candidate query entirely,Implemented,n/a,n/a,LeaveApprovalReminderProcessor.ProcessAsync,n/a,LeaveRequests,2,"LEAVE-REM-001, LEAVE-REM-014",0,,,
07-leave,Reminder Worker,F-LEAVE-264,"A request with NO resolvable current manager is skipped (skipped++, warning logged) rather than failing the whole batch",Implemented,n/a,n/a,LeaveApprovalReminderProcessor.ProcessAsync,n/a,n/a,1,LEAVE-REM-002,0,,,
07-leave,Reminder Worker,F-LEAVE-265,"The FIRST reminder for a request fires at occurrence 0 (elapsed just past InitialDelayHours); each subsequent occurrence key increments by RepeatIntervalHours (default 24h) - a distinct LeaveReminderDelivery row per occurrence, keyed 'requestId:occurrenceNumber'",Implemented,n/a,n/a,LeaveApprovalReminderProcessor.ProcessAsync (occurrence computation),n/a,LeaveReminderDeliveries,2,"LEAVE-REM-003, LEAVE-REM-014",1,xUnit MySqlLeaveReminderConcurrencyTests.MySql_failed_reminder_persists_and_recreated_processor_suppresses_or_retries_by_window,,
07-leave,Reminder Worker,F-LEAVE-266,"MaxAttempts (default 3) bounds how many times ONE occurrence's delivery is retried after a failure - once reached, TryClaimAsync's own guard refuses to claim it again, and it is never sent (permanently Failed for that occurrence, though the NEXT occurrence, one RepeatIntervalHours later, is a fresh row and gets its own attempt budget)",Implemented,n/a,n/a,LeaveApprovalReminderProcessor.TryClaimAsync,n/a,LeaveReminderDeliveries,1,LEAVE-REM-004,0,,,
07-leave,Reminder Worker,F-LEAVE-267,"A delivery failure (notification provider returns Failed, or an exception is thrown) sets Status=Failed with NextAttemptAtUtc=now+RepeatIntervalHours and records LastError=exception type name; the SAME occurrence key is retried once NextAttemptAtUtc has passed, up to MaxAttempts",Implemented,n/a,n/a,LeaveApprovalReminderProcessor.FailAsync,n/a,LeaveReminderDeliveries,1,LEAVE-REM-005,0,,,
07-leave,Reminder Worker,F-LEAVE-268,"A Claimed row whose LeaseExpiresAtUtc has not yet passed cannot be re-claimed by a second concurrent worker (TryClaimAsync's own WHERE clause is the claim itself, an atomic conditional UPDATE) - two workers racing on the same occurrence never both send the reminder",Implemented,n/a,n/a,LeaveApprovalReminderProcessor.TryClaimAsync,n/a,LeaveReminderDeliveries,1,LEAVE-REM-006,1,xUnit MySqlLeaveReminderConcurrencyTests.Two_independent_processors_only_one_claims_and_sends_one_occurrence,,
07-leave,Reminder Worker,F-LEAVE-269,A Claimed row whose lease HAS expired (the original claimant crashed/hung) becomes reclaimable by any worker's next pass - the predicate-as-claim pattern prevents two workers both observing the expired lease from both winning,Implemented,n/a,n/a,LeaveApprovalReminderProcessor.TryClaimAsync,n/a,LeaveReminderDeliveries,1,LEAVE-REM-007,0,,,
07-leave,Reminder Worker,F-LEAVE-270,"A restarted worker process picks up exactly where the durable delivery ledger left off - Claimed/Failed/Sent/Skipped states all persist across a process restart, so no reminder is lost or silently duplicated by a restart alone",Implemented,n/a,n/a,LeaveApprovalReminderWorker.ExecuteAsync; LeaveApprovalReminderProcessor,n/a,LeaveReminderDeliveries,1,LEAVE-REM-008,0,,,
07-leave,Reminder Worker,F-LEAVE-271,"A request that is Approved or Rejected before its next reminder occurrence is due is no longer selected by the candidate query at all (the query filters Status==PendingApproval) - no further reminder is ever sent for it, and no explicit 'cancel pending reminder' action is needed",Implemented,n/a,n/a,LeaveApprovalReminderProcessor.ProcessAsync (candidate query),n/a,LeaveRequests,2,"LEAVE-REM-009, LEAVE-REM-010",0,,,
07-leave,Reminder Worker,F-LEAVE-272,"A manager change between two reminder occurrences re-resolves the CURRENT manager at send time for each occurrence - the new manager receives the next reminder, not the old one, even though earlier occurrences' RecipientEmployeeId rows still show the old manager",Implemented,n/a,n/a,LeaveApprovalReminderProcessor.ProcessAsync/TryClaimAsync,n/a,"EmployeeEmploymentHistory, LeaveReminderDeliveries",1,LEAVE-REM-011,0,,,
07-leave,Reminder Worker,F-LEAVE-273,"The worker is a per-tenant loop (LeaveApprovalReminderWorker enumerates ACTIVE tenants from the catalog each tick and processes each in its OWN shard/tenant scope) - one tenant's failure is caught and logged, never aborting the sweep for other tenants",Implemented,n/a,n/a,LeaveApprovalReminderWorker.ProcessTenantsAsync,n/a,n/a,1,LEAVE-REM-012,0,,,
07-leave,Reminder Worker,F-LEAVE-274,"Reminder deliveries are tenant-isolated by construction (LeaveReminderDeliveries carries TenantId, and the worker sets ShardContext/ITenantExecutionContext per tenant before invoking the processor) - Tenant A's reminder run never touches Tenant B's rows",Implemented,n/a,n/a,LeaveApprovalReminderWorker.ProcessTenantsAsync,n/a,LeaveReminderDeliveries,1,LEAVE-REM-013,0,,,
07-leave,Authorization,F-LEAVE-275,17 distinct Leave.* permissions plus 6 Attendance.CompOff.* permissions gate this module's endpoints - every controller action declares [HasPermission] EXCEPT CompOffController.Operations (CR-82),Implemented,n/a,n/a,"Domain/Authorization/Permissions.cs (Leave, Attendance.CompOff nested classes)",n/a,n/a,1,LEAVE-AUTHZ-001,0,,,
07-leave,Authorization,F-LEAVE-276,A request with no bearer token against ANY Leave/CompOff endpoint is rejected 401 (the fallback deny-all policy plus each controller's own [Authorize]/[HasPermission]),Implemented,n/a,GET /api/leave-requests (no token),HasPermissionAttribute / [Authorize],n/a,n/a,1,LEAVE-AUTHZ-002,0,,,
07-leave,Authorization,F-LEAVE-277,"A role holding the WRONG permission for an endpoint (e.g. Employee calling a Leave.PolicyManage-gated route) is rejected 403, not 404 - existence of the endpoint is never hidden by a permission failure (except LeaveApprovalReadService.GetByIdAsync's deliberate 404-for-out-of-scope, F-LEAVE-204)",Implemented,n/a,POST /api/leave-types (as Employee),HasPermissionAttribute,Leave.TypeManage,n/a,1,LEAVE-AUTHZ-003,0,,,
07-leave,Authorization,F-LEAVE-278,"Direct API invocation of every mutating Leave endpoint (bypassing the UI, e.g. a hand-crafted admin request as HRAdmin) is rejected identically to what the UI would show, since permission enforcement lives entirely server-side in [HasPermission] - the UI's own hidden/disabled controls are cosmetic only (mirrors Module 1-6's convention)",Implemented,n/a,"POST /api/leave-policies (as HRAdmin, direct API call)",HasPermissionAttribute,Leave.PolicyManage,n/a,1,LEAVE-AUTHZ-004,0,,,
07-leave,Scope Matrix,F-LEAVE-279,Employee self scope: Leave.RequestCreate/RequestViewOwn/RequestWithdrawOwn/RequestCancelOwn/BalanceViewOwn/TypeViewAvailable never reach beyond the caller's OWN EmployeeId anywhere in the implementation - there is no {employeeId} route parameter on any of these actions to even attempt a cross-employee call,Implemented,n/a,"GET /api/leave-requests, /api/leave-balances/mine",LeaveRequestReadService/LeaveBalanceSummaryReader (identity-scoped queries),Leave.RequestViewOwn / Leave.BalanceViewOwn,n/a,1,LEAVE-AUTHZ-005,0,,,
07-leave,Scope Matrix,F-LEAVE-280,"Manager scope: Leave.Approve narrowed by CURRENT-direct-report resolution (CR-77) applies identically across Approvals inbox/detail, Calendar (new path), and (via includeManager=false exclusion) NEVER on Reports/Dashboard",Implemented,n/a,"GET /api/leave-approvals, /api/leave-calendar, /api/leave-dashboard/hr-summary, /api/leave-reports/requests",LeaveAuthorizationService.BuildEmployeePredicateAsync (includeManager flag per call site),Leave.Approve,n/a,1,LEAVE-AUTHZ-006,0,,,
07-leave,Scope Matrix,F-LEAVE-281,"HRBP-scoped: Leave.Approve + a Department/Grade/etc. UserRoleAssignmentScope (Module 6's RoleScopeResolver mechanism, reused here via IEmployeeAccessScopeService.BuildRoleScopePredicateAsync) applies identically across Approvals, Calendar, Dashboard, and Reports - the ONE mechanism common to every Leave read surface",Implemented,n/a,"GET /api/leave-approvals, /api/leave-calendar, /api/leave-dashboard/hr-summary, /api/leave-reports/*",LeaveAuthorizationService.BuildEmployeePredicateAsync (includeRoleScope: true everywhere),Leave.Approve / Leave.DashboardViewAll / Leave.ReportsView,n/a,1,LEAVE-AUTHZ-007,0,,,
07-leave,Scope Matrix,F-LEAVE-282,"ERO-scoped: EmployeeRelationshipOfficer holds neither Leave.Approve, Leave.DashboardViewAll, nor Leave.ReportsView in the seeded matrix at all - an ERO cannot reach ANY Leave read/approval surface regardless of their RoleScopeResolver scope",Needs clarification,n/a - no Leave nav item for ERO,GET /api/leave-approvals (as ERO),SeedData.RolePermissionMap[EmployeeRelationshipOfficer],Leave.Approve,n/a,1,LEAVE-AUTHZ-008,0,,,
07-leave,Scope Matrix,F-LEAVE-283,"Tenant-wide HR: HRAdmin (DashboardViewAll+ReportsView+ReportsExport, no Approve/PolicyManage/BalanceImport) sees the full unscoped tenant on Dashboard/Reports but cannot approve leave, configure policies, or import balances - a partial tenant-wide role, not a superset of every other Leave capability",Needs clarification,n/a,GET /api/leave-dashboard/hr-summary (as HRAdmin),SeedData.RolePermissionMap[HRAdmin],Leave.DashboardViewAll,n/a,1,LEAVE-AUTHZ-009,0,,,
07-leave,Scope Matrix,F-LEAVE-284,"TenantAdmin (like SuperAdmin) holds EVERY Leave.* and Attendance.CompOff.* permission via the AccountEmployeeLink-only carve-out (Module 6) - the only two roles that can do everything in Leave end-to-end (configure, approve, import, report) without any scope narrowing",Implemented,n/a,n/a,SeedData.RolePermissionMap[SuperAdmin]/[TenantAdmin],n/a,n/a,1,LEAVE-AUTHZ-010,0,,,
07-leave,CR-77 Scope Mechanism,F-LEAVE-285,"CR-77 mechanism proof: a Leave.Approve assignment with ZERO UserRoleAssignmentScope rows AND zero role-scope-dimension match still authorizes approval for the caller's CURRENT direct reports - confirming the manager-relationship path is resolved directly off EmployeeEmploymentHistory.ManagerId, completely independent of RoleScopeResolver/UserRoleAssignmentScope (Module 6) and of EmployeeAccessScopeService's Attendance-permission-keyed narrowing (Module 5/6, CR-57)",Implemented,n/a,GET /api/role-assignments/users/{managerUserId} (scopes=[]) then GET /api/leave-approvals,LeaveAuthorizationService.CanAccessEmployeeAsync (includeManager branch); RoleScopeResolver (for contrast),Leave.Approve,"UserRoleAssignmentScopes (empty), EmployeeEmploymentHistory",1,LEAVE-AUTHZ-011,0,,,
07-leave,CR-77 Scope Mechanism,F-LEAVE-286,"CR-77 mechanism proof continued: revoking the Manager ROLE (RBAC module) does NOT itself remove Leave.Approve if the account separately holds it via another role (e.g. HRBP) - and conversely, a Leave.Approve grant through ANY role authorizes the SAME manager-relationship check, since LeaveAuthorizationService never inspects RoleNames.Manager specifically, only the permission name and the employment-history ManagerId column",Needs clarification,n/a,GET /api/leave-approvals,LeaveAuthorizationService.CanAccessEmployeeAsync,Leave.Approve,n/a,1,LEAVE-AUTHZ-012,0,,,
07-leave,CR-77 Scope Mechanism,F-LEAVE-287,"A THIRD-mechanism combination case: a user holding Manager (CR-77's employment-history path) PLUS HRBP (RoleScopeResolver's dimension path) is authorized under the UNION of both - approving a direct report via the manager path, and approving an unrelated but in-scope HRBP-department employee via the role-scope path, in the SAME BuildEmployeePredicateAsync call (an OR of the two sub-expressions)",Implemented,n/a,GET /api/leave-approvals (Manager+HRBP combination),LeaveAuthorizationService.BuildEmployeePredicateAsync,Leave.Approve,n/a,1,LEAVE-AUTHZ-013,0,,,
07-leave,CR-77 Scope Mechanism,F-LEAVE-288,"When ILeaveAuthorizationService is NOT registered (the 'legacy' fallback used by some direct-construction test harnesses), LeaveRequestApprovalService/LeaveApprovalReadService/LeaveCalendarService instead resolve the manager relationship via IEmployeeManagerResolver directly and require Leave.Approve via a raw UserRoles/RolePermissions/Permissions join - functionally similar for the Manager case, but with NO role-scope (HRBP/SuperHR) fallback at all in this code path",Needs clarification,n/a,GET /api/leave-approvals (DI configuration without ILeaveAuthorizationService),LeaveApprovalReadService.GetInboxAsync (legacy else-branch),Leave.Approve,n/a,1,LEAVE-AUTHZ-014,0,,,
07-leave,CR-53 Separated Employee,F-LEAVE-289,"A separated (Terminated/Resigned) employee's account, per CR-53, keeps an active portal login and its auto-granted Employee role - GET /api/auth/me still reports EmployeeIdentity.Status='Linked' with EmploymentEligibility='Separated', but the account's own Leave.RequestCreate permission remains present",Needs clarification,MyLeaveRequestsPage still renders and is navigable post-separation,GET /api/auth/me (as a separated employee),AuthService.GetCurrentUserAsync,n/a,"Users, Employees",1,LEAVE-AUTHZ-015,0,,,
07-leave,CR-53 Separated Employee,F-LEAVE-290,"A separated employee's Leave REQUEST attempt is blocked by the Leave module's OWN employment-eligibility gate (ValidateEmploymentContext: requestStart > DateOfLeaving => Forbidden) - this is genuine, independent business-rule enforcement, not merely a side effect of CR-53's login-retention gap",Implemented,LeaveRequestPreviewPage submit error for a date after separation,"POST /api/leave-requests/preview (as a separated employee, date after DateOfLeaving)",LeaveRequestValidationService.ValidateEmploymentContext,Leave.RequestCreate,Employees,1,LEAVE-AUTHZ-016,0,,,
07-leave,CR-53 Separated Employee,F-LEAVE-291,"A separated employee's Leave BALANCE remains fully visible via GET /api/leave-balances/mine (self-service, identity-scoped only - no employment-eligibility gate exists on this read path at all)",Needs clarification,"MyLeaveRequestsPage balance panel, still populated post-separation",GET /api/leave-balances/mine (as a separated employee),LeaveBalanceSummaryReader.GetMineAsync,Leave.BalanceViewOwn,EmployeeLeaveBalances,1,LEAVE-AUTHZ-017,0,,,
07-leave,CR-53 Separated Employee,F-LEAVE-292,A separated employee's PRE-EXISTING Approved/PendingApproval requests remain visible on the Calendar and to their (former) manager's inbox exactly as before separation - nothing in Leave re-evaluates visibility against EmploymentEligibility,Needs clarification,TeamLeaveCalendarPage / LeaveApprovalsPage still show the separated employee's requests,"GET /api/leave-calendar, GET /api/leave-approvals",LeaveCalendarService.GetAsync; LeaveApprovalReadService.GetInboxAsync,n/a,n/a,1,LEAVE-AUTHZ-018,0,,,
07-leave,CR-53 Separated Employee,F-LEAVE-293,"A manager CAN still approve/reject a separated (former direct report) employee's still-PendingApproval request - LeaveRequestApprovalService.AuthorizeAsync never checks the TARGET employee's own status/eligibility, only the APPROVER's authorization (F-LEAVE-191); this distinguishes authentication/RBAC-retention (CR-53's own finding) from Leave's genuine, separate business-eligibility gate at submission time (F-LEAVE-290)",Needs clarification,n/a,POST /api/leave-requests/{requestId}/approve (target employee since separated),LeaveRequestApprovalService.AuthorizeAsync,Leave.Approve,n/a,1,LEAVE-AUTHZ-019,0,,,
07-leave,Privilege Escalation Cross-Reference,F-LEAVE-294,"Module 6's CR-66 (PageAccess.Manage lets HRAdmin/SuperHR self-grant any permission) applies directly to Leave: an HRAdmin or SuperHR session can, in ONE PUT /api/page-access/roles/{roleId} call, grant their own role Leave.PolicyManage/Leave.PolicyPublish/Leave.TypeManage/Leave.PeriodManage/Leave.BalanceImport/Leave.Approve - permissions the seeded matrix deliberately withholds from both roles (CR-78/CR-79) - defeating the module's own least-privilege design in one authenticated call",Needs clarification,PageAccessManagementPage (HRAdmin/SuperHR granting their own role Leave.* permissions),"PUT /api/page-access/roles/{roleId} (HRAdmin or SuperHR's own role, adding every Leave.* permission)","PageAccessService.UpdateAsync (Module 6); then GET/POST /api/leave-policies, /api/leave-types, /api/leave-requests/{id}/approve",PageAccess.Manage,RolePermissions,1,LEAVE-AUTHZ-020,0,,,
07-leave,Tenant Isolation,F-LEAVE-295,"Leave Types/Policies/Periods/Rules are tenant-scoped ONLY by the shard-database boundary (no TenantId column is redundantly re-checked in most read queries, e.g. LeaveConfigurationService.GetLeaveTypeAsync's FirstOrDefaultAsync(x => x.Id == id) has no explicit x.TenantId filter) - correctness for a same-id-different-tenant lookup depends entirely on the connection already pointing at the right shard, not a defense-in-depth predicate",Needs clarification,n/a,"GET /api/leave-types/{id}, /api/leave-policies/{policyId}, /api/leave-periods/{id}",LeaveConfigurationService.GetLeaveTypeAsync/GetPolicyAsync/GetLeavePeriodAsync,Leave.PolicyView,"LeaveTypes, LeavePolicies, LeavePeriods",1,LEAVE-AUTHZ-021,0,,,
07-leave,Tenant Isolation,F-LEAVE-296,"Leave balances, requests, approvals, and Comp-Off data all carry an explicit TenantId column that IS filtered on every write path and on most read paths (LeaveRequests, EmployeeLeaveBalances, CompOffEarnings) - a belt-and-suspenders check on top of the shard boundary",Implemented,n/a,"GET /api/leave-requests, /api/leave-balances/mine, /api/attendance/comp-off/balance",LeaveRequestReadService/LeaveBalanceSummaryReader/CompOffService,n/a,"LeaveRequests, EmployeeLeaveBalances, CompOffEarnings",1,LEAVE-AUTHZ-022,0,,,
07-leave,Tenant Isolation,F-LEAVE-297,"The Reminder Worker, Accrual Worker, and Period-Close Processor all iterate ACTIVE tenants from the catalog and switch ShardContext/ITenantExecutionContext per tenant BEFORE invoking any Leave service - a bug in this switch would be the single highest-impact tenant-isolation risk in the module (verify no residual per-request DbContext state leaks between tenant iterations)",Implemented,n/a,n/a,LeaveApprovalReminderWorker.ProcessTenantsAsync; LeaveAccrualWorker.ProcessTenantsAsync,n/a,n/a,1,LEAVE-AUTHZ-023,0,,,
07-leave,Tenant Isolation,F-LEAVE-298,"Tenant A's balance-import upload can NEVER credit Tenant B's employee, even with an identical EmployeeCode in both tenants - CR-85's finding is about the ABSENCE of an explicit filter, not a proven cross-tenant leak; this case exists to actually attempt it and confirm the shard boundary holds",Implemented,n/a,"POST /api/leave-balances/import/validate (as Tenant A, referencing Tenant B's own EmployeeCode)",LeaveBalanceImportService.ValidateAsync,Leave.BalanceImport,Employees,1,LEAVE-AUTHZ-024,0,,,
07-leave,Tenant Isolation,F-LEAVE-299,"Tenant A's Comp-Off policy configuration, earnings, and ledger are never visible or mutable from a Tenant B session, including through the Operations query's own scope-building (CompOffService.BuildOperationalScopeAsync)",Implemented,n/a,GET /api/attendance/comp-off/operations (Tenant B session),CompOffService.GetOperationalAsync,n/a,n/a,1,LEAVE-AUTHZ-025,1,xUnit CompOffOperationalQueryTests.Cross_tenant_operational_query_returns_no_data,,
07-leave,Frontend,F-LEAVE-300,"MyLeaveRequestsPage lists the employee's own requests (paged), each linking to a detail view with day-by-day breakdown and event history; loading/empty/error states are handled with dedicated UI",Implemented,MyLeaveRequestsPage.tsx,"GET /api/leave-requests, GET /api/leave-requests/{id}",n/a,Leave.RequestViewOwn,n/a,2,"LEAVE-FE-001, LEAVE-FE-002",0,,,
07-leave,Frontend,F-LEAVE-301,"LeaveRequestPreviewPage drives the Preview->Submit two-step flow, surfacing every LeaveRequestValidationErrorCodes message returned by the API as an inline error, and disabling Submit until a successful Preview with a matching payload fingerprint",Implemented,LeaveRequestPreviewPage.tsx,"POST /api/leave-requests/preview, POST /api/leave-requests",n/a,Leave.RequestCreate,n/a,1,LEAVE-FE-003,0,,,
07-leave,Frontend,F-LEAVE-302,"LeaveApprovalsPage renders the inbox with per-row Approve/Reject actions, permission-gated (only visible with Leave.Approve), and reflects a 409 InvalidStatusTransition (someone else already acted) as a clear error rather than a generic failure",Implemented,LeaveApprovalsPage.tsx,"GET /api/leave-approvals, POST /api/leave-requests/{id}/approve|reject",n/a,Leave.Approve,n/a,1,LEAVE-FE-004,0,,,
07-leave,Frontend,F-LEAVE-303,TeamLeaveCalendarPage renders a date-range calendar of team/self events with status-based styling (Approved vs PendingApproval),Implemented,TeamLeaveCalendarPage.tsx,GET /api/leave-calendar,n/a,Leave.RequestViewOwn,n/a,1,LEAVE-FE-005,0,,,
07-leave,Frontend,F-LEAVE-304,"LeaveDashboardPage renders KPIs/charts/tables from the HR summary, permission-gated behind Leave.DashboardViewAll, with filter controls for date/leaveType/department/workLocation",Implemented,LeaveDashboardPage.tsx,GET /api/leave-dashboard/hr-summary,n/a,Leave.DashboardViewAll,n/a,1,LEAVE-FE-006,0,,,
07-leave,Frontend,F-LEAVE-305,"LeaveReportsPage exposes each report kind as a tab with its own filter/sort/paging controls and an Export CSV action, downloading via the shared saveFile/ExportedFile blob helper",Implemented,LeaveReportsPage.tsx,"GET /api/leave-reports/*, GET /api/leave-reports/{kind}/export.csv",n/a,Leave.ReportsView / Leave.ReportsExport,n/a,1,LEAVE-FE-007,0,,,
07-leave,Frontend,F-LEAVE-306,"LeaveBalanceImportPage drives Upload->Validate->(fix errors)->Commit, showing the per-row error table and import History tab; every action is permission-gated and renders a 403 state distinctly from a validation error",Implemented,LeaveBalanceImportPage.tsx,"POST /api/leave-balances/import/validate, /commit; GET /history, /errors",n/a,Leave.BalanceImport / Leave.BalanceViewImportHistory,n/a,1,LEAVE-FE-008,0,,,
07-leave,Frontend,F-LEAVE-307,"LeaveTypesPage/LeavePeriodsPage/LeavePoliciesPage render list+create+edit dialogs, each permission-gated (Manage vs View) and surfacing 409 Conflict (duplicate code / overlap / concurrency) distinctly from 400 validation errors",Implemented,"LeaveTypesPage.tsx, LeavePeriodsPage.tsx, LeavePoliciesPage.tsx","GET/POST/PUT /api/leave-types, /api/leave-periods, /api/leave-policies",n/a,Leave.PolicyView / Leave.TypeManage / Leave.PeriodManage / Leave.PolicyManage,n/a,1,LEAVE-FE-009,0,,,
07-leave,Frontend,F-LEAVE-308,"LeavePolicyEditorPage composes every rule sub-section (Eligibility, Entitlement, Request Rules, Calendar, Attachment, Clubbing, Cancellation) plus Applicability/LeaveTypes/Versions tabs and the Validate/Publish/Retire actions, each tab independently loading/saving and reflecting allowedActions from the server",Implemented,LeavePolicyEditorPage.tsx + LeavePolicy*Section.tsx,GET/PUT .../versions/{versionId}/* (every rule sub-resource),n/a,Leave.PolicyView / Leave.PolicyManage / Leave.PolicyPublish,n/a,1,LEAVE-FE-010,0,,,
07-leave,Frontend,F-LEAVE-309,"LeaveWorkingDayCalendarPage manages Holidays and Weekly-Off configurations in two tabs, each with its own create/edit/deactivate flow",Implemented,LeaveWorkingDayCalendarPage.tsx,"GET/POST/PUT/DELETE /api/holidays, GET/POST/PUT /api/weekly-off-configurations",n/a,Leave.PolicyView / Leave.PolicyManage,n/a,1,LEAVE-FE-011,0,,,
07-leave,Frontend,F-LEAVE-310,"CompOffPage (self-service balance/earnings/ledger) and CompOffOperationsPage (manager/HR operational query with filters) are SEPARATE pages under the Attendance area, not the Leave area - reflecting Comp-Off's Attendance.CompOff.* permission family rather than Leave.*",Implemented,"CompOffPage.tsx, CompOffOperationsPage.tsx","GET /api/attendance/comp-off/balance, /earnings, /ledger, /operations",n/a,Attendance.CompOff.ViewSelf / CompOffViewTeam / CompOffViewAll,n/a,1,LEAVE-FE-012,0,,,
07-leave,Frontend,F-LEAVE-311,"Direct navigation to a permission-gated Leave route (typed URL, no nav-item click) without the required permission renders the SAME route-guard-denied state as every other module - verify this holds for every Leave/CompOff page, not just the ones reachable from the sidebar",Implemented,any LeaveXxxPage direct URL as an unauthorized role,n/a,n/a,n/a,n/a,1,LEAVE-FE-013,0,,,
07-leave,Frontend,F-LEAVE-312,"A page refresh (F5) on any Leave page re-fetches its data from the API rather than relying on stale client state, and re-applies the same permission gate on reload",Implemented,any LeaveXxxPage,n/a,n/a,n/a,n/a,1,LEAVE-FE-014,0,,,
07-leave,Provider Parity,F-LEAVE-313,"The default xUnit suite runs entirely against SQLite in-memory - passing there is NOT evidence of MySQL/SQL Server locking, concurrency-token, or deadlock-retry behavior, per CLAUDE.md's own documented convention",Implemented,n/a,n/a,TestSupport/SqliteInMemoryDatabase,n/a,n/a,1,LEAVE-PROV-001,0,,,
07-leave,Provider Parity,F-LEAVE-314,"MySQL-specific submission/approval/withdrawal/cancellation/request-limit concurrency (MySqlLeaveRequestSubmissionLock, deadlock code 1213 retried, lock-wait-timeout 1205 NOT retried) is exercised ONLY by the MySqlLeave*Tests classes, which skip SILENTLY without HRMS_MYSQL_TEST_CONNECTION - a green default run proves nothing about this path",Implemented,n/a,n/a,"MySqlLeaveHttpIntegrationTests, MySqlLeaveLifecycleIntegrationTests, MySqlLeaveRequestValidationIntegrationTests, MySqlLeaveAccrualIntegrationTests, MySqlLeaveReminderConcurrencyTests, MySqlLeaveReportsIntegrationTests, MySqlHrLeaveDashboardIntegrationTests, MySqlLeaveScopeAuthorizationIntegrationTests",n/a,n/a,1,LEAVE-PROV-002,0,,,
07-leave,Provider Parity,F-LEAVE-315,"SQL Server-specific concurrency (UPDLOCK/HOLDLOCK via SqlServerLeaveRequestSubmissionLock, SqlServerLeaveRequestSubmissionDeadlockClassifier) is exercised ONLY by the SqlServerLeaveRequest*ConcurrencyTests/DeadlockTests classes via SqlServerLeaveRequestConcurrencyFixture, gated on HRMS_SQLSERVER_TEST_CONNECTION(+_SERVER/_AUTH) - same silent-skip caveat applies",Implemented,n/a,n/a,"SqlServerLeaveRequestSubmissionConcurrencyTests, SqlServerLeaveRequestApprovalConcurrencyTests, SqlServerLeaveRequestCancellationConcurrencyTests, SqlServerLeaveRequestWithdrawalConcurrencyTests, SqlServerLeaveRequestRequestLimitConcurrencyTests, SqlServerLeaveRequestSubmissionDeadlockTests, SqlServerAllocatedLeaveAccountingConcurrencyTests",n/a,n/a,1,LEAVE-PROV-003,0,,,
07-leave,Provider Parity,F-LEAVE-316,"Period-close carry-forward/lapse and accrual-replay idempotency must be independently confirmed on MySQL and SQL Server, not assumed from the SQLite-backed foundation tests - the ExecuteUpdateAsync-based claim pattern (LeaveAccrualProcessor.ClaimAsync, LeavePeriodCloseProcessor.ClaimAsync) translates to different underlying SQL per provider",Needs clarification,n/a,n/a,MySqlLeaveAccrualIntegrationTests (opt-in); no equivalent SqlServer accrual/period-close provider-acceptance class was found in the inventory - a coverage gap in its own right,n/a,n/a,1,LEAVE-PROV-004,0,,,
07-leave,Provider Parity,F-LEAVE-317,"Unique-constraint behavior (LeaveType/LeavePolicy/LeavePeriod Code uniqueness, the LeaveRequests idempotency index, LeaveBalanceImportRows duplicate-row detection) must be confirmed to raise the SAME classified Conflict on MySQL (duplicate-key 1062) and SQL Server (2601/2627) as it does on SQLite - IsIdempotencyViolation's own number check (2601/2627) is explicitly SQL-Server-shaped and untested against MySQL's own error surface in this file",Needs clarification,n/a,n/a,LeaveRequestSubmissionService.IsIdempotencyViolation,n/a,n/a,1,LEAVE-PROV-005,0,,,
07-leave,Cancellation,F-LEAVE-318,"LeavePolicyCancellationRule.WithdrawAllowed is a real, saved, API-visible policy field (LeavePolicyCancellationSection.tsx renders it as a toggle) but LeaveRequestWithdrawalService.AttemptAsync never reads CancellationRule or WithdrawAllowed anywhere - withdrawal of a PendingApproval request is UNCONDITIONALLY allowed regardless of how this flag is configured, unlike Cancellation's own CancelAllowed which IS enforced",Needs clarification,LeavePolicyCancellationSection.tsx 'Allow Withdraw' toggle has no effect on runtime behavior,POST /api/leave-requests/{requestId}/withdraw (WithdrawAllowed=false configured),LeaveRequestWithdrawalService.AttemptAsync (no CancellationRule/WithdrawAllowed reference anywhere in the file),Leave.RequestWithdrawOwn,LeavePolicyCancellationRules,3,"LEAVE-CANCEL-005, LEAVE-CANCEL-011, LEAVE-CANCEL-012",0,,,
07-leave,Comp Off,F-LEAVE-319,"Withdrawing a PendingApproval Comp-Off-type leave request has NO CompOff-specific branch in LeaveRequestWithdrawalService (contrast: Submission/Approval/Cancellation all explicitly check LeaveType.IsCompOff and delegate to ICompOffService) - only the generic Allocated-mode ReleaseReservationAsync path runs, which is gated on EntitlementMode==Allocated and may not correspond to how a Comp-Off LeaveType's own rule is classified, risking an un-released CompOffLeaveAllocation row after a PendingApproval Comp-Off request is withdrawn",Needs clarification,n/a,POST /api/leave-requests/{compOffRequestId}/withdraw,"LeaveRequestWithdrawalService.AttemptAsync (no IsCompOff branch, contrast LeaveRequestSubmissionService/LeaveRequestApprovalService/LeaveRequestCancellationService which all have one)",Leave.RequestWithdrawOwn,CompOffLeaveAllocations,1,LEAVE-COMPOFF-022,0,,,
