Module,Group,Functionality ID,Functionality,Implementation Status,UI,API,Service,Permission,DB Impact,Manual Case Count,Manual Test Cases,Existing Test Count,Existing Tests,Automation Tests (Playwright),Defects
09-separation,Initiation - Self,F-SEP-001,Employee self-initiates a resignation (create Draft case),Implemented,MySeparationPage 'Start a request' form,POST /api/separation/me,SeparationService.CreateSelfAsync -> CreateCoreAsync,Separation.CreateSelf,"EmployeeSeparations, EmployeeSeparationEvents",1,SEP-INIT-001,0,,,
09-separation,Initiation - Self,F-SEP-002,"Self-service resolves the acting employee only via the authoritative account-employee link, never a client-supplied id",Implemented,MySeparationPage,POST /api/separation/me,IEmployeeIdentityResolver.ResolveCurrentAsync,Separation.CreateSelf,AccountEmployeeCurrentLinks,1,SEP-INIT-002,0,,,
09-separation,Initiation - HR,F-SEP-003,HR/Admin employer-initiated separation for a specific employee,Implemented,n/a (no dedicated HR-initiate frontend screen was found),POST /api/separation/employees/{employeeId},SeparationService.CreateForEmployeeAsync -> CreateCoreAsync,Separation.Initiate,"EmployeeSeparations, EmployeeSeparationEvents",1,SEP-INIT-003,0,,,
09-separation,Initiation - HR,F-SEP-004,Employer-initiated creation always stamps InitiatedBy=Hr; Manager/System initiator enum values are never produced by any code path,Implemented,n/a,POST /api/separation/employees/{employeeId},SeparationService.CreateForEmployeeAsync,Separation.Initiate,EmployeeSeparations.InitiatedBy,1,SEP-INIT-004,0,,,
09-separation,Initiation - Validation,F-SEP-005,"Reason must exist in tenant, else Invalid",Implemented,,"POST /api/separation/me, /employees/{id}",SeparationService.CreateCoreAsync,Separation.CreateSelf / Initiate,SeparationReasons,1,SEP-INIT-005,0,,,
09-separation,Initiation - Validation,F-SEP-006,"Reason must be active and within its EffectiveFrom/EffectiveTo window, else Invalid",Implemented,,"POST /api/separation/me, /employees/{id}",SeparationService.CreateCoreAsync,Separation.CreateSelf / Initiate,SeparationReasons,1,SEP-INIT-006,0,,,
09-separation,Initiation - Validation,F-SEP-007,Reason must be allowed for the initiator type (EmployeeInitiatedAllowed/EmployerInitiatedAllowed),Implemented,,"POST /api/separation/me, /employees/{id}",SeparationService.CreateCoreAsync,Separation.CreateSelf / Initiate,SeparationReasons,1,SEP-INIT-007,0,,,
09-separation,Initiation - Validation,F-SEP-008,"ProposedLastWorkingDate must be >= RequestDate, else Invalid",Implemented,,"POST /api/separation/me, /employees/{id}",SeparationService.CreateCoreAsync,Separation.CreateSelf / Initiate,EmployeeSeparations,1,SEP-INIT-008,0,,,
09-separation,Initiation - Validation,F-SEP-009,An employee may not have more than one active (non-terminal) separation case at a time,Implemented,,"POST /api/separation/me, /employees/{id}",SeparationService.CreateCoreAsync,Separation.CreateSelf / Initiate,EmployeeSeparations,1,SEP-INIT-009,0,,,
09-separation,Initiation - Concurrency,F-SEP-010,Concurrent duplicate-active-case race is caught at the DB layer as a fallback to the pre-check,Implemented,,POST /api/separation/me,SeparationService.CreateCoreAsync (DbUpdateException fallback),Separation.CreateSelf,EmployeeSeparations (ActiveEmployeeKey unique constraint),1,SEP-INIT-010,0,,,
09-separation,Initiation - Validation,F-SEP-011,"Employee row must exist in the tenant for HR-initiated creation, else NotFound",Implemented,,POST /api/separation/employees/{employeeId},SeparationService.CreateForEmployeeAsync,Separation.Initiate,Employees,1,SEP-INIT-011,0,,,
09-separation,Initiation - Tenant Isolation,F-SEP-012,"Cross-tenant employeeId on HR-initiated creation is denied (NotFound, not Forbidden)",Implemented,,POST /api/separation/employees/{employeeId},SeparationService.CreateForEmployeeAsync,Separation.Initiate,Employees (TenantId filter),1,SEP-INIT-011,0,,,
09-separation,Initiation - Validation,F-SEP-013,"An inactive/already-separated employee is still permitted to create a NEW case as long as no active case exists (only the active-case check gates creation, not Employee.Status)",Implemented,,"POST /api/separation/me, /employees/{id}",SeparationService.CreateCoreAsync,Separation.CreateSelf / Initiate,"EmployeeSeparations, Employees",1,SEP-INIT-012,0,,,
09-separation,Initiation - Boundary,F-SEP-014,A same-day separation (RequestDate == ProposedLastWorkingDate) is accepted; no minimum-notice check exists at creation time,Implemented,,POST /api/separation/me,SeparationService.CreateCoreAsync,Separation.CreateSelf,EmployeeSeparations,1,SEP-INIT-013,0,,,
09-separation,Initiation - Boundary,F-SEP-015,"A backdated RequestDate (in the past) is accepted; creation never compares dates to ""today"", only to each other",Implemented,,POST /api/separation/me,SeparationService.CreateCoreAsync,Separation.CreateSelf,EmployeeSeparations,1,SEP-INIT-014,0,,,
09-separation,Initiation - Data,F-SEP-016,SeparationNumber is generated as SEP-{yyyy}-{16-char guid} and NoticePeriodDays is pre-seeded (display-only) from EmployeeEmployment.NoticePeriod,Implemented,,"POST /api/separation/me, /employees/{id}",SeparationService.CreateCoreAsync,Separation.CreateSelf / Initiate,EmployeeSeparations,1,SEP-INIT-015,0,,,
09-separation,Initiation - Audit,F-SEP-017,A Created event is appended on successful creation,Implemented,,"POST /api/separation/me, /employees/{id}",SeparationService.CreateCoreAsync,Separation.CreateSelf / Initiate,EmployeeSeparationEvents,1,SEP-INIT-016,0,,,
09-separation,Initiation - Reason Master,F-SEP-018,"Separation reason master data - list, create, update (Manage permission)",Implemented,n/a (no dedicated reason-master frontend screen was found),GET/POST/PUT /api/separation/reasons,SeparationService.GetReasonsAsync / CreateReasonAsync / UpdateReasonAsync,Separation.ViewSelf (GET) / Separation.Manage (POST/PUT),SeparationReasons,2,"SEP-INIT-017, SEP-INIT-019",0,,,
09-separation,Initiation - Reason Master,F-SEP-019,"Reason master requires Code and Name, and EffectiveTo cannot precede EffectiveFrom",Implemented,,POST/PUT /api/separation/reasons,SeparationService.CreateReasonAsync / UpdateReasonAsync,Separation.Manage,SeparationReasons,1,SEP-INIT-017,0,,,
09-separation,Initiation - Reason Master,F-SEP-020,"Reason Code must be unique per tenant, else Conflict",Implemented,,POST /api/separation/reasons,SeparationService.CreateReasonAsync,Separation.Manage,SeparationReasons,1,SEP-INIT-018,0,,,
09-separation,State Machine,F-SEP-021,"EmployeeSeparationStatus declared order: Draft, Submitted, ManagerReview, HrReview, Approved, Rejected, Withdrawn, NoticePeriod, ReadyForExit, Exited, Cancelled, Closed",Implemented,,n/a (enum),Backend/HRMS.Domain/Enums/SeparationEnums.cs,n/a,EmployeeSeparations.Status,1,SEP-SM-001,0,,,
09-separation,State Machine,F-SEP-022,"Submitted, NoticePeriod, Exited, and Cancelled are never assigned by any code path in the repository - dead/unreachable states",Implemented,,n/a,Backend/HRMS.Application/Services/SeparationService.cs (repo-wide reachability),n/a,EmployeeSeparations.Status,1,SEP-SM-002,0,,,
09-separation,State Machine,F-SEP-023,Draft -> ManagerReview (employee-initiated Submit) or Draft -> HrReview (employer-initiated Submit),Implemented,,POST /api/separation/{id}/submit,SeparationService.SubmitAsync -> SubmitCoreAsync,Separation.Submit,"EmployeeSeparations, EmployeeSeparationEvents",1,SEP-SM-003,0,,,
09-separation,State Machine,F-SEP-024,Submit is rejected with Conflict unless the case is exactly Draft,Implemented,,POST /api/separation/{id}/submit,SeparationService.SubmitCoreAsync,Separation.Submit,EmployeeSeparations,3,"SEP-SM-003, SEP-SM-004, SEP-APPR-019",0,,,
09-separation,State Machine,F-SEP-025,ManagerReview -> HrReview (ManagerApprove),Implemented,,POST /api/separation/{id}/manager-approve,SeparationService.ManagerApproveAsync,Separation.ManagerReview,"EmployeeSeparations, EmployeeSeparationEvents",1,SEP-SM-007,0,,,
09-separation,State Machine,F-SEP-026,ManagerReview -> Rejected (ManagerReject),Implemented,,POST /api/separation/{id}/manager-reject,SeparationService.ManagerRejectAsync,Separation.ManagerReview,"EmployeeSeparations, EmployeeSeparationEvents",1,SEP-SM-007,0,,,
09-separation,State Machine,F-SEP-027,HrReview -> Approved (HrApprove) - computes/stamps the full notice snapshot and mutates EmployeeEmployment,Implemented,,POST /api/separation/{id}/hr-approve,SeparationService.HrApproveAsync,Separation.HrReview,"EmployeeSeparations, EmployeeEmployments, EmployeeSeparationEvents",1,SEP-SM-008,0,,,
09-separation,State Machine,F-SEP-028,HrReview -> Rejected (HrReject),Implemented,,POST /api/separation/{id}/hr-reject,SeparationService.HrRejectAsync,Separation.HrReview,"EmployeeSeparations, EmployeeSeparationEvents",1,SEP-SM-008,0,,,
09-separation,State Machine,F-SEP-029,"{Draft, Submitted(dead), ManagerReview} -> Withdrawn (Withdraw), initiator only",Implemented,,POST /api/separation/{id}/withdraw,SeparationService.WithdrawAsync -> TransitionAsync,Separation.Withdraw,"EmployeeSeparations, EmployeeSeparationEvents",2,"SEP-SM-005, SEP-SM-006",0,,,
09-separation,State Machine,F-SEP-030,Rejected and Withdrawn are terminal - no transition out of either exists anywhere in the service,Implemented,,n/a,SeparationService.cs (Terminal set),n/a,EmployeeSeparations,1,SEP-SM-009,0,,,
09-separation,State Machine,F-SEP-031,"Approved -> ReadyForExit only via ClearanceService.CompleteAsync's cross-module side effect (phase 8D), never inside SeparationService itself",Implemented,,POST /api/separation/clearance/{id}/complete,ClearanceService.CompleteAsync,Separation.Clearance.Complete,"EmployeeSeparations, SeparationClearances",1,SEP-SM-010,0,,,
09-separation,State Machine,F-SEP-032,-> Closed is set in exactly one place in the entire codebase: SeparationExitService.ExecuteAsync's final-closure step (phase 8H),Implemented,,POST /api/separation/exit/{id}/execute (see Group Q),SeparationExitService.ExecuteAsync,Separation.Manage,EmployeeSeparations,1,SEP-SM-011,0,,,
09-separation,State Machine,F-SEP-033,"Closed is excluded from SeparationService.Terminal ({Rejected, Withdrawn, Cancelled, Exited} only) - a Closed case may still count as this employee's 'active' case for the one-active-case-per-employee check",Implemented,,POST /api/separation/me (rehire-then-resign scenario),SeparationService.CreateCoreAsync (Terminal.Contains check),Separation.CreateSelf,EmployeeSeparations,1,SEP-SM-012,0,,,
09-separation,State Machine,F-SEP-034,"A repeated action against a case not in its exactly-required status returns Conflict, never idempotent success (contrast with ReviseApprovedLwdAsync's deliberate no-op)",Implemented,,"POST /api/separation/{id}/manager-approve, /hr-approve, etc.",SeparationService.LoadForActionAsync,varies per action,EmployeeSeparations,2,"SEP-SM-013, SEP-APPR-014",0,,,
09-separation,State Machine,F-SEP-035,EmployeeSeparationEventType full audit trail is append-only and readable via history,Implemented,MySeparationPage timeline,GET /api/separation/{id}/history,SeparationService.GetHistoryAsync,Separation.ViewHistory,EmployeeSeparationEvents,1,SEP-SM-014,0,,,
09-separation,State Machine,F-SEP-036,Get a single case by id (tenant-scoped),Implemented,,GET /api/separation/{id},SeparationService.GetAsync,Separation.ViewAll,EmployeeSeparations,1,SEP-SM-015,0,,,
09-separation,State Machine,F-SEP-037,"List all cases tenant-wide, capped at 500, desc by CreatedDate",Implemented,,GET /api/separation,SeparationService.GetAllAsync,Separation.ViewAll,EmployeeSeparations,1,SEP-SM-015,0,,,
09-separation,State Machine,F-SEP-038,Get caller's own current (latest non-terminal) case and full self history,Implemented,MySeparationPage,"GET /api/separation/me/current, /me/history",SeparationService.GetCurrentSelfAsync / GetMineAsync,Separation.ViewSelf,EmployeeSeparations,1,SEP-SM-016,0,,,
09-separation,Notice Period,F-SEP-039,"Required notice days are snapshotted only at HR-approval time from EmployeeEmployment.NoticePeriod/NoticePeriodUnit, not at creation",Implemented,,POST /api/separation/{id}/hr-approve,SeparationService.HrApproveAsync,Separation.HrReview,"EmployeeSeparations, EmployeeEmployments",1,SEP-NOT-001,0,,,
09-separation,Notice Period,F-SEP-040,"HR approval requires a positive, day-based (NoticePeriodUnit=='Days') employment notice period, else Conflict",Implemented,,POST /api/separation/{id}/hr-approve,SeparationService.HrApproveAsync,Separation.HrReview,EmployeeEmployments,2,"SEP-NOT-001, SEP-NOT-002",0,,,
09-separation,Notice Period,F-SEP-041,Notice start = NoticeStartDate ?? RequestDate; expected end = start + required - 1,Implemented,,POST /api/separation/{id}/hr-approve,SeparationService.HrApproveAsync,Separation.HrReview,EmployeeSeparations,1,SEP-NOT-003,0,,,
09-separation,Notice Period,F-SEP-042,"Served days = max(0, ApprovedLastWorkingDate - NoticeStartDate + 1)",Implemented,,GET /api/separation/{id}/notice,SeparationService.GetNoticeAsync,Separation.ViewHistory,EmployeeSeparations,1,SEP-NOT-003,0,,,
09-separation,Notice Period,F-SEP-043,"Shortfall = max(0, required - served - waived); Extension = max(0, served - required)",Implemented,,GET /api/separation/{id}/notice,SeparationService.GetNoticeAsync,Separation.ViewHistory,EmployeeSeparations,1,SEP-NOT-003,0,,,
09-separation,Notice Period,F-SEP-044,Zero-day / shortened notice (approved LWD close to notice start) is fully supported by the same served/shortfall formulas - no special-case code exists,Implemented,,POST /api/separation/{id}/hr-approve,SeparationService.HrApproveAsync,Separation.HrReview,EmployeeSeparations,1,SEP-NOT-004,0,,,
09-separation,Notice Period,F-SEP-045,"Extended notice (LWD served beyond required days) is supported via ReviseApprovedLwdAsync, producing NoticeExtensionDays > 0",Implemented,,POST /api/separation/{id}/revise-approved-lwd,SeparationService.ReviseApprovedLwdAsync,Separation.ReviseApprovedLastWorkingDate,"EmployeeSeparations, EmployeeEmployments",1,SEP-NOT-005,0,,,
09-separation,Notice Period,F-SEP-046,"Notice waiver is additive-only (WaivedNoticeDays += WaiverDays), capped at the CURRENT remaining shortfall recomputed each call (supports multiple partial waivers)",Implemented,,POST /api/separation/{id}/notice/waive,SeparationService.ApplyNoticeWaiverAsync,Separation.NoticeWaive,"EmployeeSeparations, EmployeeSeparationEvents",1,SEP-NOT-006,0,,,
09-separation,Notice Period,F-SEP-047,"WaiverDays must be > 0, else Invalid; waiver exceeding remaining shortfall is Invalid",Implemented,,POST /api/separation/{id}/notice/waive,SeparationService.ApplyNoticeWaiverAsync,Separation.NoticeWaive,EmployeeSeparations,2,"SEP-NOT-006, SEP-NOT-007",0,,,
09-separation,Notice Period,F-SEP-048,Notice waiver is Approved-status-only and requires the notice snapshot to already exist,Implemented,,POST /api/separation/{id}/notice/waive,SeparationService.ApplyNoticeWaiverAsync,Separation.NoticeWaive,EmployeeSeparations,1,SEP-NOT-008,0,,,
09-separation,Notice Period,F-SEP-049,Full shortfall waived sets NoticeDisposition=CompanyWaived; partial sets Waived; unwaived shortfall>0 sets Recoverable; no shortfall sets None,Implemented,,POST /api/separation/{id}/notice/waive,SeparationService.ApplyNoticeWaiverAsync,Separation.NoticeWaive,EmployeeSeparations,1,SEP-NOT-009,0,,,
09-separation,Notice Period,F-SEP-050,No monetary computation happens inside Separation's own notice waiver/snapshot logic - confirmed zero PayrollResult/FinalSettlement rows created,Implemented,,POST /api/separation/{id}/notice/waive,SeparationService.ApplyNoticeWaiverAsync,Separation.NoticeWaive,"PayrollResults, FinalSettlementCases (unaffected)",1,SEP-NOT-010,0,,,
09-separation,Notice Period,F-SEP-051,"Notice recovery amount (money) is computed only downstream, in Payroll's SeparationBenefitsService.CalculateNoticeAsync, from EmployeeEmployments fields - NOT from EmployeeSeparation's own notice snapshot",Implemented,,POST /api/payroll/separation-benefits/{employeeId}/calculate,SeparationBenefitsService.CalculateNoticeAsync,Payroll.SeparationBenefits.Calculate,"EmployeeEmployments, FinalSettlementLines",1,SEP-NOT-011,0,,,
09-separation,Notice Period,F-SEP-052,"Get notice detail and notice history (history is identical to the case's general event history, not notice-filtered)",Implemented,MySeparationPage notice card,"GET /api/separation/{id}/notice, /notice/history",SeparationService.GetNoticeAsync / GetNoticeHistoryAsync,Separation.ViewHistory,"EmployeeSeparations, EmployeeSeparationEvents",1,SEP-NOT-012,0,,,
09-separation,Notice Period,F-SEP-053,"Invalid date range at HR approval - approved LWD before request date, before DateOfJoining, before notice start, or after Employee.DateOfLeaving is rejected",Implemented,,POST /api/separation/{id}/hr-approve,SeparationService.HrApproveAsync,Separation.HrReview,"EmployeeSeparations, EmployeeEmployments, Employees",2,"SEP-NOT-013, SEP-NOT-014",0,,,
09-separation,Notice Period,F-SEP-054,Pre-approval LWD change (ReviseLwdAsync) is HrReview-status-only and only validates NewLastWorkingDate >= RequestDate - no upper bound / no DateOfLeaving check,Implemented,,POST /api/separation/{id}/revise-lwd,SeparationService.ReviseLwdAsync,Separation.ReviseLastWorkingDate,"EmployeeSeparations, EmployeeSeparationEvents",2,"SEP-NOT-015, SEP-NOT-016",0,,,
09-separation,Notice Period,F-SEP-055,Backdated pre-approval LWD revision (earlier than an already-set Employee.DateOfLeaving) is silently accepted - no such check exists in ReviseLwdAsync,Implemented,,POST /api/separation/{id}/revise-lwd,SeparationService.ReviseLwdAsync,Separation.ReviseLastWorkingDate,EmployeeSeparations,1,SEP-NOT-015,0,,,
09-separation,Notice Period,F-SEP-056,Future-dated LWD (well beyond notice requirement) is accepted at both creation and any revision point - no maximum-notice validation exists,Implemented,,"POST /api/separation/me, /revise-lwd, /revise-approved-lwd",SeparationService.cs,varies,EmployeeSeparations,1,SEP-NOT-017,0,,,
09-separation,Last Working Date,F-SEP-057,Requested LWD (ProposedLastWorkingDate) is captured at creation and mutable pre-approval via ReviseLwdAsync,Implemented,,"POST /api/separation/me, /revise-lwd",SeparationService.CreateCoreAsync / ReviseLwdAsync,Separation.CreateSelf / ReviseLastWorkingDate,EmployeeSeparations.ProposedLastWorkingDate,1,SEP-NOT-018,0,,,
09-separation,Last Working Date,F-SEP-058,Approved LWD (ApprovedLastWorkingDate) is stamped only at HrApproveAsync from ProposedLastWorkingDate and becomes the authoritative date for every downstream module,Implemented,,POST /api/separation/{id}/hr-approve,SeparationService.HrApproveAsync,Separation.HrReview,EmployeeSeparations.ApprovedLastWorkingDate,1,SEP-NOT-019,0,,,
09-separation,Last Working Date,F-SEP-059,"Post-approval LWD change (ReviseApprovedLwdAsync) is Approved-status-only, requires reason, and IS idempotent no-op when the new date equals the current one",Implemented,,POST /api/separation/{id}/revise-approved-lwd,SeparationService.ReviseApprovedLwdAsync,Separation.ReviseApprovedLastWorkingDate,"EmployeeSeparations, EmployeeEmployments, EmployeeSeparationEvents",1,SEP-NOT-020,0,,,
09-separation,Last Working Date,F-SEP-060,Post-approval LWD revision is blocked entirely if a FinalSettlementCase for this employee/date is already Finalized,Implemented,,POST /api/separation/{id}/revise-approved-lwd,SeparationService.ReviseApprovedLwdAsync,Separation.ReviseApprovedLastWorkingDate,FinalSettlementCases,1,SEP-NOT-021,0,,,
09-separation,Last Working Date,F-SEP-061,"Post-approval LWD revision requires new date >= NoticeStartDate and <= Employee.DateOfLeaving (if set), and produces ApprovedLwdExtended/ApprovedLwdReduced events",Implemented,,POST /api/separation/{id}/revise-approved-lwd,SeparationService.ReviseApprovedLwdAsync,Separation.ReviseApprovedLastWorkingDate,"EmployeeSeparations, EmployeeSeparationEvents",1,SEP-NOT-022,0,,,
09-separation,Last Working Date,F-SEP-062,"LWD before DOJ is rejected at HR approval (Invalid, field approvedLastWorkingDate)",Implemented,,POST /api/separation/{id}/hr-approve,SeparationService.HrApproveAsync,Separation.HrReview,EmployeeEmployments,1,SEP-NOT-023,0,,,
09-separation,Last Working Date,F-SEP-063,LWD before notice start is rejected both at HR approval and at post-approval revision,Implemented,,"POST /api/separation/{id}/hr-approve, /revise-approved-lwd",SeparationService.HrApproveAsync / ReviseApprovedLwdAsync,Separation.HrReview / ReviseApprovedLastWorkingDate,EmployeeSeparations,2,"SEP-NOT-014, SEP-NOT-023",0,,,
09-separation,Last Working Date,F-SEP-064,LWD after notice end is accepted (produces a notice extension) rather than rejected - there is no upper-bound-against-notice-end check,Implemented,,"POST /api/separation/{id}/hr-approve, /revise-approved-lwd",SeparationService.cs,varies,EmployeeSeparations,1,SEP-NOT-024,0,,,
09-separation,Last Working Date,F-SEP-065,HR approval syncs EmployeeEmployment.NoticeStatus=Active/NoticeStartDate/NoticeEndDate atomically with the separation row inside one DB transaction,Implemented,,POST /api/separation/{id}/hr-approve,SeparationService.HrApproveAsync,Separation.HrReview,"EmployeeSeparations, EmployeeEmployments",1,SEP-NOT-025,0,,,
09-separation,Last Working Date,F-SEP-066,"Holiday/weekly-off interaction with LWD/notice dates is not validated anywhere in SeparationService - all date math is calendar-day arithmetic, not working-day-aware",Implemented,,POST /api/separation/{id}/hr-approve,SeparationService.HrApproveAsync,Separation.HrReview,EmployeeSeparations,1,SEP-NOT-026,0,,,
09-separation,Last Working Date,F-SEP-067,A future-dated exit (LWD set well ahead) does not itself change Employee.Status - the employee remains fully Active with full login until SeparationExitService.ExecuteAsync runs at/after the LWD,Implemented,,GET /api/separation/{id},SeparationService.cs / SeparationExitService.EvaluateAsync (LwdNotReached blocker),Separation.ViewAll,"Employees, EmployeeSeparations",1,SEP-NOT-027,0,,,
09-separation,Approval Workflow,F-SEP-068,Manager approval requires the actor to be the effective manager resolved as of the separation's RequestDate (not today),Implemented,,POST /api/separation/{id}/manager-approve,SeparationService.ManagerApproveAsync -> IEmployeeManagerResolver.ResolveAsync,Separation.ManagerReview,EmployeeEmploymentHistory,1,SEP-APPR-001,0,,,
09-separation,Approval Workflow,F-SEP-069,An employee cannot manager-approve/reject their own separation (self-review block),Implemented,,"POST /api/separation/{id}/manager-approve, /manager-reject",SeparationService.ManagerApproveAsync / ManagerRejectAsync,Separation.ManagerReview,EmployeeSeparations,1,SEP-APPR-002,0,,,
09-separation,Approval Workflow,F-SEP-070,Manager reject requires a non-blank reason,Implemented,,POST /api/separation/{id}/manager-reject,SeparationService.ManagerRejectAsync,Separation.ManagerReview,EmployeeSeparations,1,SEP-APPR-003,0,,,
09-separation,Approval Workflow,F-SEP-071,HR approval maker-checker: the case's InitiatedByUserId cannot HR-approve or HR-reject their own case,Implemented,,"POST /api/separation/{id}/hr-approve, /hr-reject",SeparationService.HrApproveAsync / HrRejectAsync,Separation.HrReview,EmployeeSeparations,1,SEP-APPR-004,0,,,
09-separation,Approval Workflow,F-SEP-072,"HR approval requires an existing EmployeeEmployment record, else Conflict",Implemented,,POST /api/separation/{id}/hr-approve,SeparationService.HrApproveAsync,Separation.HrReview,EmployeeEmployments,1,SEP-APPR-005,0,,,
09-separation,Approval Workflow,F-SEP-073,HR reject requires a non-blank reason,Implemented,,POST /api/separation/{id}/hr-reject,SeparationService.HrRejectAsync,Separation.HrReview,EmployeeSeparations,1,SEP-APPR-006,0,,,
09-separation,Approval Workflow,F-SEP-074,Employer-initiated cases skip Manager Review entirely on Submit and route straight to HrReview,Implemented,,POST /api/separation/{id}/submit,SeparationService.SubmitCoreAsync,Separation.Submit,EmployeeSeparations,1,SEP-APPR-007,0,,,
09-separation,Approval Workflow,F-SEP-075,There is no multi-stage (beyond Manager->HR) approval and no return/rework transition anywhere - Rejected is terminal,Implemented,,n/a,SeparationService.cs,n/a,EmployeeSeparations,1,SEP-APPR-008,0,,,
09-separation,Approval Workflow,F-SEP-076,Maker-checker on manager approval only blocks self-review (employee==subject) and wrong-manager identity - there is no separate InitiatedByUserId maker-checker on the manager stage the way HR stage has one,Implemented,,POST /api/separation/{id}/manager-approve,SeparationService.ManagerApproveAsync,Separation.ManagerReview,EmployeeSeparations,1,SEP-APPR-009,0,,,
09-separation,Approval Workflow,F-SEP-077,HR approval is wrapped in an explicit DB transaction covering both the separation row and EmployeeEmployment - a mid-transaction failure rolls back both atomically,Implemented,,POST /api/separation/{id}/hr-approve,SeparationService.HrApproveAsync,Separation.HrReview,"EmployeeSeparations, EmployeeEmployments",1,SEP-APPR-010,0,,,
09-separation,Approval Workflow,F-SEP-078,"Concurrent competing transitions on the same case (approve-vs-reject, approve-vs-withdraw, approve-vs-approve) resolve to exactly one success via EF optimistic concurrency (ConcurrencyVersion)",Implemented,,"POST /api/separation/{id}/manager-approve, /manager-reject, /hr-approve, /hr-reject, /withdraw",SeparationService.cs,varies,EmployeeSeparations.ConcurrencyVersion,3,"SEP-APPR-011, SEP-APPR-012, SEP-APPR-013",0,,,
09-separation,Approval Workflow,F-SEP-079,"Get the manager review queue (team-scoped) and the HR review queue (tenant-wide, ViewAll/HrReview permission)",Implemented,SeparationInboxPage (manager and hr modes),"GET /api/separation/inbox/manager, /inbox/hr",SeparationService.GetManagerInboxAsync / GetHrInboxAsync,Separation.ManagerReview / HrReview,EmployeeSeparations,1,SEP-APPR-015,0,,,
09-separation,Approval Workflow,F-SEP-080,"GetTeamAsync/manager-inbox resolve 'my team' as of TODAY, while ManagerApprove/Reject resolve authority as of the separation's REQUEST DATE - a manager-scope date asymmetry",Implemented,,"GET /api/separation/team, /inbox/manager",SeparationService.GetTeamAsync vs ManagerApproveAsync,Separation.ViewTeam / ManagerReview,EmployeeEmploymentHistory,1,SEP-APPR-016,0,,,
09-separation,Approval Workflow,F-SEP-081,GetTeamAsync/GetManagerInboxAsync resolve every employee's current manager via IEmployeeManagerResolver in an O(n) per-request loop over ALL tenant separation cases - no role-scope (HRBP/SuperHR) fallback exists,Implemented,,"GET /api/separation/team, /inbox/manager",SeparationService.GetTeamAsync,Separation.ViewTeam,EmployeeEmploymentHistory,1,SEP-APPR-017,0,,,
09-separation,Employment Integration,F-SEP-082,"Throughout Draft/ManagerReview/HrReview/Approved/notice period, Employee.Status remains fully Active - Separation's own lifecycle service never mutates Employee.Status before exit execution",Implemented,,GET /api/separation/{id},SeparationService.cs (absence of Employee.Status writes),Separation.ViewAll,Employees.Status,1,SEP-EMPL-001,0,,,
09-separation,Employment Integration,F-SEP-083,"Exit readiness evaluation (10 blocker checks in exact order): SeparationNotApproved, MissingFinalLwd, LwdNotReached, NoticeNotFinalized, ClearanceIncomplete, AssetReturnPending, ExitInterviewIncomplete, FinalSettlementIncomplete, EmploymentStateInvalid, ManagerReassignmentRequired",Implemented,SeparationExitClosurePage dashboard row,GET /api/separation/exit/{id}/readiness,SeparationExitService.EvaluateAsync,Separation.ViewAll,"EmployeeSeparations, SeparationClearances, SeparationExitInterviews, SeparationSettlementOrchestrations",1,SEP-EMPL-002,0,,,
09-separation,Employment Integration,F-SEP-084,An already-Closed separation short-circuits readiness to IsReady=true with zero blockers,Implemented,,GET /api/separation/exit/{id}/readiness,SeparationExitService.EvaluateAsync,Separation.ViewAll,EmployeeSeparations,1,SEP-EMPL-003,0,,,
09-separation,Employment Integration,F-SEP-085,Exit execution cannot run before the repository business date reaches the Approved LWD (LwdNotReached blocker),Implemented,,POST /api/separation/exit/{id}/execute,SeparationExitService.EvaluateAsync / ExecuteAsync,Separation.Manage,EmployeeSeparations,1,SEP-EMPL-004,0,,,
09-separation,Employment Integration,F-SEP-086,"ExecuteEmploymentAsync (checkpoint 1 of 4): if Employee.Status==Active, sets DateOfLeaving=FinalLastWorkingDate, Status=Terminated, JobStatus='Separated'",Implemented,,POST /api/separation/exit/{id}/execute,SeparationExitService.ExecuteEmploymentAsync,Separation.Manage,"Employees.Status, DateOfLeaving, JobStatus",1,SEP-EMPL-005,0,,,
09-separation,Employment Integration,F-SEP-087,"ExecuteEmploymentAsync end-dates every current EmployeeEmploymentHistory row (EffectiveTo=finalLwd, EmploymentStatus=Terminated)",Implemented,,POST /api/separation/exit/{id}/execute,SeparationExitService.ExecuteEmploymentAsync,Separation.Manage,EmployeeEmploymentHistory,1,SEP-EMPL-005,0,,,
09-separation,Employment Integration,F-SEP-088,Each of the 4 exit-execution checkpoints is individually idempotency-guarded (its own *ExecutedAtUtc marker) and independently committed - not one all-or-nothing transaction,Implemented,,POST /api/separation/exit/{id}/execute,SeparationExitService.ExecuteAsync,Separation.Manage,SeparationExitExecutions,1,SEP-EMPL-006,0,,,
09-separation,Employment Integration,F-SEP-089,"A partial exit-execution failure marks the execution Failed with FailureCode/FailureMessage; already-committed checkpoints are NOT rolled back, and Retry resumes from the next incomplete checkpoint",Implemented,,POST /api/separation/exit/{id}/retry,SeparationExitService.RetryAsync / ExecuteAsync,Separation.Manage,SeparationExitExecutions,1,SEP-EMPL-006,0,,,
09-separation,Employment Integration,F-SEP-090,Repeated Execute after Completed is idempotent success with no re-mutation and no duplicate SeparationClosed event,Implemented,,POST /api/separation/exit/{id}/execute,SeparationExitService.ExecuteAsync,Separation.Manage,SeparationExitExecutions,1,SEP-EMPL-007,0,,,
09-separation,Employment Integration,F-SEP-091,"PayrollResult, gratuity, loans, reimbursements, GL, bank advice, and already-generated document bytes/hashes are never mutated by exit execution",Implemented,,POST /api/separation/exit/{id}/execute,SeparationExitService.ExecuteAsync,Separation.Manage,PayrollResults (unaffected),1,SEP-EMPL-008,0,,,
09-separation,Employment Integration,F-SEP-092,EmployeeSeparation.Status=Closed is set nowhere else in the codebase besides this one execution checkpoint - confirmed by repo-wide grep,Implemented,,n/a,SeparationExitService.ExecuteAsync,n/a,EmployeeSeparations.Status,1,SEP-EMPL-009,0,,,
09-separation,Employment Integration,F-SEP-093,AccountEmployeeCurrentLink itself is never deleted/unlinked by exit execution - only User.IsActive and role assignments change; link history is preserved,Implemented,,POST /api/separation/exit/{id}/execute,SeparationExitService.ExecuteAccessAsync,Separation.Manage,AccountEmployeeCurrentLinks (unaffected),1,SEP-EMPL-010,0,,,
09-separation,Employment Integration,F-SEP-094,"Get the exit dashboard (paged, filterable) and execute/retry actions",Implemented,SeparationExitClosurePage,"GET /api/separation/exit/dashboard, POST /{id}/execute, /{id}/retry",SeparationExitService.GetDashboardAsync / ExecuteAsync / RetryAsync,Separation.ViewAll (dashboard) / Manage (execute/retry),SeparationExitExecutions,1,SEP-EMPL-011,0,,,
09-separation,CR-53 Account Integration,F-SEP-095,"ExecuteAccessAsync (checkpoint 2): sets the linked tenant User.IsActive=false, only when an AccountEmployeeCurrentLink exists",Implemented,,POST /api/separation/exit/{id}/execute,SeparationExitService.ExecuteAccessAsync,Separation.Manage,Users.IsActive,1,SEP-EMPL-012,0,,,
09-separation,CR-53 Account Integration,F-SEP-096,"ExecuteSessionsAsync (checkpoint 3): revokes every currently-active RefreshToken for the linked user (RevokedAtUtc stamped, not deleted)",Implemented,,POST /api/separation/exit/{id}/execute,SeparationExitService.ExecuteSessionsAsync,Separation.Manage,RefreshTokens.RevokedAtUtc,1,SEP-EMPL-013,0,,,
09-separation,CR-53 Account Integration,F-SEP-097,"ExecuteRolesAsync (checkpoint 4): end-dates every currently-effective UserRole (EffectiveTo=finalLwd) and appends a Revoked UserRoleAssignmentEvent per role - roles are end-dated, not deleted",Implemented,,POST /api/separation/exit/{id}/execute,SeparationExitService.ExecuteRolesAsync,Separation.Manage,"UserRoles.EffectiveTo, UserRoleAssignmentEvents",1,SEP-EMPL-014,0,,,
09-separation,CR-53 Account Integration,F-SEP-098,AuthService.SignIn rejects a deactivated user with Forbidden 'This account has been deactivated. Please contact your administrator.' - a login attempt genuinely fails post-exit,Implemented,,POST /api/auth/login,AuthService.SignInAsync,AllowAnonymous,Users.IsActive,1,SEP-EMPL-015,0,,,
09-separation,CR-53 Account Integration,F-SEP-099,AuthService refresh-token redemption rejects a deactivated/revoked-token user - a session held before exit cannot be refreshed after exit,Implemented,,POST /api/auth/refresh,AuthService.RefreshTokenAsync,AllowAnonymous,"RefreshTokens, Users.IsActive",1,SEP-EMPL-016,0,,,
09-separation,CR-53 Account Integration,F-SEP-100,'An employee cannot execute their own separation exit' - the linked account owner is explicitly Forbidden from self-executing,Implemented,,POST /api/separation/exit/{id}/execute,SeparationExitService.ExecuteAsync,Separation.Manage,n/a,1,SEP-EMPL-017,0,,,
09-separation,CR-53 Account Integration,F-SEP-101,"Closed is terminal and one-directional - clearance reopen, exit-interview reopen, and settlement initiation are all separately blocked by their own 'SeparationAlreadyClosed' guard once Closed; ordinary retry cannot reactivate a Terminated employee",Implemented,,"POST /api/separation/clearance/{id}/reopen, /exit-interview/for/{id}/reopen, /{id}/settlement/initiate",ClearanceService.ReopenAsync / ExitInterviewService.ReopenAsync / SeparationSettlementOrchestrationService.InitiateAsync,varies,EmployeeSeparations.Status,2,"SEP-EMPL-018, SEP-EMPL-019",0,,,
09-separation,CR-53 Account Integration,F-SEP-102,GET /api/auth/me reflects the post-exit account state (deactivated user cannot even reach this endpoint once their session is revoked and re-login is blocked),Implemented,,GET /api/auth/me,AuthController / AuthService,authenticated,Users.IsActive,1,SEP-EMPL-020,0,,,
09-separation,CR-53 Account Integration,F-SEP-103,A never-linked employee (no AccountEmployeeCurrentLink) completes exit execution's access/session/role checkpoints as no-ops with no crash,Implemented,,POST /api/separation/exit/{id}/execute,SeparationExitService.ExecuteAccessAsync / ExecuteSessionsAsync / ExecuteRolesAsync,Separation.Manage,AccountEmployeeCurrentLinks (absence),1,SEP-EMPL-021,0,,,
09-separation,CR-53 Account Integration,F-SEP-104,"A crash window exists between checkpoints: if the process fails after ExecuteEmploymentAsync commits but before ExecuteAccessAsync commits, the employee is Status=Terminated while User.IsActive is STILL true and sessions are still live, until Retry runs",Implemented,,POST /api/separation/exit/{id}/execute (failure-injected),SeparationExitService.ExecuteAsync,Separation.Manage,"Employees.Status, Users.IsActive",1,SEP-EMPL-022,0,,,
09-separation,Manager Impact,F-SEP-105,ManagerReassignmentRequired blocker: exit execution is blocked while any OTHER Active employee's legacy Employee.ReportingManagerId still points at the separating employee,Implemented,,GET /api/separation/exit/{id}/readiness,SeparationExitService.EvaluateAsync,Separation.ViewAll,Employees.ReportingManagerId,1,SEP-MGR-001,0,,,
09-separation,Manager Impact,F-SEP-106,"The ManagerReassignmentRequired check reads ONLY the legacy flat Employee.ReportingManagerId column, never EmployeeEmploymentHistory.ManagerId - a manager recorded solely via Employment History produces no blocker at all",Implemented,,GET /api/separation/exit/{id}/readiness,SeparationExitService.EvaluateAsync,Separation.ViewAll,Employees.ReportingManagerId (not EmployeeEmploymentHistory),1,SEP-MGR-002,0,,,
09-separation,Manager Impact,F-SEP-107,Reassigning a blocked direct report's manager clears the ManagerReassignmentRequired blocker and allows execution to proceed,Implemented,,GET /api/separation/exit/{id}/readiness (after reassignment),SeparationExitService.EvaluateAsync,Separation.ViewAll,Employees.ReportingManagerId,1,SEP-MGR-003,0,,,
09-separation,Manager Impact,F-SEP-108,"No code path anywhere reassigns direct reports, EmployeeSupervisor rows (L1-L5/Time/ERO/CHRO), or manager-approval authority when a manager is separated - only the narrow blocker above exists, never an active reassignment",Implemented,,n/a,SeparationExitService.cs (absence of any EmployeeSupervisor write),n/a,EmployeeSupervisor (never touched),1,SEP-MGR-004,0,,,
09-separation,Manager Impact,F-SEP-109,"EmployeeSupervisor references (L1ManagerId...ChroManagerId) to a now-departed manager are never cleaned up, blocked, or warned about by Separation at all",Implemented,,n/a,SeparationExitService.cs (absence),n/a,EmployeeSupervisor,1,SEP-MGR-004,0,,,
09-separation,Manager Impact,F-SEP-110,ExecuteRolesAsync time-bounds the SEPARATING employee's own roles (including any auto-granted Manager role) but does nothing about any OTHER employee's continued Manager-role or reporting-line integrity,Implemented,,POST /api/separation/exit/{id}/execute,SeparationExitService.ExecuteRolesAsync,Separation.Manage,UserRoles,1,SEP-MGR-005,0,,,
09-separation,Manager Impact,F-SEP-111,"SeparationService.GetTeamAsync (canonical IEmployeeManagerResolver) and ClearanceService.GetInboxAsync (raw legacy Employee.ReportingManagerId SQL join) are two DIFFERENT, disagreeing manager-resolution mechanisms within the same module",Implemented,,"GET /api/separation/team, /clearance/inbox/manager",SeparationService.GetTeamAsync vs ClearanceService.GetInboxAsync,Separation.ViewTeam / Clearance.ViewTeam,EmployeeEmploymentHistory vs Employees.ReportingManagerId,1,SEP-MGR-006,0,,,
09-separation,Leave Integration,F-SEP-112,"Leave requests may be freely submitted/approved throughout the notice period - Employee.Status remains Active until exit execution, and no NoticePeriodMode/leave-freeze concept exists anywhere in Leave keyed off Separation state",Implemented,,POST /api/leave/requests,LeaveRequestSubmissionService.cs,Leave.Request,LeaveRequests,1,SEP-LV-001,0,,,
09-separation,Leave Integration,F-SEP-113,Leave approved BEFORE separation exit execution is fully preserved untouched by exit execution (Status/day-rows unchanged),Implemented,,POST /api/separation/exit/{id}/execute,SeparationExitService.ExecuteAsync (absence of Leave writes),Separation.Manage,LeaveRequests (unaffected),1,SEP-LV-002,0,,,
09-separation,Leave Integration,F-SEP-114,"A NEW leave request dated after the exit-execution's final LWD is rejected Forbidden by Leave's own LeaveRequestValidationService.ValidateEmploymentContext, which reads Employee.DateOfLeaving/EmployeeEmploymentHistory.EmploymentStatus - both written by Separation's ExecuteEmploymentAsync",Implemented,,POST /api/leave/requests,LeaveRequestValidationService.ValidateEmploymentContext,Leave.Request,"Employees.DateOfLeaving, EmployeeEmploymentHistory.EmploymentStatus",1,SEP-LV-003,0,,,
09-separation,Leave Integration,F-SEP-115,"A leave request spanning the LWD (starting before, ending after) is not specifically validated by Separation or Leave - only a request dated ENTIRELY after LWD is rejected by the employment-context check",Implemented,,POST /api/leave/requests,LeaveRequestValidationService.cs,Leave.Request,LeaveRequests,1,SEP-LV-004,0,,,
09-separation,Leave Integration,F-SEP-116,"A pending leave request left unresolved at separation completion is not auto-cancelled, auto-rejected, or otherwise touched by exit execution - it remains Pending indefinitely unless a manager acts",Implemented,,GET /api/leave/manager/inbox (post-exit),SeparationExitService.ExecuteAsync (absence of Leave writes),Leave.Approve,LeaveRequests,1,SEP-LV-005,0,,,
09-separation,Leave Integration,F-SEP-117,Leave-balance-based encashment input for Final Settlement is computed by SeparationBenefitsService.CalculateLeaveAsync reading EmployeeLeaveBalances directly - and never marks any quantity reserved/consumed on that table,Implemented,,POST /api/payroll/separation-benefits/{employeeId}/calculate,SeparationBenefitsService.CalculateLeaveAsync,Payroll.SeparationBenefits.Calculate,EmployeeLeaveBalances (read-only),1,SEP-LV-006,0,,,
09-separation,Leave Integration,F-SEP-118,"Because the encashment read never reserves the balance, the same leave days could still be separately consumed by an approved leave request submitted during the notice period (a narrower sibling of CR-110's double-benefit pattern)",Implemented,,POST /api/leave/requests (during notice) + POST /api/payroll/separation-benefits/{employeeId}/calculate,LeaveRequestSubmissionService.cs + SeparationBenefitsService.CalculateLeaveAsync,Leave.Request + Payroll.SeparationBenefits.Calculate,EmployeeLeaveBalances,1,SEP-LV-006,0,,,
09-separation,Leave Integration,F-SEP-119,"Carry-forward vs final-settlement: leave-encashment calculation is capped by GratuityPolicyVersion.MaximumLeaveEncashmentDays and divided by LeaveEncashmentDivisor - a policy configuration input, not a Leave-module carry-forward rule",Implemented,,POST /api/payroll/separation-benefits/{employeeId}/calculate,SeparationBenefitsService.CalculateLeaveAsync,Payroll.SeparationBenefits.Calculate,GratuityPolicyVersions,1,SEP-LV-007,0,,,
09-separation,Attendance Integration,F-SEP-120,"Attendance BEFORE the LWD is fully preserved, unchanged, by exit execution",Implemented,,POST /api/separation/exit/{id}/execute,SeparationExitService.ExecuteAsync (absence of Attendance writes),Separation.Manage,EmployeeAttendanceDays (unaffected),1,SEP-ATT-001,0,,,
09-separation,Attendance Integration,F-SEP-121,The day-processor is guaranteed never to run for a post-exit date - a test double that throws if invoked proves AttendanceWorkflowService never attempts processing for an inactive employee,Implemented,,n/a (internal guarantee),AttendanceWorkflowService.cs,n/a,EmployeeAttendanceDays,1,SEP-ATT-002,0,,,
09-separation,Attendance Integration,F-SEP-122,AttendanceWorkflowService.SubmitRegularizationAsync/SubmitOnDutyAsync check Employee.Status!=Active and DateOfLeaving directly - both fields written by Separation's ExecuteEmploymentAsync - and reject with Forbidden for any post-exit business date,Implemented,,"POST /api/attendance/me/regularizations, /me/on-duty",AttendanceWorkflowService.SubmitRegularizationAsync / SubmitOnDutyAsync,Attendance.Regularization.Request / OnDuty.Request,"Employees.Status, DateOfLeaving",1,SEP-ATT-002,0,,,
09-separation,Attendance Integration,F-SEP-123,"Regularization/On-Duty submission attempted DURING the notice period (before LWD, while Status is still Active) succeeds normally - only post-LWD dates are blocked",Implemented,,"POST /api/attendance/me/regularizations, /me/on-duty",AttendanceWorkflowService.cs,Attendance.Regularization.Request / OnDuty.Request,AttendanceRegularizationRequests,1,SEP-ATT-003,0,,,
09-separation,Attendance Integration,F-SEP-124,"A pending Regularization/On-Duty approval left unresolved at separation completion is never auto-cancelled - and (per Module 8's CR-123) a manager can still approve/reject it after the employee is separated, since the transition/approval methods never check the target's Employee.Status",Implemented,,POST /api/attendance/manager/regularizations/{id}/approve (post-exit),AttendanceWorkflowService.TransitionRegularization,Attendance.Regularization.Approve,AttendanceRegularizationRequests,1,SEP-ATT-004,0,,,
09-separation,Attendance Integration,F-SEP-125,Monthly attendance summary / payroll snapshot for the exit month is unaffected by exit execution - historical WorkedMinutes/punches/day status are never rewritten,Implemented,,"GET /api/attendance/me/calendar (post-exit, historical month)",AttendanceReadService.cs,Attendance.View,EmployeeAttendanceDays,1,SEP-ATT-005,0,,,
09-separation,Attendance Integration,F-SEP-126,No Overtime-specific reference to Separation/DateOfLeaving was found in OvertimeService - Overtime's own eligibility gates are not separately hardened against separation state beyond what Employee.Status already implies elsewhere,Implemented,,POST /api/attendance/overtime/requests (post-exit),OvertimeService.cs,Attendance.Overtime.Request,OvertimeRequests,1,SEP-ATT-006,0,,,
09-separation,Comp-Off Overtime,F-SEP-127,"Outstanding Comp-Off and approved-but-unpaid Overtime are NEVER read by SeparationBenefitsService or SeparationSettlementOrchestrationService - confirmed by grep, zero matches in either file - CR-110's double-benefit pattern does not extend into Separation",Implemented,,n/a,SeparationBenefitsService.cs / SeparationSettlementOrchestrationService.cs (absence),n/a,"CompOffEarnings, OvertimeRequests (never joined)",1,SEP-CO-001,0,,,
09-separation,Comp-Off Overtime,F-SEP-128,Separation initiating/approving/completing while an employee has outstanding Comp-Off/approved-Overtime leaves those balances entirely untouched and unresolved by the Separation module - no settlement input pulls them in at all,Implemented,,POST /api/payroll/separation-benefits/{employeeId}/calculate,SeparationBenefitsService.cs,Payroll.SeparationBenefits.Calculate,"CompOffEarnings, OvertimeRequests",1,SEP-CO-002,0,,,
09-separation,Comp-Off Overtime,F-SEP-129,"Final settlement calculation never posts a Comp-Off-payout or Overtime-payout line - if such a payout is intended, it must be added as a fully manual FinalSettlementLine, unlinked to the source Comp-Off/Overtime record",Implemented,,POST /api/payroll/final-settlements/{id}/lines,PayrollRetroSettlementService.AddSettlementLineAsync,Payroll.FinalSettlementManage,FinalSettlementLines,1,SEP-CO-003,0,,,
09-separation,Clearance,F-SEP-130,"Clearance owner types: Role, Department, SpecificUser, Manager, Hr, Accounts, It, Admin; clearance status: NotStarted, InProgress, ReadyForCompletion(dead), Completed, Reopened, Cancelled(dead)",Implemented,,n/a (enum),Backend/HRMS.Domain/Enums/SeparationClearanceEnums.cs,n/a,SeparationClearances.Status,1,SEP-CLR-001,0,,,
09-separation,Clearance,F-SEP-131,"Clearance task status: Pending, InProgress(dead), Cleared, Blocked, Rejected(dead), Waived, NotApplicable(dead-for-tasks); task category: Manager, Hr, It, Admin, Finance, Accounts, Security, Facilities, Asset, Other",Implemented,,n/a (enum),Backend/HRMS.Domain/Enums/SeparationClearanceEnums.cs,n/a,SeparationClearanceTasks.Status,1,SEP-CLR-001,0,,,
09-separation,Clearance,F-SEP-132,"Configure a clearance template (code/name/items, effective-dated, optionally reason/type-scoped)",Implemented,,GET/POST /api/separation/clearance/templates,ClearanceService.GetTemplatesAsync / CreateTemplateAsync,Separation.Clearance.Configure,SeparationClearanceTemplates,1,SEP-CLR-002,0,,,
09-separation,Clearance,F-SEP-133,"Clearance start (ClearanceService.StartAsync) requires the separation be Approved or NoticePeriod, requires an effective template, and snapshots each active template item into a task at start time - a historical snapshot immune to later template edits",Implemented,,POST /api/separation/clearance/for/{separationId}/start,ClearanceService.StartAsync,Separation.Clearance.Start,"SeparationClearances, SeparationClearanceTasks",2,"SEP-CLR-003, SEP-CLR-004",0,,,
09-separation,Clearance,F-SEP-134,A clearance can only be started once per separation - a second Start attempt is Conflict,Implemented,,POST /api/separation/clearance/for/{separationId}/start,ClearanceService.StartAsync,Separation.Clearance.Start,SeparationClearances,1,SEP-CLR-005,0,,,
09-separation,Clearance,F-SEP-135,No effective clearance template configured for the separation's type/reason at start time is Conflict,Implemented,,POST /api/separation/clearance/for/{separationId}/start,ClearanceService.StartAsync,Separation.Clearance.Start,SeparationClearanceTemplates,1,SEP-CLR-006,0,,,
09-separation,Clearance,F-SEP-136,"Task DueDate = ApprovedLastWorkingDate - DueDaysBeforeLwd if both set, else falls back to the LWD itself",Implemented,,POST /api/separation/clearance/for/{separationId}/start,ClearanceService.StartAsync,Separation.Clearance.Start,SeparationClearanceTasks.DueDate,1,SEP-CLR-007,0,,,
09-separation,Clearance,F-SEP-137,"There is no add-task-to-an-in-flight-clearance endpoint - once started, task identity/count is fixed; only status/comment/assets can change",Implemented,,n/a (absence),ClearanceService.cs,n/a,SeparationClearanceTasks,1,SEP-CLR-008,0,,,
09-separation,Clearance,F-SEP-138,"'All clear' (MandatoryTotal/MandatoryResolved/ReadyForExit) is computed live from the current Tasks collection on every read, never cached",Implemented,,"GET /api/separation/clearance/for/{separationId}, /{id}",ClearanceService.ToDto,Separation.Clearance.ViewAll,SeparationClearanceTasks,1,SEP-CLR-009,0,,,
09-separation,Clearance,F-SEP-139,"Clearance completion is blocked while ANY mandatory task remains unresolved (not in {Cleared, Waived, NotApplicable}); non-mandatory tasks never block completion",Implemented,,POST /api/separation/clearance/{id}/complete,ClearanceService.CompleteAsync,Separation.Clearance.Complete,SeparationClearanceTasks,1,SEP-CLR-010,0,,,
09-separation,Clearance,F-SEP-140,"Completing an already-Completed clearance is idempotent success, not an error",Implemented,,POST /api/separation/clearance/{id}/complete,ClearanceService.CompleteAsync,Separation.Clearance.Complete,SeparationClearances,1,SEP-CLR-011,0,,,
09-separation,Clearance,F-SEP-141,Clearance completion is blocked with the bare-code message 'SeparationAlreadyClosed' once the parent separation is Closed,Implemented,,POST /api/separation/clearance/{id}/complete,ClearanceService.CompleteAsync,Separation.Clearance.Complete,EmployeeSeparations.Status,1,SEP-CLR-012,0,,,
09-separation,Clearance,F-SEP-142,Successful clearance completion pushes the parent separation from Approved/NoticePeriod to ReadyForExit - the one cross-module write Clearance performs on Separation,Implemented,,POST /api/separation/clearance/{id}/complete,ClearanceService.CompleteAsync,Separation.Clearance.Complete,EmployeeSeparations.Status,1,SEP-CLR-013,0,,,
09-separation,Clearance,F-SEP-143,"TaskActionAsync (Clear/Block/Waive) enforces terminal-state/completed-clearance guards, self-clear block ('an employee cannot clear their own task'), and SpecificUser/Manager ownership - but has NO enforcement branch at all for Role/Department/Hr/Accounts/It/Admin owner types",Implemented,,"POST /api/separation/clearance/tasks/{taskId}/clear, /block, /waive",ClearanceService.TaskActionAsync,Separation.Clearance.ManageTask / Waive,SeparationClearanceTasks,1,SEP-CLR-014,0,,,
09-separation,Clearance,F-SEP-144,"Anyone holding the blanket ClearanceManageTask/Waive permission can clear/block/waive ANY task regardless of its Category/OwnerType/AssignedDepartmentId - only per-task-listing (inbox) queries apply department/assignment filtering, not the action endpoints themselves",Implemented,,POST /api/separation/clearance/tasks/{taskId}/clear,ClearanceService.TaskActionAsync,Separation.Clearance.ManageTask,SeparationClearanceTasks,1,SEP-CLR-014,0,,,
09-separation,Clearance,F-SEP-145,Block/Waive require a non-blank Reason; Clear requires a Comment when the task's RequiresComment flag is set,Implemented,,"POST /api/separation/clearance/tasks/{taskId}/block, /waive, /clear",ClearanceService.TaskActionAsync,Separation.Clearance.ManageTask / Waive,SeparationClearanceTasks,1,SEP-CLR-015,0,,,
09-separation,Clearance,F-SEP-146,Clear is blocked when RequiresAssetReturn is set and no asset row has status Returned or NotApplicable,Implemented,,POST /api/separation/clearance/tasks/{taskId}/clear,ClearanceService.TaskActionAsync,Separation.Clearance.ManageTask,SeparationAssetReturns,1,SEP-CLR-016,0,,,
09-separation,Clearance,F-SEP-147,Waive is only permitted on mandatory tasks - waiving a non-mandatory task is Invalid,Implemented,,POST /api/separation/clearance/tasks/{taskId}/waive,ClearanceService.TaskActionAsync,Separation.Clearance.Waive,SeparationClearanceTasks,1,SEP-CLR-017,0,,,
09-separation,Clearance,F-SEP-148,"Manager-owner tasks require the actor to be the resolved effective manager (via the ClearanceService-local mechanism, distinct from SeparationService's own manager resolver - see Group X)",Implemented,,POST /api/separation/clearance/tasks/{taskId}/clear (Manager owner type),ClearanceService.TaskActionAsync,Separation.Clearance.ManageTask,SeparationClearanceTasks,1,SEP-CLR-018,0,,,
09-separation,Clearance,F-SEP-149,"Add and update an asset return record on a task requiring asset return (AssetReference/AssetName required, ReturnStatus/Condition/RecoveryRequired/RecoveryReference fields)",Implemented,,"POST /api/separation/clearance/tasks/{taskId}/assets, /assets/{assetId}",ClearanceService.AddAssetReturnAsync / UpdateAssetReturnAsync,Separation.Clearance.AssetManage,SeparationAssetReturns,1,SEP-CLR-019,0,,,
09-separation,Clearance,F-SEP-150,"ActualReturnDate and IssuedDate on SeparationAssetReturn are never populated by the service, even when ReturnStatus transitions to Returned",Implemented,,POST /api/separation/clearance/tasks/{taskId}/assets/{assetId},ClearanceService.UpdateAssetReturnAsync,Separation.Clearance.AssetManage,"SeparationAssetReturns.ActualReturnDate, IssuedDate",1,SEP-CLR-020,0,,,
09-separation,Clearance,F-SEP-151,An already-resolved asset return (status other than PendingReturn) cannot be changed to a DIFFERENT terminal status - re-saving the SAME status is accepted,Implemented,,POST /api/separation/clearance/tasks/{taskId}/assets/{assetId},ClearanceService.UpdateAssetReturnAsync,Separation.Clearance.AssetManage,SeparationAssetReturns,1,SEP-CLR-021,0,,,
09-separation,Clearance,F-SEP-152,"Multiple asset-return rows can be added to the same task with no uniqueness check - but inbox/dashboard summaries only surface the FIRST asset (ordered by Id), hiding the others",Implemented,,"GET /api/separation/clearance/inbox, /hr-dashboard",ClearanceService.GetInboxAsync / GetHrDashboardAsync,Separation.Clearance.ViewTeam / ViewAll,SeparationAssetReturns,1,SEP-CLR-022,0,,,
09-separation,Clearance,F-SEP-153,There is no monetary recovery-amount field on SeparationAssetReturn at all - only RecoveryRequired (bool) and RecoveryReference (free-text string),Implemented,,GET /api/separation/clearance/{id},SeparationAssetReturn entity,Separation.Clearance.ViewAll,SeparationAssetReturns,1,SEP-CLR-019,0,,,
09-separation,Clearance,F-SEP-154,"Reopen a Completed clearance (requires reason, blocked once the separation is Closed) - preserves prior event history append-only",Implemented,,POST /api/separation/clearance/{id}/reopen,ClearanceService.ReopenAsync,Separation.Clearance.Reopen,"SeparationClearances, SeparationClearanceEvents",3,"SEP-NOT-011, SEP-CLR-023, SEP-CLR-024",0,,,
09-separation,Clearance,F-SEP-155,"Manager clearance inbox, functional (department/role) clearance inbox, and HR clearance dashboard - each server-paged and tenant-scoped",Implemented,ClearanceOperationsPage (manager/functional/hr modes),"GET /api/separation/clearance/inbox/manager, /inbox, /hr-dashboard",ClearanceService.GetManagerInboxAsync / GetFunctionalInboxAsync / GetHrDashboardAsync,Separation.Clearance.ViewTeam / ViewAll,SeparationClearanceTasks,1,SEP-CLR-025,0,,,
09-separation,Clearance,F-SEP-156,ClearanceViewSelf is defined but referenced by zero controller actions - there is no way for an employee to view even their own clearance progress through this specific permission,Implemented,,n/a (permission never used as a gate),Permissions.cs / SeparationClearanceController.cs,Separation.Clearance.ViewSelf,n/a,1,SEP-CLR-026,0,,,
09-separation,Clearance,F-SEP-157,Seeded IT/Accounts roles hold zero Separation.Clearance.* permissions - ClearanceOwnerType.It/Accounts/Finance tasks can only ever be acted on by SuperAdmin/TenantAdmin/HRAdmin/HRManager in the seeded matrix,Implemented,,POST /api/separation/clearance/tasks/{taskId}/clear (as IT/Accounts role),SeedData.cs RolePermissionMap,Separation.Clearance.ManageTask,n/a,1,SEP-CLR-027,0,,,
09-separation,Clearance,F-SEP-158,"Tenant isolation across every clearance query (template, start, task action, inbox, dashboard, asset, reopen)",Implemented,,all /api/separation/clearance/* routes,ClearanceService.cs,varies,SeparationClearances (TenantId filter),1,SEP-CLR-028,0,,,
09-separation,Clearance Concurrency,F-SEP-159,"Clear vs Block on the same task - optimistic concurrency (ConcurrencyVersion) yields exactly one authoritative final task status, loser gets 409",Implemented,,"POST /api/separation/clearance/tasks/{taskId}/clear, /block",ClearanceService.TaskActionAsync,Separation.Clearance.ManageTask,SeparationClearanceTasks.ConcurrencyVersion,1,SEP-CLRC-001,0,,,
09-separation,Clearance Concurrency,F-SEP-160,Clear vs Waive on the same task - single authoritative final status,Implemented,,"POST /api/separation/clearance/tasks/{taskId}/clear, /waive",ClearanceService.TaskActionAsync,Separation.Clearance.ManageTask / Waive,SeparationClearanceTasks.ConcurrencyVersion,1,SEP-CLRC-002,0,,,
09-separation,Clearance Concurrency,F-SEP-161,"Complete vs concurrent task update - the clearance can never be observed Completed while a mandatory task remains unresolved, under any race interleaving",Implemented,,POST /api/separation/clearance/{id}/complete + tasks/{taskId}/block,ClearanceService.CompleteAsync / TaskActionAsync,Separation.Clearance.Complete / ManageTask,"SeparationClearances, SeparationClearanceTasks",1,SEP-CLRC-003,0,,,
09-separation,Clearance Concurrency,F-SEP-162,"Reopen vs Complete race - final clearance status is always one of {Completed, Reopened}, never an invalid intermediate state",Implemented,,"POST /api/separation/clearance/{id}/reopen, /complete",ClearanceService.ReopenAsync / CompleteAsync,Separation.Clearance.Reopen / Complete,SeparationClearances.ConcurrencyVersion,1,SEP-CLRC-004,0,,,
09-separation,Clearance Concurrency,F-SEP-163,"Asset return vs 'reported lost' race on the same asset row - single final asset status, never both applied",Implemented,,POST /api/separation/clearance/tasks/{taskId}/assets/{assetId} (concurrent),ClearanceService.UpdateAssetReturnAsync,Separation.Clearance.AssetManage,SeparationAssetReturns.ConcurrencyVersion,1,SEP-CLRC-005,0,,,
09-separation,Clearance Concurrency,F-SEP-164,"LWD revision vs clearance completion race (cross-module) - separation ends in a valid state (ReadyForExit/Approved/NoticePeriod), clearance is never left Cancelled",Implemented,,POST /api/separation/{id}/revise-approved-lwd + /clearance/{id}/complete,SeparationService.ReviseApprovedLwdAsync / ClearanceService.CompleteAsync,Separation.ReviseApprovedLastWorkingDate / Clearance.Complete,"EmployeeSeparations, SeparationClearances",1,SEP-CLRC-006,0,,,
09-separation,Clearance Concurrency,F-SEP-165,"A pre-commit failure at Clear/Complete/AddAssetReturn rolls back with zero partial writes/events, and a clean retry succeeds exactly once",Implemented,,"POST /api/separation/clearance/tasks/{taskId}/clear, /complete, /assets (failure-injected)",ClearanceService.cs,varies,SeparationClearanceEvents,1,SEP-CLRC-007,0,,,
09-separation,Benefits,F-SEP-166,"GratuityPolicy (tenant-scoped, code-unique) has many effective-dated GratuityPolicyVersion rows (Draft/Published/Retired) carrying the actual formula/cap/eligibility configuration",Implemented,,GET/POST /api/payroll/gratuity-policies,SeparationBenefitsService.GetPoliciesAsync / CreatePolicyAsync,Payroll.SeparationBenefits.View / ManagePolicies,"GratuityPolicies, GratuityPolicyVersions",1,SEP-BEN-001,0,,,
09-separation,Benefits,F-SEP-167,Published GratuityPolicyVersions of the same policy must not date-overlap; Draft/Retired versions may overlap freely,Implemented,,POST /api/payroll/gratuity-policies/{id}/versions,SeparationBenefitsService.CreateVersionAsync,Payroll.SeparationBenefits.ManagePolicies,GratuityPolicyVersions,1,SEP-BEN-002,0,,,
09-separation,Benefits,F-SEP-168,"Formula types: ServiceDaysBased/ServiceMonthsBased/ServiceYearsBased/FixedAmount/CustomConfigured, with MaximumBenefit cap and MinimumBenefit floor, and TaxTreatment Taxable/NonTaxable/PartiallyTaxable",Implemented,,POST /api/payroll/gratuity-policies/{id}/versions,SeparationBenefitsService.ValidateVersion,Payroll.SeparationBenefits.ManagePolicies,GratuityPolicyVersions,1,SEP-BEN-003,0,,,
09-separation,Benefits,F-SEP-169,"Preview a gratuity/benefits calculation without persisting (no GratuityCalculation row, no number allocation)",Implemented,,POST /api/payroll/separation-benefits/{employeeId}/preview,SeparationBenefitsService.PreviewAsync,Payroll.SeparationBenefits.Calculate,n/a (no persistence),1,SEP-BEN-004,0,,,
09-separation,Benefits,F-SEP-170,Calculate and persist a gratuity/benefits snapshot against a FinalSettlementId - repeated calls for the SAME FinalSettlementId short-circuit to the existing snapshot rather than recomputing or duplicating,Implemented,,POST /api/payroll/separation-benefits/{employeeId}/calculate,SeparationBenefitsService.CalculateCoreAsync,Payroll.SeparationBenefits.Calculate,"GratuityCalculations, FinalSettlementLines",1,SEP-BEN-005,0,,,
09-separation,Benefits,F-SEP-171,FinalSettlementId is required for a persisted calculation - a request without it is a plain 400 at the controller,Implemented,,POST /api/payroll/separation-benefits/{employeeId}/calculate,SeparationBenefitsController.cs,Payroll.SeparationBenefits.Calculate,n/a,1,SEP-BEN-006,0,,,
09-separation,Benefits,F-SEP-172,Gratuity eligibility by reason: Resignation/Retirement/Termination/Redundancy default eligible; Death/Disability default NOT eligible (both overridable); ContractEnd and Other have NO switch case at all and can NEVER be eligible,Implemented,,POST /api/payroll/separation-benefits/{employeeId}/calculate,SeparationBenefitsService.IsReasonEligible,Payroll.SeparationBenefits.Calculate,GratuityPolicyVersions,1,SEP-BEN-007,0,,,
09-separation,Benefits,F-SEP-173,"If more than one GratuityPolicy.IsActive=true exists for the tenant, calculation silently picks the alphabetically-first Code with no explicit default flag or ambiguity error",Implemented,,POST /api/payroll/separation-benefits/{employeeId}/calculate,SeparationBenefitsService.CalculateCoreAsync,Payroll.SeparationBenefits.Calculate,GratuityPolicies,1,SEP-BEN-008,0,,,
09-separation,Benefits,F-SEP-174,Wage basis resolution (Basic/BasicPlusDA/Gross/FixedConfiguredAmount/SelectedSalaryComponents) reads EmployeeSalaryAssignments - a zero-resolved or unconfigured wage basis is Conflict,Implemented,,POST /api/payroll/separation-benefits/{employeeId}/calculate,SeparationBenefitsService.ResolveWageAsync,Payroll.SeparationBenefits.Calculate,EmployeeSalaryAssignments,1,SEP-BEN-009,0,,,
09-separation,Benefits,F-SEP-175,Override a finalized-ineligible (not-yet-finalized) gratuity amount with a mandatory non-negative amount and reason; a Finalized gratuity cannot be overridden,Implemented,,POST /api/payroll/separation-benefits/gratuity/{id}/override,SeparationBenefitsService.OverrideAsync,Payroll.SeparationBenefits.Override,GratuityCalculations,1,SEP-BEN-010,0,,,
09-separation,Benefits,F-SEP-176,Approve a pending gratuity override via IPayrollApprovalGuard maker-checker (requester cannot self-approve),Implemented,,POST /api/payroll/separation-benefits/gratuity/{id}/approve-override,SeparationBenefitsService.ApproveOverrideAsync,Payroll.SeparationBenefits.Approve,GratuityCalculations,2,"SEP-BEN-011, SEP-BEN-012",0,,,
09-separation,Benefits,F-SEP-177,"Finalize a gratuity calculation (idempotent - a second finalize on an already-Finalized row is a no-op success, not an error)",Implemented,,n/a (invoked internally by PayrollRetroSettlementService.FinalizeSettlementAsync),SeparationBenefitsService.FinalizeAsync,Payroll.FinalSettlementFinalize,GratuityCalculations.Status,1,SEP-BEN-013,0,,,
09-separation,Benefits,F-SEP-178,View the tenant-wide separation-benefits register (paged) and per-employee benefit detail/history,Implemented,SeparationBenefitsPage,"GET /api/payroll/separation-benefits/register, /{employeeId}, /{employeeId}/history",SeparationBenefitsService.GetRegisterAsync / GetAsync / GetHistoryAsync,Payroll.SeparationBenefits.View / ViewHistory,GratuityCalculations,1,SEP-BEN-014,0,,,
09-separation,Benefits,F-SEP-179,Self-service /api/me/separation-benefits and /history resolve the caller's own employee via account link,Implemented,MySeparationBenefitsPage,"GET /api/me/separation-benefits, /history",SeparationBenefitsService.cs (self overload),Payroll.SeparationBenefits.View / ViewHistory,GratuityCalculations,1,SEP-BEN-015,0,,,
09-separation,Benefits,F-SEP-180,"No seeded role except SuperAdmin/TenantAdmin holds ANY Payroll.SeparationBenefits.* permission (HRAdmin included) - the self-service /api/me routes require the SAME admin-tier permission, making them unreachable by a seeded Employee role",Implemented,,GET /api/me/separation-benefits,SeedData.cs RolePermissionMap,Payroll.SeparationBenefits.View,n/a,2,"SEP-BEN-016, SEP-BEN-017",0,,,
09-separation,Benefits,F-SEP-181,IncludeNoticePeriodInService and NoticeWageBasisType on GratuityPolicyVersion are settable via the API but never read by any calculation - dead configuration fields,Implemented,,POST /api/payroll/gratuity-policies/{id}/versions,SeparationBenefitsService.CalculateNoticeAsync (absence of reads),Payroll.SeparationBenefits.ManagePolicies,GratuityPolicyVersions,1,SEP-BEN-018,0,,,
09-separation,Benefits,F-SEP-182,Tenant isolation across every gratuity/benefits query and mutation,Implemented,,"all /api/payroll/gratuity-policies/*, /separation-benefits/* routes",SeparationBenefitsService.cs,varies,"GratuityPolicies, GratuityCalculations (TenantId filter)",1,SEP-BEN-019,0,,,
09-separation,Recoveries,F-SEP-183,"There is no dedicated Recovery/Deduction entity, enum, controller, or service anywhere - recovery concepts are folded narrowly into Clearance (RecoveryRequired/RecoveryReference, non-monetary) and Benefits/Notice (NoticeRecovery line, the only place an actual amount is computed)",Implemented,,n/a,SeparationBenefitsService.cs / ClearanceService.cs,n/a,"SeparationAssetReturns, FinalSettlementLines",1,SEP-REC-001,0,,,
09-separation,Recoveries,F-SEP-184,"Notice-pay-shortfall recovery: NoticeSettlementType.NoticeRecovery drives a Deduction-type FinalSettlementLine, computed from wage/Divisor*max(0, required-served) - independent of EmployeeSeparation's own notice snapshot (reads EmployeeEmployments instead)",Implemented,,POST /api/payroll/separation-benefits/{employeeId}/calculate,SeparationBenefitsService.CalculateNoticeAsync,Payroll.SeparationBenefits.Calculate,"EmployeeEmployments, FinalSettlementLines",1,SEP-REC-002,0,,,
09-separation,Recoveries,F-SEP-185,"No automated/monetary path exists from Clearance asset recovery into Final Settlement - any actual money recovery for a lost/damaged asset must be added as a fully manual, unlinked Recovery-type settlement line",Implemented,,POST /api/payroll/final-settlements/{id}/lines,PayrollRetroSettlementService.AddSettlementLineAsync,Payroll.FinalSettlementManage,FinalSettlementLines,1,SEP-REC-003,0,,,
09-separation,Recoveries,F-SEP-186,"Loans (outstanding, Active status) are auto-pulled into settlement as one Recovery line per loan for the full OutstandingTotal - actual LoanRepayment is posted only at Finalize",Implemented,,POST /api/payroll/final-settlements/{id}/calculate,PayrollRetroSettlementService.CalculateSettlementAsync,Payroll.FinalSettlementCalculate,"EmployeeLoans, FinalSettlementLines",1,SEP-REC-004,0,,,
09-separation,Recoveries,F-SEP-187,Reimbursement claims flagged ReadyForSettlement/FinalSettlement are auto-pulled as a Reimbursement line - actual ReimbursementSettlement posted at Finalize,Implemented,,POST /api/payroll/final-settlements/{id}/calculate,PayrollRetroSettlementService.CalculateSettlementAsync,Payroll.FinalSettlementCalculate,"ReimbursementClaimLines, FinalSettlementLines",1,SEP-REC-005,0,,,
09-separation,Recoveries,F-SEP-188,Payroll adjustments flagged SettlementMethod=FinalSettlement are auto-pulled as a Recovery(deduction) or Other(earning) line depending on sign,Implemented,,POST /api/payroll/final-settlements/{id}/calculate,PayrollRetroSettlementService.CalculateSettlementAsync,Payroll.FinalSettlementCalculate,"PayrollAdjustments, FinalSettlementLines",1,SEP-REC-006,0,,,
09-separation,Recoveries,F-SEP-189,"Manual FinalSettlementLineRequest.Amount has NO sign validation at all - a negative amount on a manual line is silently accepted, unlike GratuityOverrideRequest.OverrideAmount which explicitly rejects negatives",Implemented,,POST /api/payroll/final-settlements/{id}/lines,PayrollRetroSettlementService.AddSettlementLineAsync,Payroll.FinalSettlementManage,FinalSettlementLines,1,SEP-REC-007,0,,,
09-separation,Exit Interview,F-SEP-190,"Exit-interview status: NotStarted, EmployeeInProgress, EmployeeSubmitted, HrInProgress, Completed, CompletedWithoutEmployeeResponse, Reopened, Cancelled; question types: SingleChoice/MultiChoice/Rating/YesNo/ShortText/LongText/Number/Date",Implemented,,n/a (enum),Backend/HRMS.Domain/Enums/SeparationExitInterviewEnums.cs,n/a,SeparationExitInterviews.Status,1,SEP-EI-001,0,,,
09-separation,Exit Interview,F-SEP-191,Exit-interview template configuration (create/version/publish) is gated by Separation.ClearanceConfigure - a Clearance-named permission with no dedicated ExitInterview permission family existing anywhere,Implemented,,GET/POST /api/separation/exit-interview/templates,ExitInterviewService.GetTemplatesAsync / CreateTemplateAsync,Separation.Clearance.Configure,SeparationExitInterviewTemplates,1,SEP-EI-002,0,,,
09-separation,Exit Interview,F-SEP-192,Assign an exit interview to a separation - resolves the effective published template version by business date/type/reason (most-specific-reason wins); ambiguous or missing configuration is Conflict; only one active (non-Cancelled) interview per separation is allowed,Implemented,,POST /api/separation/exit-interview/for/{separationId}/assign,ExitInterviewService.AssignAsync,Separation.HrReview,SeparationExitInterviews,1,SEP-EI-003,0,,,
09-separation,Exit Interview,F-SEP-193,Exit-interview assignment is independent of Clearance/ReadyForExit and can run in parallel with it,Implemented,,POST /api/separation/exit-interview/for/{separationId}/assign,ExitInterviewService.AssignAsync,Separation.HrReview,"SeparationExitInterviews, SeparationClearances",1,SEP-EI-004,0,,,
09-separation,Exit Interview,F-SEP-194,Only IsActive && IsEmployeeVisible && !IsHrOnly questions are ever loaded for the employee - HR-only questions are never sent to or accepted from the employee,Implemented,MyExitInterviewPage,"GET /api/separation/exit-interview/me, /me/{separationId}",ExitInterviewService.GetMineAsync,Separation.ViewSelf,SeparationExitInterviewQuestions,1,SEP-EI-005,0,,,
09-separation,Exit Interview,F-SEP-195,"Employee draft save and submit; response validation is question-type-specific (ShortText/LongText need text, Rating/Number need in-range numeric, YesNo needs boolean, SingleChoice needs exactly 1 code, MultiChoice needs >=1, Date needs non-empty text)",Implemented,MyExitInterviewPage,"PUT /api/separation/exit-interview/for/{separationId}/my-responses, POST .../submit",ExitInterviewService.SaveEmployeeAsync,Separation.ViewSelf,"SeparationExitInterviewResponses, SeparationExitInterviewResponseRevisions",1,SEP-EI-006,0,,,
09-separation,Exit Interview,F-SEP-196,"On submit, all IsRequired questions must have a non-empty answer, else Invalid, naming the missing question code",Implemented,,POST /api/separation/exit-interview/for/{separationId}/submit,ExitInterviewService.SaveEmployeeAsync,Separation.ViewSelf,SeparationExitInterviewResponses,1,SEP-EI-007,0,,,
09-separation,Exit Interview,F-SEP-197,Each response upsert creates an append-only SeparationExitInterviewResponseRevision snapshot of the PREVIOUS value before overwriting - full edit history retained,Implemented,,PUT /api/separation/exit-interview/for/{separationId}/my-responses,ExitInterviewService.SaveEmployeeAsync,Separation.ViewSelf,SeparationExitInterviewResponseRevisions,1,SEP-EI-008,0,,,
09-separation,Exit Interview,F-SEP-198,Re-submitting while status is exactly EmployeeSubmitted is idempotent success ('Employee submission already accepted'),Implemented,,POST /api/separation/exit-interview/for/{separationId}/submit,ExitInterviewService.SaveEmployeeAsync,Separation.ViewSelf,SeparationExitInterviews,1,SEP-EI-009,0,,,
09-separation,Exit Interview,F-SEP-199,"Once HR calls StartHr (status becomes HrInProgress), a further employee Submit call is NOT blocked by the read-only guard (which only fires for a plain save, not submit) - it falls through, re-validates, and SILENTLY RESETS status back to EmployeeSubmitted, discarding HR's in-progress state",Implemented,,POST /api/separation/exit-interview/for/{separationId}/submit (while HrInProgress),ExitInterviewService.SaveEmployeeAsync,Separation.ViewSelf,SeparationExitInterviews.Status,1,SEP-EI-010,0,,,
09-separation,Exit Interview,F-SEP-200,Saving (not submitting) is read-only-blocked once status is EmployeeSubmitted/Completed/CompletedWithoutEmployeeResponse - 'Submitted responses are read-only until the interview is reopened',Implemented,,PUT /api/separation/exit-interview/for/{separationId}/my-responses,ExitInterviewService.SaveEmployeeAsync,Separation.ViewSelf,SeparationExitInterviews,1,SEP-EI-011,0,,,
09-separation,Exit Interview,F-SEP-201,HR starts the interview (StartHr) - only allowed from EmployeeSubmitted/EmployeeInProgress/Reopened,Implemented,ExitInterviewHrDetailPage,POST /api/separation/exit-interview/for/{separationId}/start-hr,ExitInterviewService.StartHrAsync,Separation.HrReview,SeparationExitInterviews.Status,1,SEP-EI-012,0,,,
09-separation,Exit Interview,F-SEP-202,Add a confidential HR note (always IsConfidential=true by entity default) - never included in the employee-facing DTO under any circumstance,Implemented,ExitInterviewHrDetailPage,POST /api/separation/exit-interview/for/{separationId}/hr-note,ExitInterviewService.AddHrNoteAsync,Separation.HrReview,SeparationExitInterviewHrNotes,2,"SEP-EI-013, SEP-EI-014",0,,,
09-separation,Exit Interview,F-SEP-203,Complete the interview - normal completion requires prior EmployeeSubmitted/HrInProgress status; CompletedWithoutEmployeeResponse=true requires a mandatory CompletionReason and bypasses the employee-submission requirement,Implemented,ExitInterviewHrDetailPage,POST /api/separation/exit-interview/for/{separationId}/complete,ExitInterviewService.CompleteAsync,Separation.HrReview,"SeparationExitInterviews.Status, HrCompletedAtUtc",1,SEP-EI-015,0,,,
09-separation,Exit Interview,F-SEP-204,'Complete' is offered by the UI (and reachable by API) even when status is NotStarted/EmployeeSubmitted (before Start-HR was ever called) - no client or server guard requires Start-HR to have run first,Implemented,,POST /api/separation/exit-interview/for/{separationId}/complete (without prior start-hr),ExitInterviewService.CompleteAsync,Separation.HrReview,SeparationExitInterviews,1,SEP-EI-016,0,,,
09-separation,Exit Interview,F-SEP-205,Reopen a completed interview (Completed/CompletedWithoutEmployeeResponse only) with a mandatory reason; blocked once the parent separation is Closed,Implemented,ExitInterviewHrDetailPage,POST /api/separation/exit-interview/for/{separationId}/reopen,ExitInterviewService.ReopenAsync,Separation.Manage,SeparationExitInterviews.Status,1,SEP-EI-017,0,,,
09-separation,Exit Interview,F-SEP-206,RehireRecommendation (Recommended/NotRecommended/Conditional/NotAssessed) is explicitly input-only - setting it never stamps FinalizedAtUtc or drives any other workflow transition,Implemented,ExitInterviewHrDetailPage,POST /api/separation/exit-interview/for/{separationId}/complete,ExitInterviewService.CompleteAsync,Separation.HrReview,SeparationExitInterviews.RehireRecommendation,1,SEP-EI-018,0,,,
09-separation,Exit Interview,F-SEP-207,"HR inbox of assigned exit interviews (paged, status/employee filterable) and analytics aggregate",Implemented,ExitInterviewHrInboxPage,"GET /api/separation/exit-interview/inbox, /analytics",ExitInterviewService.GetInboxAsync / GetAnalyticsAsync,Separation.HrReview,SeparationExitInterviews,1,SEP-EI-019,0,,,
09-separation,Exit Interview,F-SEP-208,"Tenant isolation across every exit-interview query/mutation; DocumentGenerationFailed/Viewed/Downloaded-style completeness does not apply here, but HrNotes/RehireRecommendation/ReasonComment are structurally excluded from the employee DTO, not just UI-hidden",Implemented,,all /api/separation/exit-interview/* routes,ExitInterviewService.cs,varies,SeparationExitInterviews (TenantId filter),1,SEP-EI-020,0,,,
09-separation,Exit Interview,F-SEP-209,HRManager role has HrReview but lacks ClearanceConfigure and Manage - can run the day-to-day interview inbox/complete/note workflow but cannot create/publish templates and cannot Reopen a completed interview,Implemented,,"POST /api/separation/exit-interview/templates, /for/{id}/reopen (as HRManager)",SeedData.cs RolePermissionMap,Separation.Clearance.Configure / Separation.Manage,n/a,1,SEP-EI-021,0,,,
09-separation,Exit Offboarding,F-SEP-210,ExitInterviewIncomplete blocker: exit execution requires a non-Cancelled exit interview in Completed or CompletedWithoutEmployeeResponse status,Implemented,,GET /api/separation/exit/{id}/readiness,SeparationExitService.EvaluateAsync,Separation.ViewAll,SeparationExitInterviews,1,SEP-EXC-001,0,,,
09-separation,Exit Offboarding,F-SEP-211,FinalSettlementIncomplete blocker: exit execution requires SeparationSettlementOrchestration.Status==Completed AND the linked FinalSettlementCase.Status==Finalized,Implemented,,GET /api/separation/exit/{id}/readiness,SeparationExitService.EvaluateAsync,Separation.ViewAll,"SeparationSettlementOrchestrations, FinalSettlementCases",1,SEP-EXC-002,0,,,
09-separation,Exit Offboarding,F-SEP-212,AssetReturnPending blocker: no clearance-task asset may have ReturnStatus==PendingReturn,Implemented,,GET /api/separation/exit/{id}/readiness,SeparationExitService.EvaluateAsync,Separation.ViewAll,SeparationAssetReturns,1,SEP-EXC-003,0,,,
09-separation,Exit Offboarding,F-SEP-213,EmploymentStateInvalid blocker: (only checked if the employment step hasn't executed yet) Employee.Status must be Active,Implemented,,GET /api/separation/exit/{id}/readiness,SeparationExitService.EvaluateAsync,Separation.ViewAll,Employees.Status,1,SEP-EXC-004,0,,,
09-separation,Exit Offboarding,F-SEP-214,Repeated Retry calls after a prior successful Execute both report Succeeded with no re-mutation,Implemented,,POST /api/separation/exit/{id}/retry,SeparationExitService.RetryAsync,Separation.Manage,SeparationExitExecutions,1,SEP-EXC-005,0,,,
09-separation,Exit Offboarding,F-SEP-215,SeparationExitDashboardItemDto.ClosedAtUtc is populated from the execution's CompletedAtUtc - the de facto 'separation closed at' timestamp surfaced to dashboards; there is no dedicated ClosedAtUtc column on EmployeeSeparation itself,Implemented,SeparationExitClosurePage,GET /api/separation/exit/dashboard,SeparationExitService.GetDashboardAsync,Separation.ViewAll,SeparationExitExecutions.CompletedAtUtc,1,SEP-EXC-006,0,,,
09-separation,Documents,F-SEP-216,"Document type: RelievingLetter, ExperienceLetter, ServiceCertificate, CustomSeparationDocument; generated-document status: DraftGenerated, PendingApproval, Approved, Issued, Superseded, Cancelled",Implemented,,n/a (enum),Backend/HRMS.Domain/Enums/SeparationDocumentEnums.cs,n/a,SeparationGeneratedDocuments.Status,1,SEP-DOC-001,0,,,
09-separation,Documents,F-SEP-217,"Configure a document template + version (Draft/Published/Retired, RequiresApproval flag) - Published versions are immutable and effective-dated, and must not date-overlap",Implemented,SeparationDocumentTemplateConfigurationPage,"GET/POST /api/separation/documents/templates, /templates/{id}/versions, /versions/{id}/publish",SeparationDocumentService.GetTemplatesAsync / CreateTemplateAsync / PublishVersionAsync,Separation.Manage,"SeparationDocumentTemplates, SeparationDocumentTemplateVersions",1,SEP-DOC-002,0,,,
09-separation,Documents,F-SEP-218,"Merge-field whitelist (Employee.*, Separation.*, Employment.Last*, Organization.*, Document.*) - an unknown {{field}} token is rejected before publish",Implemented,,POST /api/separation/documents/templates/{id}/versions,SeparationDocumentService.ValidateBody,Separation.Manage,SeparationDocumentTemplateVersions,1,SEP-DOC-003,0,,,
09-separation,Documents,F-SEP-219,"Template body is rejected if it contains <script, javascript:, file:, http://, https://, localhost, 127.0.0.1, or ../ (case-insensitive) - 'Executable or unsafe template content is not allowed'",Implemented,,POST /api/separation/documents/templates/{id}/versions,SeparationDocumentService.ValidateBody,Separation.Manage,SeparationDocumentTemplateVersions,1,SEP-DOC-004,0,,,
09-separation,Documents,F-SEP-220,"Readiness gate for document generation: ApprovedLastWorkingDateRequired, SeparationNotApproved, FinalSettlementNotFinalized, ClearanceIncomplete, DocumentTemplateUnavailable",Implemented,,GET /api/separation/documents/for/{separationId}/readiness,SeparationDocumentService.GetReadinessAsync,Separation.ViewAll,"EmployeeSeparations, SeparationClearances, FinalSettlementCases",1,SEP-DOC-005,0,,,
09-separation,Documents,F-SEP-221,"Generate a document - idempotent when a non-terminal document of the SAME type already exists and no explicit SupersedesDocumentId is given (returns the existing doc, no duplicate)",Implemented,SeparationDocumentsPage,POST /api/separation/documents/for/{separationId}/generate,SeparationDocumentService.GenerateAsync,Separation.Manage,SeparationGeneratedDocuments,1,SEP-DOC-006,0,,,
09-separation,Documents,F-SEP-222,"Generation resolves HISTORICAL employment facts (designation/department/grade/work location) as of the Approved LWD via EffectiveEmploymentResolver, never current mutable Employee fields",Implemented,,POST /api/separation/documents/for/{separationId}/generate,SeparationDocumentService.GenerateAsync,Separation.Manage,EmployeeEmploymentHistory,1,SEP-DOC-007,0,,,
09-separation,Documents,F-SEP-223,Numbering is per-tenant/type/year sequential (RL/EL/SC/SD prefix) - Preview never allocates a number,Implemented,,"POST /api/separation/documents/for/{separationId}/generate, /templates/versions/{id}/preview",SeparationDocumentService.GenerateAsync / PreviewAsync,Separation.Manage,SeparationDocumentNumberSequences,1,SEP-DOC-008,0,,,
09-separation,Documents,F-SEP-224,"If the template RequiresApproval, generation lands PendingApproval; else it self-approves and is auto-Issued at generation time",Implemented,,POST /api/separation/documents/for/{separationId}/generate,SeparationDocumentService.GenerateAsync,Separation.Manage,SeparationGeneratedDocuments.Status,1,SEP-DOC-009,0,,,
09-separation,Documents,F-SEP-225,Approve requires PendingApproval status and blocks the SAME user who generated the document from approving it (maker-checker) - re-validates the SHA-256 content hash before approving,Implemented,SeparationDocumentsPage,POST /api/separation/documents/{id}/approve,SeparationDocumentService.TransitionAsync,Separation.Manage,SeparationGeneratedDocuments.Status,1,SEP-DOC-010,0,,,
09-separation,Documents,F-SEP-226,"Issue requires Approved status; transitioning to a status the document is already in is idempotent success, wrong prior status is Conflict",Implemented,SeparationDocumentsPage,POST /api/separation/documents/{id}/issue,SeparationDocumentService.TransitionAsync,Separation.Manage,SeparationGeneratedDocuments.Status,1,SEP-DOC-011,0,,,
09-separation,Documents,F-SEP-227,"Supersede a document (requires reason) - old doc becomes Superseded, CurrentDocumentKey flips off 'CURRENT', new doc's bytes/hash/snapshot are independently generated, old artifact preserved byte-for-byte",Implemented,,POST /api/separation/documents/{id}/supersede,SeparationDocumentService.SupersedeAsync,Separation.Manage,SeparationGeneratedDocuments,1,SEP-DOC-012,0,,,
09-separation,Documents,F-SEP-228,Cancel a document (requires reason) - already Superseded/Cancelled is idempotent success ('Document was already closed'),Implemented,,POST /api/separation/documents/{id}/cancel,SeparationDocumentService.CancelAsync,Separation.Manage,SeparationGeneratedDocuments.Status,1,SEP-DOC-013,0,,,
09-separation,Documents,F-SEP-229,"Employee self-view only ever returns documents in Issued or Superseded status - drafts/pending-approval/approved-not-yet-issued are HR-only and never shown to the employee, even for a different document of the same type",Implemented,MySeparationDocumentsPage,GET /api/separation/documents/mine/{separationId},SeparationDocumentService.GetForSeparationAsync,Separation.ViewSelf,SeparationGeneratedDocuments,1,SEP-DOC-014,0,,,
09-separation,Documents,F-SEP-230,Self-download requires Status be Issued or Superseded specifically (NOT Approved) - re-verifies the SHA-256 content hash at download time,Implemented,MySeparationDocumentsPage,GET /api/separation/documents/mine/{id}/download,SeparationDocumentService.DownloadAsync,Separation.ViewSelf,SeparationGeneratedDocuments,1,SEP-DOC-015,0,,,
09-separation,Documents,F-SEP-231,"Post-separation document access is gated purely by EmployeeId ownership + document Status, never Employee.Status/User.IsActive directly - but since exit execution deactivates the account and revokes tokens (Group G), a terminated employee cannot reach the endpoint at all through the normal portal; no alumni/magic-link access path exists",Implemented,,GET /api/separation/documents/mine/{id}/download (post-exit),SeparationDocumentService.DownloadAsync + AuthService (login gate),Separation.ViewSelf,Users.IsActive,1,SEP-DOC-016,0,,,
09-separation,Documents,F-SEP-232,"HR (non-self) download allows Approved, Issued, or Superseded - HR can download an Approved-but-not-yet-Issued document, bypassing the Issue gate that blocks the employee",Implemented,SeparationDocumentsPage,GET /api/separation/documents/{id}/download,SeparationDocumentService.DownloadAsync,Separation.ViewAll,SeparationGeneratedDocuments,1,SEP-DOC-017,0,,,
09-separation,Documents,F-SEP-233,"DocumentGenerationFailed, DocumentViewed, and DocumentDownloaded event types are declared in the enum but never raised by SeparationDocumentService - downloads/views/generation-failures are invisible in the document History endpoint",Implemented,,GET /api/separation/documents/{id}/history,SeparationDocumentService.cs (absence of AddEvent calls),Separation.ViewHistory,SeparationDocumentEvents,1,SEP-DOC-018,0,,,
09-separation,Documents,F-SEP-234,"The PDF renderer is a hand-rolled, minimal, single-page/single-font/fixed-position writer with no text-wrapping or pagination for long field values - a genuine overflow/truncation risk for long employee names or organization addresses",Implemented,,POST /api/separation/documents/for/{separationId}/generate,SeparationDocumentService.RenderPdf,Separation.Manage,n/a,1,SEP-DOC-019,0,,,
09-separation,Documents,F-SEP-235,"Full PDF bytes live inline in SeparationGeneratedDocument.ContentBase64 - no external blob store, and superseded/cancelled documents' bytes are never purged, a storage-growth risk at scale",Implemented,,n/a,SeparationDocumentService.cs,n/a,SeparationGeneratedDocuments.ContentBase64,1,SEP-DOC-020,0,,,
09-separation,Documents,F-SEP-236,"HR document generation dashboard (paged, type/status/date filterable)",Implemented,SeparationDocumentsPage,GET /api/separation/documents/dashboard,SeparationDocumentService.GetDashboardAsync,Separation.ViewAll,SeparationGeneratedDocuments,1,SEP-DOC-021,0,,,
09-separation,Documents,F-SEP-237,"Preview a template version (non-official, fixed sample data, no number/record allocated) - permission is the SAME tier (Separation.Manage) as full generate/approve, no lighter-weight preview-only permission exists",Implemented,SeparationDocumentTemplateConfigurationPage,POST /api/separation/documents/templates/versions/{id}/preview,SeparationDocumentService.PreviewAsync,Separation.Manage,n/a (no persistence),1,SEP-DOC-022,0,,,
09-separation,Documents,F-SEP-238,"HRManager role lacks Separation.Manage and Separation.ViewAll - cannot generate/approve/issue/supersede/cancel any document, cannot view the HR document list/readiness/dashboard, and cannot download the HR copy",Implemented,,POST /api/separation/documents/for/{id}/generate (as HRManager),SeedData.cs RolePermissionMap,Separation.Manage,n/a,1,SEP-DOC-023,0,,,
09-separation,Documents,F-SEP-239,Tenant isolation across every document template/generation/approval/download query,Implemented,,all /api/separation/documents/* routes,SeparationDocumentService.cs,varies,SeparationGeneratedDocuments (TenantId filter),1,SEP-DOC-024,0,,,
09-separation,Settlement Handoff,F-SEP-240,"Settlement readiness blockers: SeparationNotApproved, MissingApprovedLwd, NoticeNotFinalized, ClearanceIncomplete, PendingAssetReturn, ExitInterviewIncomplete, EmployeeIdentityMissing",Implemented,SettlementDashboardPage,GET /api/separation/{id}/settlement/readiness,SeparationSettlementOrchestrationService.EvaluateAsync,Separation.ViewAll,"EmployeeSeparations, SeparationClearances, SeparationExitInterviews",1,SEP-STL-001,0,,,
09-separation,Settlement Handoff,F-SEP-241,"Initiate settlement - on success, calls Payroll's CreateSettlementAsync (SeparationDate=LastWorkingDate=ApprovedLastWorkingDate; SettlementDate=max(today,LWD)), links the returned FinalSettlementCase.Id, and is fully idempotent once linked (a second Initiate short-circuits to the current status with no new row)",Implemented,SettlementDashboardPage,POST /api/separation/{id}/settlement/initiate,SeparationSettlementOrchestrationService.InitiateAsync,Separation.Manage,"SeparationSettlementOrchestrations, FinalSettlementCases",1,SEP-STL-002,0,,,
09-separation,Settlement Handoff,F-SEP-242,IdempotencyKey is stored on first creation but never compared against the incoming request's key on replay - a second Initiate with a DIFFERENT key string still short-circuits as if it matched,Implemented,,POST /api/separation/{id}/settlement/initiate,SeparationSettlementOrchestrationService.InitiateAsync,Separation.Manage,SeparationSettlementOrchestrations.IdempotencyKey,1,SEP-STL-003,0,,,
09-separation,Settlement Handoff,F-SEP-243,"If the Payroll-side create call fails, orchestration transitions to Failed with the Payroll ResultStatus/message captured verbatim",Implemented,,POST /api/separation/{id}/settlement/initiate,SeparationSettlementOrchestrationService.InitiateAsync,Separation.Manage,SeparationSettlementOrchestrations.LastFailureCode/Message,1,SEP-STL-004,0,,,
09-separation,Settlement Handoff,F-SEP-244,Retry - blocked once PayrollSettlementStatus==Finalized; re-evaluates readiness before retrying; resumes/re-links rather than creating a duplicate Payroll case,Implemented,SettlementDashboardPage,POST /api/separation/{id}/settlement/retry,SeparationSettlementOrchestrationService.RetryAsync,Separation.Manage,SeparationSettlementOrchestrations,1,SEP-STL-005,0,,,
09-separation,Settlement Handoff,F-SEP-245,Salary through LWD (UnpaidSalary line type) is NOT auto-computed by any service - it exists only as a manually-addable line type,Implemented,,POST /api/payroll/final-settlements/{id}/lines,PayrollRetroSettlementService.AddSettlementLineAsync,Payroll.FinalSettlementManage,FinalSettlementLines,1,SEP-STL-006,0,,,
09-separation,Settlement Handoff,F-SEP-246,Attendance data and Overtime/Comp-Off data are NEVER read by settlement calculation - confirmed zero references in PayrollRetroSettlementService.cs and SeparationBenefitsService.cs,Implemented,,n/a,PayrollRetroSettlementService.cs / SeparationBenefitsService.cs (absence),n/a,"AttendanceDays, OvertimeRequests (never joined)",1,SEP-STL-006,0,,,
09-separation,Settlement Handoff,F-SEP-247,"Leave-encashment, Gratuity, and Notice pay/recovery ARE integrated (via SeparationBenefitsService, see Groups I/N/O); Loans/Reimbursements/Variable-pay/Adjustments ARE integrated (via PayrollRetroSettlementService.CalculateSettlementAsync)",Implemented,,POST /api/payroll/final-settlements/{id}/calculate,PayrollRetroSettlementService.CalculateSettlementAsync,Payroll.FinalSettlementCalculate,FinalSettlementLines,1,SEP-STL-007,0,,,
09-separation,Settlement Handoff,F-SEP-248,Taxes (TDS/income-tax statutory computation) are NOT integrated into the settlement at all beyond gratuity/leave/notice's own internal taxable/non-taxable split - no reference from YearEndTaxService or StatutoryPayrollService to FinalSettlement exists,Implemented,,n/a,YearEndTaxService.cs / StatutoryPayrollService.cs (absence),n/a,n/a,1,SEP-STL-008,0,,,
09-separation,Settlement Handoff,F-SEP-249,"Recalculation is additive/incremental, not a full rebuild - existing lines are never cleared; new loan/reimbursement/variable-pay/adjustment lines are only added if no line with the same SourceType+SourceId already exists",Implemented,,POST /api/payroll/final-settlements/{id}/calculate (repeated),PayrollRetroSettlementService.CalculateSettlementAsync,Payroll.FinalSettlementCalculate,FinalSettlementLines,1,SEP-STL-009,0,,,
09-separation,Settlement Handoff,F-SEP-250,Re-running SeparationBenefitsService's gratuity calculation for the SAME FinalSettlementId is a no-op - editing the gratuity policy after first calculation does NOT retroactively update an already-calculated settlement,Implemented,,POST /api/payroll/separation-benefits/{employeeId}/calculate (repeated),SeparationBenefitsService.CalculateCoreAsync,Payroll.SeparationBenefits.Calculate,GratuityCalculations,1,SEP-STL-010,0,,,
09-separation,Settlement Handoff,F-SEP-251,Zero settlement (NetSettlement==0) passes every guard with no special-case handling,Implemented,,POST /api/payroll/final-settlements/{id}/finalize (NetSettlement=0),PayrollRetroSettlementService.cs,Payroll.FinalSettlementFinalize,FinalSettlementCases,1,SEP-STL-011,0,,,
09-separation,Settlement Handoff,F-SEP-252,Negative NetSettlement is blocked ONLY at Finalize ('Negative final settlement cannot be finalized') - it can be Calculated and even Approved while negative,Implemented,,"POST /api/payroll/final-settlements/{id}/approve, /finalize",PayrollRetroSettlementService.cs,Payroll.FinalSettlementApprove / Finalize,FinalSettlementCases.NetSettlement,1,SEP-STL-011,0,,,
09-separation,Settlement Handoff,F-SEP-253,"Finalize is a true one-way immutability gate - finalized lines cannot be edited, and a second Finalize call on an already-Finalized case fails",Implemented,,POST /api/payroll/final-settlements/{id}/finalize (repeated),PayrollRetroSettlementService.FinalizeSettlementAsync,Payroll.FinalSettlementFinalize,FinalSettlementCases.Status,1,SEP-STL-012,0,,,
09-separation,Settlement Handoff,F-SEP-254,"Settlement status (Status/ReadyForFinalExitClosure) is read via GetStatusAsync, which polls Payroll's FinalSettlementCases table directly through IHrmsDbContext rather than exclusively through IPayrollRetroSettlementService - a layering deviation",Implemented,SettlementDashboardPage,GET /api/separation/{id}/settlement,SeparationSettlementOrchestrationService.GetStatusAsync,Separation.ViewAll,FinalSettlementCases,1,SEP-STL-013,0,,,
09-separation,Settlement Handoff,F-SEP-255,"Payroll never writes back into Separation's own orchestration/event tables - the relationship is entirely poll-based from Separation to Payroll's FinalSettlementCases, with no push notification on finalize",Implemented,,n/a,SeparationSettlementOrchestrationService.cs / PayrollRetroSettlementService.cs,n/a,"SeparationSettlementOrchestrations, FinalSettlementCases",1,SEP-STL-013,0,,,
09-separation,Settlement Handoff,F-SEP-256,There is no Payroll-side GET-final-settlement-by-EmployeeId/SeparationDate endpoint - a Payroll user must obtain PayrollFinalSettlementId from Separation's own Status/Dashboard response,Implemented,,GET /api/separation/{id}/settlement (only discovery path),SeparationSettlementOrchestrationService.GetStatusAsync,Separation.ViewAll,FinalSettlementCases,1,SEP-STL-013,0,,,
09-separation,Settlement Handoff,F-SEP-257,SeparationReasonCategory maps to Payroll's SeparationReason enum explicitly for Resignation/Retirement/Termination/Redundancy/Death/ContractEnd; every other value (Absconding/MutualSeparation/Other/null) silently maps to Other with no error,Implemented,,POST /api/separation/{id}/settlement/initiate,SeparationSettlementOrchestrationService.MapReason,Separation.Manage,FinalSettlementCases.SeparationReason,1,SEP-STL-014,0,,,
09-separation,Settlement Handoff,F-SEP-258,"CaptureSnapshot overwrites on every un-linked Initiate/Retry call - if clearance/notice/LWD facts change between a Failed attempt and a successful Retry, the snapshot reflects the LATEST facts, not the facts at first attempt",Implemented,,"POST /api/separation/{id}/settlement/initiate, /retry",SeparationSettlementOrchestrationService.CaptureSnapshot,Separation.Manage,SeparationSettlementOrchestrations,1,SEP-STL-015,0,,,
09-separation,Settlement State Machine,F-SEP-259,"SeparationSettlementOrchestrationStatus declared order: NotReady, Ready, InitiationPendingApproval, Initiated, Processing, Completed, Failed, Cancelled - only NotReady(default/never-persisted), Initiated, Failed, and Completed are ever actually assigned",Implemented,,n/a (enum),Backend/HRMS.Domain/Enums/SeparationSettlementEnums.cs,n/a,SeparationSettlementOrchestrations.Status,1,SEP-STL-016,0,,,
09-separation,Settlement State Machine,F-SEP-260,"FinalSettlementStatus (Payroll side): Draft, Calculated, Reviewed(dead), Approved, Finalized, Cancelled(orphan - no Cancel endpoint exists anywhere to reach it)",Implemented,,n/a (enum),Backend/HRMS.Domain/Enums/PayrollEnums.cs,n/a,FinalSettlementCases.Status,1,SEP-STL-016,0,,,
09-separation,Settlement State Machine,F-SEP-261,Payroll.FinalSettlementCancel permission is declared and seeded but NO CancelSettlementAsync method/endpoint exists anywhere in the codebase - a genuinely orphan permission,Implemented,,n/a (no route exists),Permissions.cs / SeedData.cs,Payroll.FinalSettlementCancel,n/a,1,SEP-STL-017,0,,,
09-separation,Settlement State Machine,F-SEP-262,No settlement reversal/reopen endpoint exists on EITHER the Separation or Payroll side once a settlement is Approved/Finalized - post-finalization corrections must go through the separate PayrollRetroCase/PayrollAdjustment mechanism,Implemented,,n/a (absence),SeparationSettlementController.cs / PayrollOutputsController.cs,n/a,n/a,1,SEP-STL-018,0,,,
09-separation,Settlement State Machine,F-SEP-263,"GET /api/separation/{id}/settlement (Separation.ViewAll, a read-permission) can SILENTLY WRITE to the DB - self-heals orchestration Status to Completed and inserts an event row on first observation of Payroll finalization",Implemented,,GET /api/separation/{id}/settlement,SeparationSettlementOrchestrationService.GetStatusAsync,Separation.ViewAll,SeparationSettlementOrchestrations.Status,1,SEP-STL-019,0,,,
09-separation,Settlement State Machine,F-SEP-264,"Two independent, non-reconciled notice-fact tracks feed different consumers: Separation's own readiness gate reads EmployeeSeparation.NoticePeriodDays/NoticeServedDays/NoticeShortfallDays, while Payroll's actual notice-pay/recovery MONEY calculation reads a different table entirely, EmployeeEmployments.NoticePeriod/NoticeStartDate/NoticeEndDate",Implemented,,GET /api/separation/{id}/notice + POST /api/payroll/separation-benefits/{employeeId}/calculate,SeparationService.GetNoticeAsync vs SeparationBenefitsService.CalculateNoticeAsync,Separation.ViewHistory / Payroll.SeparationBenefits.Calculate,EmployeeSeparations vs EmployeeEmployments,1,SEP-STL-020,0,,,
09-separation,Settlement State Machine,F-SEP-265,"Settlement dashboard - server-paged, filterable by orchestration status/employee/LWD range",Implemented,SettlementDashboardPage,GET /api/separation/settlement/dashboard,SeparationSettlementOrchestrationService.GetDashboardAsync,Separation.ViewAll,SeparationSettlementOrchestrations,1,SEP-STL-021,0,,,
09-separation,Settlement State Machine,F-SEP-266,Settlement event history (readiness-evaluated event type is declared but never raised - only initiation/link/failed/retry/completed events are actually recorded),Implemented,,GET /api/separation/{id}/settlement/history,SeparationSettlementOrchestrationService.GetHistoryAsync,Separation.ViewHistory,SeparationSettlementEvents,1,SEP-STL-022,0,,,
09-separation,Settlement State Machine,F-SEP-267,"Concurrent Initiate-vs-Initiate, Retry-vs-Retry races each resolve to exactly one surviving orchestration/FinalSettlementCase pair",Implemented,,"POST /api/separation/{id}/settlement/initiate, /retry (concurrent)",SeparationSettlementOrchestrationService.cs,Separation.Manage,SeparationSettlementOrchestrations.ConcurrencyVersion,1,SEP-STL-023,0,,,
09-separation,Settlement State Machine,F-SEP-268,Settlement completion (self-heal to Completed) racing an LWD revision confirms a Finalized settlement blocks further approved-LWD edits (the LWD revision fails once settlement is Finalized),Implemented,,GET /api/separation/{id}/settlement + POST /revise-approved-lwd (concurrent),SeparationSettlementOrchestrationService.GetStatusAsync vs SeparationService.ReviseApprovedLwdAsync,Separation.ViewAll / ReviseApprovedLastWorkingDate,"EmployeeSeparations, FinalSettlementCases",1,SEP-STL-024,0,,,
09-separation,Settlement State Machine,F-SEP-269,A pre-commit failure at Initiate/payroll-link/completion-sync rolls back cleanly (or leaves the state safely retryable) with no duplicate Payroll case created on retry,Implemented,,POST /api/separation/{id}/settlement/initiate (failure-injected),SeparationSettlementOrchestrationService.cs,Separation.Manage,"SeparationSettlementOrchestrations, FinalSettlementCases",1,SEP-STL-025,0,,,
09-separation,Authorization Scope,F-SEP-270,Full inventory of Separation.* permission constants (ViewSelf/ViewTeam/ViewAll/CreateSelf/Initiate/Submit/Withdraw/Review/Manage/ViewHistory/ManagerReview/HrReview/ReviseLastWorkingDate/Approve/Reject/NoticeManage/NoticeWaive/ReviseApprovedLastWorkingDate) plus the Clearance.* and Payroll.SeparationBenefits.* families,Implemented,,n/a,Backend/HRMS.Domain/Authorization/Permissions.cs:318-394,n/a,n/a,1,SEP-SCP-001,0,,,
09-separation,Authorization Scope,F-SEP-271,"Separation.Approve, Separation.Review, and Separation.NoticeManage are declared and seeded to multiple roles (SuperAdmin/TenantAdmin/HRAdmin/HRManager/HRBP) but checked by ZERO controller [HasPermission] attributes anywhere - dead permissions",Implemented,,n/a (never gates an endpoint),SeparationController.cs (full grep of [HasPermission]),Separation.Approve / Review / NoticeManage,n/a,1,SEP-SCP-002,0,,,
09-separation,Authorization Scope,F-SEP-272,"HRManager lacks Separation.ViewAll - cannot call GET /api/separation (list-all) or GET /{id}, must use inbox/team views instead",Implemented,,"GET /api/separation, /{id} (as HRManager)",SeedData.cs RolePermissionMap,Separation.ViewAll,n/a,1,SEP-SCP-003,0,,,
09-separation,Authorization Scope,F-SEP-273,"Employee role holds ViewSelf/CreateSelf/Submit/Withdraw/ViewHistory only - correctly scoped to self-service, no team/all/review permission",Implemented,,n/a,SeedData.cs RolePermissionMap,n/a,n/a,1,SEP-SCP-004,0,,,
09-separation,Authorization Scope,F-SEP-274,"Manager role holds ViewSelf/ViewTeam/Review/ViewHistory/ManagerReview/Reject - no Submit/CreateSelf/Withdraw, and no way to self-initiate a report's separation",Implemented,,n/a,SeedData.cs RolePermissionMap,n/a,n/a,1,SEP-SCP-005,0,,,
09-separation,Authorization Scope,F-SEP-275,HRBP holds ViewAll/HrReview/ReviseLastWorkingDate/Reject/ViewHistory/NoticeManage/NoticeWaive/ReviseApprovedLastWorkingDate but NO Initiate/Submit/CreateSelf - can process cases but never create one,Implemented,,n/a,SeedData.cs RolePermissionMap,n/a,n/a,1,SEP-SCP-006,0,,,
09-separation,Authorization Scope,F-SEP-276,"SuperHR holds ZERO Separation-family or Payroll.SeparationBenefits.* permissions natively in the seeded matrix, despite the role name implying broad HR authority - mirrors Module 8's CR-113 pattern",Implemented,,n/a,SeedData.cs RolePermissionMap,n/a,n/a,1,SEP-SCP-007,0,,,
09-separation,Authorization Scope,F-SEP-277,"IT, Accounts, ERO, TimeManager hold zero Separation-family permission whatsoever in the seeded matrix",Implemented,,n/a,SeedData.cs RolePermissionMap,n/a,n/a,1,SEP-SCP-007,0,,,
09-separation,Authorization Scope,F-SEP-278,A caller who IS the effective manager but holds zero Separation permissions is still denied - relationship alone never substitutes for permission,Implemented,,POST /api/separation/{id}/manager-approve,SeparationController.cs [HasPermission],Separation.ManagerReview,n/a,2,"SEP-APPR-018, SEP-SCP-008",0,,,
09-separation,Authorization Scope,F-SEP-279,"SeparationService reuses NEITHER RoleScopeResolver, EmployeeAccessScopeService, LeaveAuthorizationService, NOR AttendanceAuthorizationService anywhere - it is an independent, 6th-or-later scope mechanism",Implemented,,n/a,SeparationService.cs (absence of those service references),n/a,n/a,1,SEP-SCP-009,0,,,
09-separation,Authorization Scope,F-SEP-280,"ClearanceService.GetInboxAsync uses a raw SQL join against the legacy Employee.ReportingManagerId column - a THIRD, different manager-resolution mechanism from SeparationService's own IEmployeeManagerResolver-based GetTeamAsync, disagreeing internally within the same module",Implemented,,GET /api/separation/clearance/inbox/manager vs /api/separation/team,ClearanceService.GetInboxAsync vs SeparationService.GetTeamAsync,Separation.Clearance.ViewTeam / ViewTeam,Employees.ReportingManagerId vs EmployeeEmploymentHistory,1,SEP-SCP-009,0,,,
09-separation,Authorization Scope,F-SEP-281,"ViewAll-holders (HRAdmin, HRManager, HRBP, SuperAdmin/TenantAdmin) get a flat tenant-wide Where(TenantId==x) with no further scope narrowing once ViewAll/HrReview is held - by design",Implemented,,"GET /api/separation, /inbox/hr",SeparationService.GetAllAsync / GetHrInboxAsync,Separation.ViewAll / HrReview,EmployeeSeparations,1,SEP-SCP-010,0,,,
09-separation,Authorization Scope,F-SEP-282,"Exit-interview template configuration is gated by Separation.ClearanceConfigure - a permission whose name has nothing to do with exit interviews, confirmed intentional by an existing passing test",Implemented,,POST /api/separation/exit-interview/templates,ExitInterviewService.CreateTemplateAsync,Separation.Clearance.Configure,n/a,1,SEP-SCP-011,0,,,
09-separation,Authorization Scope,F-SEP-283,"No dedicated Settlement/Document/ExitClosure permission family exists at all - settlement initiate/retry, document generate/approve/issue/supersede/cancel, and exit execute/retry are ALL gated by the single general-purpose Separation.Manage, with no way to grant one capability without the others",Implemented,,"POST /api/separation/{id}/settlement/initiate, /documents/for/{id}/generate, /exit/{id}/execute",SeparationSettlementController.cs / SeparationDocumentController.cs / SeparationExitController.cs,Separation.Manage,n/a,1,SEP-SCP-012,0,,,
09-separation,PageAccess Escalation,F-SEP-284,"PageAccessService.UpdateAsync validates a requested permission ONLY against Permissions.All membership - every Separation.*, Separation.Clearance.*, and Payroll.SeparationBenefits.* permission is an ordinary member with no carve-out",Implemented,,PUT /api/page-access/roles/{roleId},PageAccessService.UpdateAsync,PageAccess.Manage,RolePermissions,1,SEP-ESC-001,0,,,
09-separation,PageAccess Escalation,F-SEP-285,"SuperHR (holding PageAccess.Manage but zero native Separation permissions per F-SEP-276) can self-grant Separation.Manage, every Clearance permission, and all six Payroll.SeparationBenefits.* permissions in one PUT call, then immediately drive the entire separation lifecycle end-to-end",Implemented,,PUT /api/page-access/roles/{roleId} then POST /api/separation/*,PageAccessService.UpdateAsync,PageAccess.Manage,RolePermissions,1,SEP-ESC-002,0,,,
09-separation,PageAccess Escalation,F-SEP-286,"HRAdmin can additionally self-grant the two dead permissions Separation.Approve/NoticeManage via the same path - which accomplishes nothing functionally, since no endpoint checks them (F-SEP-271)",Implemented,,PUT /api/page-access/roles/{roleId},PageAccessService.UpdateAsync,PageAccess.Manage,RolePermissions,1,SEP-ESC-003,0,,,
09-separation,PageAccess Escalation,F-SEP-287,"The self-escalation grant IS fully audited (AuthorizationConfigurationEvents records actor/reason) - traceable after the fact, but nothing prevents or flags it at write time",Implemented,,PUT /api/page-access/roles/{roleId},PageAccessService.UpdateAsync,PageAccess.Manage,AuthorizationConfigurationEvents,1,SEP-ESC-004,0,,,
09-separation,Tenant Isolation,F-SEP-288,"Cross-tenant separation-case id lookup returns NotFound, not Forbidden, for GET/history/action endpoints",Implemented,,"GET /api/separation/{tenantAId}, /history (as Tenant B)",SeparationService.GetAsync / GetHistoryAsync,Separation.ViewAll / ViewHistory,EmployeeSeparations (TenantId filter),1,SEP-TEN-001,0,,,
09-separation,Tenant Isolation,F-SEP-289,"Cross-tenant mutation attempts (manager-approve/reject, hr-approve/reject, withdraw) on a foreign-tenant case id have zero side effects and return NotFound",Implemented,,POST /api/separation/{tenantAId}/manager-approve (as Tenant B),SeparationService.LoadForActionAsync,varies,EmployeeSeparations (TenantId filter),1,SEP-TEN-002,0,,,
09-separation,Tenant Isolation,F-SEP-290,Cross-tenant clearance/benefits/exit-interview/document/settlement id lookups all return NotFound/Forbidden with zero data leakage or side effect,Implemented,,"GET /api/separation/clearance/{tenantAId} (as Tenant B), etc.",ClearanceService.cs / SeparationBenefitsService.cs / ExitInterviewService.cs / SeparationDocumentService.cs / SeparationSettlementOrchestrationService.cs,varies,TenantId filter on every query,1,SEP-TEN-003,0,,,
09-separation,Tenant Isolation,F-SEP-291,Gratuity policy number sequences are isolated per tenant - two different tenants both independently allocate document/gratuity numbers starting at 1,Implemented,,POST /api/separation/documents/for/{id}/generate (Tenant A and Tenant B),SeparationDocumentService.GenerateAsync,Separation.Manage,SeparationDocumentNumberSequences,1,SEP-TEN-004,0,,,
09-separation,Tenant Isolation,F-SEP-292,A foreign tenant's SeparationExitExecutions/settlement/clearance rows remain completely empty/untouched after executing a Tenant A exit/settlement/clearance action,Implemented,,"POST /api/separation/exit/{id}/execute (Tenant A), then query as Tenant B",SeparationExitService.cs,Separation.Manage,SeparationExitExecutions (TenantId filter),1,SEP-TEN-005,0,,,
09-separation,Tenant Isolation,F-SEP-293,"HR-initiated creation for a cross-tenant employeeId is denied at the Employees.TenantId existence check, not merely at a later authorization layer",Implemented,,POST /api/separation/employees/{crossTenantEmployeeId},SeparationService.CreateForEmployeeAsync,Separation.Initiate,Employees (TenantId filter),1,SEP-TEN-006,0,,,
09-separation,Audit History,F-SEP-294,"EmployeeSeparationEventType full audit trail is append-only, immutable, with actor/timestamp/from-status/to-status/reason/comment per event",Implemented,,GET /api/separation/{id}/history,SeparationService.GetHistoryAsync,Separation.ViewHistory,EmployeeSeparationEvents,1,SEP-AUD-001,0,,,
09-separation,Audit History,F-SEP-295,LWD-change and notice-waiver events record old/new values in the Comment/Reason fields ('{old} -> {new}'),Implemented,,GET /api/separation/{id}/history,SeparationService.ReviseLwdAsync / ApplyNoticeWaiverAsync,Separation.ViewHistory,EmployeeSeparationEvents,1,SEP-AUD-002,0,,,
09-separation,Audit History,F-SEP-296,Clearance history (Started/TaskCleared/TaskBlocked/TaskWaived/AssetReturned/Completed/Reopened) is append-only and reopen preserves prior events rather than erasing them,Implemented,,GET /api/separation/clearance/{id} (Events collection),ClearanceService.cs,Separation.Clearance.ViewAll,SeparationClearanceEvents,1,SEP-AUD-003,0,,,
09-separation,Audit History,F-SEP-297,"Exit-interview event history and document event history are each append-only, immutable, tenant-scoped",Implemented,,GET .../for/{id} (Events),ExitInterviewService.cs / SeparationDocumentService.cs,Separation.HrReview / ViewHistory,"SeparationExitInterviewEvents, SeparationDocumentEvents",1,SEP-AUD-004,0,,,
09-separation,Audit History,F-SEP-298,Settlement event history records initiation/link/failed/retry/completed events - the declared SettlementReadinessEvaluated and FinalSettlementProcessing/ReadyForFinalExitClosure event types are never actually raised,Implemented,,GET /api/separation/{id}/settlement/history,SeparationSettlementOrchestrationService.GetHistoryAsync,Separation.ViewHistory,SeparationSettlementEvents,1,SEP-AUD-005,0,,,
09-separation,Audit History,F-SEP-299,"Exit execution's own audit trail (SeparationClosed event, checkpoint markers) survives repeated Execute/Retry calls with no duplication - exactly one SeparationClosed event no matter how many times Execute is called afterward",Implemented,,GET /api/separation/exit/dashboard (event count assertion),SeparationExitService.cs,Separation.ViewAll,SeparationExitExecutions,1,SEP-AUD-006,0,,,
09-separation,Reports Queues,F-SEP-300,Manager and HR separation-approval inboxes (pending queues),Implemented,SeparationInboxPage (manager and hr modes),"GET /api/separation/inbox/manager, /inbox/hr",SeparationService.GetManagerInboxAsync / GetHrInboxAsync,Separation.ManagerReview / HrReview,EmployeeSeparations,1,SEP-RPT-001,0,,,
09-separation,Reports Queues,F-SEP-301,Upcoming exits / notice-serving employees are surfaced only implicitly through the Exit-readiness/Settlement/Clearance dashboards' LWD columns - there is no dedicated 'notice-serving employees' report endpoint,Implemented,"SeparationExitClosurePage, SettlementDashboardPage","GET /api/separation/exit/dashboard, /settlement/dashboard",SeparationExitService.GetDashboardAsync / SeparationSettlementOrchestrationService.GetDashboardAsync,Separation.ViewAll,EmployeeSeparations,1,SEP-RPT-002,0,,,
09-separation,Reports Queues,F-SEP-302,"Clearance pending queues (manager, functional/department, HR-wide dashboard)",Implemented,ClearanceOperationsPage (manager/functional/hr modes),"GET /api/separation/clearance/inbox/manager, /inbox, /hr-dashboard",ClearanceService.GetManagerInboxAsync / GetFunctionalInboxAsync / GetHrDashboardAsync,Separation.Clearance.ViewTeam / ViewAll,SeparationClearanceTasks,1,SEP-RPT-003,0,,,
09-separation,Reports Queues,F-SEP-303,Settlement pending queue (dashboard filterable by status/employee/LWD range),Implemented,SettlementDashboardPage,GET /api/separation/settlement/dashboard,SeparationSettlementOrchestrationService.GetDashboardAsync,Separation.ViewAll,SeparationSettlementOrchestrations,1,SEP-RPT-004,0,,,
09-separation,Reports Queues,F-SEP-304,"Completed-exit queue/dashboard (server-paged, isReady/blockerCount columns)",Implemented,SeparationExitClosurePage,GET /api/separation/exit/dashboard,SeparationExitService.GetDashboardAsync,Separation.ViewAll,SeparationExitExecutions,1,SEP-RPT-005,0,,,
09-separation,Reports Queues,F-SEP-305,Exit-interview HR inbox is filterable by status/employee and server-paged,Implemented,ExitInterviewHrInboxPage,GET /api/separation/exit-interview/inbox,ExitInterviewService.GetInboxAsync,Separation.HrReview,SeparationExitInterviews,1,SEP-RPT-006,0,,,
09-separation,Reports Queues,F-SEP-306,Document generation HR dashboard is filterable by type/status/date and server-paged; separation-benefits register is server-paged,Implemented,"SeparationDocumentsPage, SeparationBenefitsPage","GET /api/separation/documents/dashboard, /api/payroll/separation-benefits/register",SeparationDocumentService.GetDashboardAsync / SeparationBenefitsService.GetRegisterAsync,Separation.ViewAll / Payroll.SeparationBenefits.View,"SeparationGeneratedDocuments, GratuityCalculations",1,SEP-RPT-007,0,,,
09-separation,Reports Queues,F-SEP-307,Authorization/filtering is applied server-side BEFORE paging on every dashboard/inbox/register listed above - confirmed by large-data tests seeding 1000+ rows and asserting correct page slices/totals with no leakage across tenants,Implemented,,"all dashboard/inbox/register endpoints, page 2+",SeparationService.cs / ClearanceService.cs / SeparationSettlementOrchestrationService.cs / SeparationExitService.cs / ExitInterviewService.cs / SeparationDocumentService.cs / SeparationBenefitsService.cs,varies,TenantId filter applied inside the paged query,1,SEP-RPT-008,0,,,
09-separation,Reports Queues,F-SEP-308,No export (CSV/Excel) capability was found on any Separation-family dashboard/inbox/register endpoint,Implemented,,n/a (absence),n/a,n/a,n/a,1,SEP-RPT-009,0,,,
09-separation,Provider Parity,F-SEP-309,"SQL Server / MySQL provider-acceptance coverage exists per feature area (Foundation/Approval/Notice/Clearance/Benefits/ExitInterview/Document/Exit/Settlement) - each skips silently when its env var is absent, per CLAUDE.md's documented convention",Implemented,,n/a (test-only),SeparationFoundationProviderAcceptance.cs and 8 sibling *ProviderAcceptance.cs files,n/a,n/a,1,SEP-PRV-001,0,,,
09-separation,Provider Parity,F-SEP-310,"Most provider-acceptance classes are schema/connectivity smoke tests only (assert entity types registered, table empty on fresh migration) - only Foundation, Approval, and the Payroll-Separation-Benefits pair actually run a full business-flow twice against a real throwaway database",Implemented,,n/a (test-only),"SeparationClearanceProviderAcceptance.cs, SeparationSettlementProviderAcceptance.cs, etc.",n/a,n/a,1,SEP-PRV-001,0,,,
09-separation,Provider Parity,F-SEP-311,"MySQL lock semantics (SELECT ... FOR UPDATE) vs SQL Server (UPDLOCK, HOLDLOCK) and app-managed binary(16) concurrency tokens (MySQL) vs native rowversion (SQL Server) apply uniformly across every Separation-family entity's ConcurrencyVersion/optimistic-concurrency field, per CLAUDE.md's documented provider divergence",Implemented,,n/a,Backend/HRMS.Infrastructure/Persistence (EF concurrency-token configuration),n/a,"EmployeeSeparations, SeparationClearances, SeparationClearanceTasks, SeparationAssetReturns, SeparationExitInterviews, SeparationGeneratedDocuments, SeparationSettlementOrchestrations",1,SEP-PRV-002,0,,,
09-separation,Provider Parity,F-SEP-312,"The one-active-case-per-employee uniqueness constraint (ActiveEmployeeKey) relies on provider-native nullable-unique-index semantics that must be independently verified on real SQL Server and MySQL, not assumed from SQLite's in-memory provider",Implemented,,"POST /api/separation/me (concurrent, real provider)",SeparationFoundationProviderAcceptance.cs,Separation.CreateSelf,EmployeeSeparations (ActiveEmployeeKey),1,SEP-PRV-003,0,,,
09-separation,Provider Parity,F-SEP-313,"Document number sequence allocation (per tenant/type/year) must be verified race-free on a real provider, not only SQLite's in-memory/file-backed test doubles",Implemented,,"POST /api/separation/documents/for/{id}/generate (concurrent, real provider)",SeparationDocumentProviderAcceptance.cs,Separation.Manage,SeparationDocumentNumberSequences,1,SEP-PRV-004,0,,,
09-separation,Provider Parity,F-SEP-314,"Gratuity/leave-encashment calculation idempotency (single snapshot per FinalSettlementId under concurrent calculate calls) must be verified on both MySQL and SQL Server, per PayrollSeparationBenefitsProviderAcceptance's twice-repeated run pattern",Implemented,,"POST /api/payroll/separation-benefits/{employeeId}/calculate (real provider, twice)",MySqlPayrollSeparationBenefitsIntegrationTests / SqlServerPayrollSeparationBenefitsIntegrationTests,Payroll.SeparationBenefits.Calculate,GratuityCalculations,1,SEP-PRV-005,0,,,
09-separation,Large Data,F-SEP-315,Clearance functional/HR dashboards remain correctly paged and authorization-filtered at 1000 clearance cases / 5000 tasks,Implemented,,"GET /api/separation/clearance/inbox, /hr-dashboard (1000+ rows)",SeparationClearanceLargeDataTests.cs,Separation.Clearance.ViewAll,"SeparationClearances, SeparationClearanceTasks",1,SEP-LGD-001,0,,,
09-separation,Large Data,F-SEP-316,Separation-benefits calculations remain correct and tenant-scoped at 100 concurrent employee settlements,Implemented,,POST /api/payroll/separation-benefits/{employeeId}/calculate (100 employees),SeparationBenefitsLargeDataTests.cs,Payroll.SeparationBenefits.Calculate,GratuityCalculations,1,SEP-LGD-002,0,,,
09-separation,Large Data,F-SEP-317,"Exit-interview inbox/analytics remain correctly paged and aggregated at 1000 interviews / 10000 responses, under a 2-minute perf ceiling",Implemented,,"GET /api/separation/exit-interview/inbox, /analytics (1000+ rows)",SeparationExitInterviewLargeDataTests.cs,Separation.HrReview,SeparationExitInterviews,1,SEP-LGD-003,0,,,
09-separation,Large Data,F-SEP-318,Document dashboard/employee-lookup remain correct and correctly paged at 2000 raw document metadata rows across 1000 separations,Implemented,,GET /api/separation/documents/dashboard (2000+ rows),SeparationDocumentLargeDataTests.cs,Separation.ViewAll,SeparationGeneratedDocuments,1,SEP-LGD-004,0,,,
09-separation,Large Data,F-SEP-319,Settlement dashboard pages 1000 orchestration projections server-side under a 30-second perf ceiling with correct TotalCount/page-slice math,Implemented,,GET /api/separation/settlement/dashboard (1000 rows),SeparationSettlementLargeDataTests.cs,Separation.ViewAll,SeparationSettlementOrchestrations,1,SEP-LGD-005,0,,,
09-separation,Large Data,F-SEP-320,"Exit dashboard and 100 REAL end-to-end exit executions (not just seeded rows) scale correctly across 1000 total separations, with exact counts (100 Closed, 100 Terminated employees, 100 deactivated Users, 100 Terminated employment-history rows) - no leakage into the other 900 untouched separations",Implemented,,GET /api/separation/exit/dashboard + POST /{id}/execute x100 (of 1000 seeded),SeparationExitLargeDataTests.cs,Separation.ViewAll / Manage,"SeparationExitExecutions, Employees, Users",1,SEP-LGD-006,0,,,
09-separation,Frontend,F-SEP-321,16 Separation-family pages plus 2 Payroll-hosted Separation-Benefits pages exist; only MySeparationPage performs any client-side permission check - the other 15 rely solely on the page-level RequirePermission route guard,Implemented,all Separation-family pages,n/a,"src/pages/separation/*.tsx, src/pages/payroll/SeparationBenefitsPage.tsx",varies,n/a,1,SEP-FE-001,0,,,
09-separation,Frontend,F-SEP-322,"MySeparationPage self-service resignation form - create/submit/withdraw, notice card, clearance-progress card, history timeline",Implemented,MySeparationPage,"listSeparationReasons, getMySeparation, getSeparationNotice, getSeparationClearance, getSeparationHistory, createMySeparation, submitSeparation, withdrawSeparation",,Separation.ViewSelf + RequireEmployeeIdentity,n/a,1,SEP-FE-002,0,,,
09-separation,Frontend,F-SEP-323,"MySeparationPage's create-request form renders on ANY current.error truthiness (network failure, 500, auth hiccup), not on a specific 'no active separation' condition - a user could be misled into thinking they have no active case",Implemented,MySeparationPage,getMySeparation (forced error),,Separation.ViewSelf,n/a,1,SEP-FE-003,0,,,
09-separation,Frontend,F-SEP-324,"SeparationInboxPage (manager and hr modes) - approve/reject/revise-LWD via window.prompt(); no in-component permission gating, no loading/empty state, and NO pagination at all despite every other Separation dashboard being server-paged",Implemented,SeparationInboxPage,"getManagerSeparationInbox, getHrSeparationInbox, managerApproveSeparation, managerRejectSeparation, hrApproveSeparation, hrRejectSeparation, reviseSeparationLwd",,Separation.ManagerReview / HrReview,n/a,1,SEP-FE-004,0,,,
09-separation,Frontend,F-SEP-325,SeparationInboxPage has ZERO automated (Vitest) test coverage of any kind - the core manager/HR approval workflow UI is untested,Implemented,SeparationInboxPage,n/a,,n/a,n/a,1,SEP-FE-005,0,,,
09-separation,Frontend,F-SEP-326,ClearanceOperationsPage (manager/functional/hr modes) - PageHeader text claims 'permission-gated' but performs ZERO client-side permission checks; NO error rendering at all on fetch failure (silently-empty table),Implemented,ClearanceOperationsPage,"getManagerClearanceInbox, getFunctionalClearanceInbox, getHrClearanceDashboard, clearClearanceTask, blockClearanceTask, updateClearanceAssetReturn",,Separation.Clearance.ViewTeam / ViewAll,n/a,1,SEP-FE-006,0,,,
09-separation,Frontend,F-SEP-327,"No client function or UI exists anywhere for waiving a clearance task, or for completing/reopening the WHOLE clearance (as opposed to per-task clear) - these backend endpoints are API-only, not manually testable through the UI",Implemented,n/a (absence),"POST /api/separation/clearance/tasks/{id}/waive, /{id}/complete, /{id}/reopen",,Separation.Clearance.Waive / Complete / Reopen,n/a,1,SEP-FE-007,0,,,
09-separation,Frontend,F-SEP-328,"SettlementDashboardPage - initiate/retry per row; blocker DETAIL (as opposed to a bare blockerCount number) is never shown anywhere, since the dedicated readiness endpoint is a dead export",Implemented,SettlementDashboardPage,"getSettlementDashboard, initiateSettlement, retrySettlement (getSettlementReadiness/getSettlementStatus dead)",,Separation.ViewAll / Manage,n/a,1,SEP-FE-008,0,,,
09-separation,Frontend,F-SEP-329,SeparationExitClosurePage - execute/retry via window.confirm(); same blocker-detail-not-shown gap as Settlement (getSeparationExitReadiness is a dead export),Implemented,SeparationExitClosurePage,"getSeparationExitDashboard, executeSeparationExit, retrySeparationExit",,Separation.ViewAll / Manage,n/a,1,SEP-FE-009,0,,,
09-separation,Frontend,F-SEP-330,"SeparationDocumentsPage - template create/version, generate/approve/issue/download all on one screen; imported publish/preview handlers are wired to nothing (void publish; void preview) matching Attendance's dead-handler pattern",Implemented,SeparationDocumentsPage,"getSeparationDocumentTemplates, createSeparationDocumentTemplate, addSeparationDocumentTemplateVersion, generateSeparationDocument, getSeparationDocumentDashboard, approveSeparationDocument, issueSeparationDocument, downloadSeparationDocument",,Separation.ViewAll / Manage,n/a,1,SEP-FE-010,0,,,
09-separation,Frontend,F-SEP-331,SeparationDocumentsPage hardcodes expectedConcurrencyVersion=1 for both Approve and Issue actions - a real bug if the document's actual server-side version has advanced past 1 for any reason,Implemented,SeparationDocumentsPage,"approveSeparationDocument(id, 1), issueSeparationDocument(id, 1)",,Separation.Manage,n/a,1,SEP-FE-011,0,,,
09-separation,Frontend,F-SEP-332,SeparationDocumentsPage has ZERO automated test coverage - document generate/approve/issue lifecycle UI (including the hardcoded-concurrency-version bug) is entirely unverified by any Vitest file,Implemented,SeparationDocumentsPage,n/a,,n/a,n/a,1,SEP-FE-012,0,,,
09-separation,Frontend,F-SEP-333,No client function exists at all for POST /api/separation/documents/{id}/cancel; supersedeSeparationDocument is exported but never called by any page - document cancellation/supersession are API-only,Implemented,n/a (absence),"POST /api/separation/documents/{id}/cancel, /supersede",,Separation.Manage,n/a,1,SEP-FE-010,0,,,
09-separation,Frontend,F-SEP-334,"SeparationDocumentTemplateConfigurationPage - correctly threads the real concurrencyVersion on Publish (contrast with the hardcoded-1 bug elsewhere); requiresApproval is hardcoded true on create with NO checkbox to toggle it, so a no-approval-required template can never be created from this UI",Implemented,SeparationDocumentTemplateConfigurationPage,"createSeparationDocumentTemplate, addSeparationDocumentTemplateVersion, publishSeparationDocumentTemplateVersion, previewSeparationDocumentTemplateVersion",,Separation.Manage,n/a,1,SEP-FE-013,0,,,
09-separation,Frontend,F-SEP-335,"MySeparationDocumentsPage - manual separation-ID entry, download hidden only for Cancelled status, no loading/empty-state text",Implemented,MySeparationDocumentsPage,"getMySeparationDocuments, downloadSeparationDocument(id, true)",,Separation.ViewSelf + RequireEmployeeIdentity,n/a,1,SEP-FE-014,0,,,
09-separation,Frontend,F-SEP-336,ExitInterviewConfigurationPage - template creation always seeds exactly one hardcoded Q1 question inline; no separate 'add more questions to a draft' UI is discoverable,Implemented,ExitInterviewConfigurationPage,"getExitInterviewTemplates, createExitInterviewTemplate, createExitInterviewVersion, publishExitInterviewVersion",,Separation.Clearance.Configure,n/a,1,SEP-FE-015,0,,,
09-separation,Frontend,F-SEP-337,"ExitInterviewHrInboxPage - correctly server-paged (25/page), status filter dropdown",Implemented,ExitInterviewHrInboxPage,getExitInterviewInbox,,Separation.HrReview,n/a,1,SEP-FE-016,0,,,
09-separation,Frontend,F-SEP-338,ExitInterviewHrDetailPage - 'Complete interview' has NO state guard preventing it before 'Start HR interview'; employee responses render via raw JSON.stringify rather than a formatted view; confidential notes and rehire-recommendation controls render correctly gated server-side,Implemented,ExitInterviewHrDetailPage,"getHrExitInterview, startHrExitInterview, addExitInterviewHrNote, completeHrExitInterview, reopenHrExitInterview",,Separation.HrReview / Manage (reopen),n/a,1,SEP-FE-017,0,,,
09-separation,Frontend,F-SEP-339,SeparationBenefitsPage (payroll) / MySeparationBenefitsPage - no in-component permission gating beyond route-level payroll.separationBenefitsView; policy version form hardcodes formulaType='FixedAmount' and status='Published' with no draft/review step in this UI,Implemented,"SeparationBenefitsPage, MySeparationBenefitsPage","listGratuityPolicies, createGratuityPolicy, addGratuityPolicyVersion, listSeparationBenefitRegister, getSeparationBenefits, getSeparationBenefitHistory, getMySeparationBenefits, getMySeparationBenefitHistory",,Payroll.SeparationBenefits.View,n/a,1,SEP-FE-018,0,,,
09-separation,Frontend,F-SEP-340,"Backend endpoints for notice waiver and post-approval LWD revision have no corresponding client function called by any page - both are API-only, not manually testable through the UI",Implemented,n/a (absence),"POST /api/separation/{id}/notice/waive, /revise-approved-lwd",,Separation.NoticeWaive / ReviseApprovedLastWorkingDate,n/a,1,SEP-FE-019,0,,,
09-separation,Frontend,F-SEP-341,"13 of 17 Separation-family routes have no navigation entry in src/layout/navigation.ts - reachable only by typing the URL, though each still enforces its route-level permission guard on direct navigation",Implemented,App.tsx routes vs src/layout/navigation.ts,n/a,,varies,n/a,1,SEP-FE-020,0,,,
09-separation,Frontend,F-SEP-342,"The 4 nav-linked routes are My Separation/Resignation, Separation Manager Inbox, Separation HR Inbox, and Separation Exit Closure - all 4 correctly resolve, no orphan nav entries exist",Implemented,src/layout/navigation.ts,n/a,,n/a,n/a,1,SEP-FE-020,0,,,
09-separation,Frontend,F-SEP-343,"useApiQuery's stale-while-revalidate behavior keeps prior rows on screen during a refetch, and silently swallows aborted/canceled requests without populating error - relevant for rapid page/filter-change race conditions across every Separation dashboard",Implemented,all useApiQuery-backed Separation pages,n/a,,n/a,n/a,1,SEP-FE-021,0,,,
